Return_ID,Order_ID,Return_Reason,Refund_Amount,Return_Status
RET-10001,ORD-500002,Size Issue,52547.03,Approved
RET-10002,ORD-500005,Defective Product,120289.84,Approved
RET-10003,ORD-500011,Wrong Item,1350.59,Approved
RET-10004,ORD-500013,Defective Product,48600.22,Approved
RET-10005,ORD-500015,Damaged in Transit,7821.99,Approved
RET-10006,ORD-500017,Defective Product,13996.29,Approved
RET-10007,ORD-500024,Size Issue,96135.04,Approved
RET-10008,ORD-500026,Damaged in Transit,32252.22,Approved
RET-10009,ORD-500032,Size Issue,4888.05,Approved
RET-10010,ORD-500048,Wrong Item,0.0,Rejected
RET-10011,ORD-500054,Customer Dissatisfaction,1025.42,Approved
RET-10012,ORD-500058,Customer Dissatisfaction,2490.04,Pending
RET-10013,ORD-500070,Size Issue,5185.52,Approved
RET-10014,ORD-500073,Late Delivery,12692.51,Pending
RET-10015,ORD-500074,Late Delivery,0.0,Rejected
RET-10016,ORD-500092,Defective Product,17534.37,Approved
RET-10017,ORD-500101,Damaged in Transit,0.0,Rejected
RET-10018,ORD-500107,Damaged in Transit,0.0,Rejected
RET-10019,ORD-500114,Late Delivery,44582.67,Approved
RET-10020,ORD-500123,Damaged in Transit,29196.42,Approved
RET-10021,ORD-500134,Late Delivery,55156.8,Approved
RET-10022,ORD-500137,Defective Product,48789.83,Approved
RET-10023,ORD-500153,Damaged in Transit,17304.83,Approved
RET-10024,ORD-500155,Size Issue,26645.57,Pending
RET-10025,ORD-500156,Late Delivery,13570.44,Approved
RET-10026,ORD-500157,Late Delivery,133618.32,Approved
RET-10027,ORD-500170,Damaged in Transit,0.0,Rejected
RET-10028,ORD-500171,Size Issue,7556.94,Approved
RET-10029,ORD-500176,Size Issue,461.38,Approved
RET-10030,ORD-500194,Customer Dissatisfaction,8397.97,Pending
RET-10031,ORD-500198,Customer Dissatisfaction,7343.59,Approved
RET-10032,ORD-500204,Wrong Item,39759.11,Approved
RET-10033,ORD-500210,Size Issue,14711.59,Approved
RET-10034,ORD-500220,Late Delivery,18995.25,Approved
RET-10035,ORD-500256,Wrong Item,69781.04,Approved
RET-10036,ORD-500267,Defective Product,0.0,Rejected
RET-10037,ORD-500272,Wrong Item,0.0,Rejected
RET-10038,ORD-500291,Size Issue,2835.89,Approved
RET-10039,ORD-500292,Damaged in Transit,4810.43,Approved
RET-10040,ORD-500303,Size Issue,41489.97,Approved
RET-10041,ORD-500322,Damaged in Transit,70693.7,Approved
RET-10042,ORD-500331,Late Delivery,1021.58,Approved
RET-10043,ORD-500333,Defective Product,14256.36,Pending
RET-10044,ORD-500335,Customer Dissatisfaction,5034.14,Approved
RET-10045,ORD-500359,Late Delivery,12595.26,Approved
RET-10046,ORD-500362,Size Issue,17035.49,Approved
RET-10047,ORD-500374,Damaged in Transit,14601.49,Approved
RET-10048,ORD-500374,Size Issue,13555.37,Approved
RET-10049,ORD-500378,Wrong Item,61082.84,Approved
RET-10050,ORD-500383,Wrong Item,25014.1,Approved
RET-10051,ORD-500397,Customer Dissatisfaction,4663.62,Approved
RET-10052,ORD-500398,Defective Product,0.0,Rejected
RET-10053,ORD-500401,Defective Product,827.94,Pending
RET-10054,ORD-500409,Defective Product,12804.09,Approved
RET-10055,ORD-500429,Customer Dissatisfaction,16054.09,Approved
RET-10056,ORD-500430,Wrong Item,97222.59,Approved
RET-10057,ORD-500433,Customer Dissatisfaction,5315.05,Approved
RET-10058,ORD-500440,Wrong Item,11732.84,Pending
RET-10059,ORD-500452,Defective Product,7986.5,Pending
RET-10060,ORD-500453,Wrong Item,29561.02,Pending
RET-10061,ORD-500467,Size Issue,73373.19,Approved
RET-10062,ORD-500473,Defective Product,15610.35,Approved
RET-10063,ORD-500489,Customer Dissatisfaction,3737.04,Approved
RET-10064,ORD-500495,Wrong Item,8899.06,Approved
RET-10065,ORD-500526,Damaged in Transit,4286.6,Approved
RET-10066,ORD-500532,Late Delivery,13080.41,Pending
RET-10067,ORD-500534,Damaged in Transit,134884.71,Approved
RET-10068,ORD-500535,Size Issue,53174.0,Approved
RET-10069,ORD-500543,Defective Product,12816.75,Approved
RET-10070,ORD-500548,Wrong Item,100612.57,Approved
RET-10071,ORD-500565,Damaged in Transit,13525.36,Pending
RET-10072,ORD-500586,Late Delivery,0.0,Rejected
RET-10073,ORD-500597,Customer Dissatisfaction,69605.58,Approved
RET-10074,ORD-500600,Customer Dissatisfaction,7039.11,Approved
RET-10075,ORD-500604,Damaged in Transit,71568.13,Pending
RET-10076,ORD-500607,Wrong Item,7309.04,Pending
RET-10077,ORD-500612,Late Delivery,50532.81,Approved
RET-10078,ORD-500626,Defective Product,67791.1,Pending
RET-10079,ORD-500627,Late Delivery,24280.78,Approved
RET-10080,ORD-500631,Damaged in Transit,22916.49,Approved
RET-10081,ORD-500647,Wrong Item,154072.95,Approved
RET-10082,ORD-500648,Wrong Item,0.0,Rejected
RET-10083,ORD-500661,Defective Product,6320.63,Approved
RET-10084,ORD-500662,Size Issue,59101.8,Approved
RET-10085,ORD-500669,Customer Dissatisfaction,67308.66,Approved
RET-10086,ORD-500675,Defective Product,18476.34,Approved
RET-10087,ORD-500701,Defective Product,47104.4,Approved
RET-10088,ORD-500706,Size Issue,3344.55,Pending
RET-10089,ORD-500708,Size Issue,234863.77,Approved
RET-10090,ORD-500711,Late Delivery,2622.62,Approved
RET-10091,ORD-500717,Customer Dissatisfaction,0.0,Rejected
RET-10092,ORD-500721,Wrong Item,29622.45,Approved
RET-10093,ORD-500722,Customer Dissatisfaction,105082.46,Approved
RET-10094,ORD-500724,Late Delivery,2047.63,Approved
RET-10095,ORD-500725,Defective Product,7751.66,Approved
RET-10096,ORD-500734,Damaged in Transit,501.66,Pending
RET-10097,ORD-500738,Defective Product,4421.58,Approved
RET-10098,ORD-500742,Customer Dissatisfaction,49573.29,Approved
RET-10099,ORD-500747,Defective Product,1220.39,Pending
RET-10100,ORD-500752,Damaged in Transit,170440.37,Approved
RET-10101,ORD-500765,Wrong Item,139245.67,Approved
RET-10102,ORD-500784,Damaged in Transit,68854.14,Approved
RET-10103,ORD-500799,Defective Product,0.0,Rejected
RET-10104,ORD-500800,Customer Dissatisfaction,17604.58,Approved
RET-10105,ORD-500813,Customer Dissatisfaction,7753.25,Pending
RET-10106,ORD-500814,Defective Product,42825.74,Approved
RET-10107,ORD-500836,Defective Product,9971.8,Approved
RET-10108,ORD-500843,Wrong Item,0.0,Rejected
RET-10109,ORD-500867,Size Issue,48179.21,Approved
RET-10110,ORD-500871,Wrong Item,22442.33,Approved
RET-10111,ORD-500876,Defective Product,10248.24,Approved
RET-10112,ORD-500879,Customer Dissatisfaction,5137.57,Approved
RET-10113,ORD-500884,Defective Product,14652.77,Approved
RET-10114,ORD-500889,Wrong Item,2158.57,Approved
RET-10115,ORD-500892,,326454.85,Approved
RET-10116,ORD-500903,Damaged in Transit,7872.86,Approved
RET-10117,ORD-500911,Size Issue,64506.38,Approved
RET-10118,ORD-500919,Wrong Item,1535.86,Pending
RET-10119,ORD-500923,Customer Dissatisfaction,8058.24,Approved
RET-10120,ORD-500924,Defective Product,0.0,Rejected
RET-10121,ORD-500928,Customer Dissatisfaction,3447.61,Approved
RET-10122,ORD-500930,Late Delivery,14159.97,Pending
RET-10123,ORD-500936,Damaged in Transit,292801.21,Approved
RET-10124,ORD-500950,Defective Product,174641.94,Approved
RET-10125,ORD-500951,Wrong Item,7246.47,Approved
RET-10126,ORD-500969,Defective Product,33839.98,Approved
RET-10127,ORD-500983,Wrong Item,0.0,Rejected
RET-10128,ORD-500990,Damaged in Transit,2201.08,Pending
RET-10129,ORD-501006,Defective Product,87711.46,Approved
RET-10130,ORD-501011,Wrong Item,70302.93,Approved
RET-10131,ORD-501023,Defective Product,724.84,Pending
RET-10132,ORD-501027,Customer Dissatisfaction,232464.65,Approved
RET-10133,ORD-501048,Defective Product,8778.87,Approved
RET-10134,ORD-501050,Size Issue,114422.96,Pending
RET-10135,ORD-501056,Damaged in Transit,54626.01,Approved
RET-10136,ORD-501057,Damaged in Transit,5400.85,Approved
RET-10137,ORD-501058,Defective Product,4369.72,Approved
RET-10138,ORD-501070,Defective Product,3744.36,Approved
RET-10139,ORD-501072,Late Delivery,1259.4,Approved
RET-10140,ORD-501089,Size Issue,81.67,Approved
RET-10141,ORD-501092,Damaged in Transit,597.27,Approved
RET-10142,ORD-501094,Damaged in Transit,13528.0,Approved
RET-10143,ORD-501097,Customer Dissatisfaction,180173.71,Approved
RET-10144,ORD-501104,Wrong Item,12903.51,Approved
RET-10145,ORD-501136,Customer Dissatisfaction,6032.0,Approved
RET-10146,ORD-501142,Customer Dissatisfaction,2654.61,Approved
RET-10147,ORD-501144,Damaged in Transit,170725.29,Approved
RET-10148,ORD-501146,Customer Dissatisfaction,4427.82,Pending
RET-10149,ORD-501152,Late Delivery,3281.49,Approved
RET-10150,ORD-501157,Damaged in Transit,0.0,Rejected
RET-10151,ORD-501160,Size Issue,3117.75,Approved
RET-10152,ORD-501177,Customer Dissatisfaction,12937.94,Pending
RET-10153,ORD-501178,Customer Dissatisfaction,66595.3,Approved
RET-10154,ORD-501179,Damaged in Transit,7458.75,Approved
RET-10155,ORD-501181,Customer Dissatisfaction,2365.39,Approved
RET-10156,ORD-501191,Wrong Item,5935.93,Approved
RET-10157,ORD-501204,Late Delivery,67969.44,Pending
RET-10158,ORD-501212,Wrong Item,26638.5,Approved
RET-10159,ORD-501219,Size Issue,45806.62,Approved
RET-10160,ORD-501233,Customer Dissatisfaction,15805.3,Pending
RET-10161,ORD-501237,Wrong Item,0.0,Rejected
RET-10162,ORD-501244,Wrong Item,10878.81,Pending
RET-10163,ORD-501249,Wrong Item,1354.67,Approved
RET-10164,ORD-501252,Damaged in Transit,25004.05,Approved
RET-10165,ORD-501262,Customer Dissatisfaction,108735.45,Approved
RET-10166,ORD-501276,Late Delivery,4586.83,Approved
RET-10167,ORD-501282,Wrong Item,33114.85,Approved
RET-10168,ORD-501286,Damaged in Transit,78416.81,Approved
RET-10169,ORD-501294,Wrong Item,2020.46,Pending
RET-10170,ORD-501308,Customer Dissatisfaction,4837.23,Approved
RET-10171,ORD-501317,Size Issue,29364.4,Approved
RET-10172,ORD-501335,Customer Dissatisfaction,23407.35,Approved
RET-10173,ORD-501336,Wrong Item,158048.9,Approved
RET-10174,ORD-501341,Late Delivery,172152.48,Approved
RET-10175,ORD-501362,Customer Dissatisfaction,0.0,Rejected
RET-10176,ORD-501364,Defective Product,2583.21,Approved
RET-10177,ORD-501382,Wrong Item,423.16,Approved
RET-10178,ORD-501383,Wrong Item,6084.53,Approved
RET-10179,ORD-501412,Size Issue,121426.14,Approved
RET-10180,ORD-501414,Defective Product,1655.07,Pending
RET-10181,ORD-501416,Damaged in Transit,8964.16,Approved
RET-10182,ORD-501418,Late Delivery,0.0,Rejected
RET-10183,ORD-501427,Size Issue,163509.88,Approved
RET-10184,ORD-501430,Size Issue,1881.82,Pending
RET-10185,ORD-501434,Damaged in Transit,23122.13,Approved
RET-10186,ORD-501438,Size Issue,10656.7,Approved
RET-10187,ORD-501450,Late Delivery,2153.32,Approved
RET-10188,ORD-501452,Size Issue,0.0,Rejected
RET-10189,ORD-501474,Late Delivery,536.33,Approved
RET-10190,ORD-501478,Size Issue,17171.11,Approved
RET-10191,ORD-501484,Defective Product,136243.73,Approved
RET-10192,ORD-501491,Customer Dissatisfaction,9906.45,Approved
RET-10193,ORD-501492,Size Issue,24521.1,Approved
RET-10194,ORD-501494,Wrong Item,21818.15,Approved
RET-10195,ORD-501496,Customer Dissatisfaction,7091.79,Approved
RET-10196,ORD-501503,Defective Product,0.0,Rejected
RET-10197,ORD-501505,Customer Dissatisfaction,765.26,Pending
RET-10198,ORD-501516,Wrong Item,19696.64,Approved
RET-10199,ORD-501527,Size Issue,11919.92,Approved
RET-10200,ORD-501529,Wrong Item,179925.09,Approved
RET-10201,ORD-501538,Wrong Item,2836.2,Approved
RET-10202,ORD-501541,Defective Product,27516.98,Approved
RET-10203,ORD-501551,Size Issue,19051.02,Approved
RET-10204,ORD-501559,Wrong Item,0.0,Rejected
RET-10205,ORD-501574,Size Issue,79769.86,Pending
RET-10206,ORD-501587,Late Delivery,0.0,Rejected
RET-10207,ORD-501593,Damaged in Transit,61415.26,Approved
RET-10208,ORD-501606,Customer Dissatisfaction,0.0,Rejected
RET-10209,ORD-501609,Damaged in Transit,3455.15,Approved
RET-10210,ORD-501624,Damaged in Transit,33920.92,Approved
RET-10211,ORD-501625,Size Issue,0.0,Rejected
RET-10212,ORD-501626,Defective Product,13754.67,Approved
RET-10213,ORD-501637,Size Issue,0.0,Rejected
RET-10214,ORD-501641,Defective Product,15340.71,Approved
RET-10215,ORD-501651,Customer Dissatisfaction,56.35,Pending
RET-10216,ORD-501661,Defective Product,26445.26,Pending
RET-10217,ORD-501669,Defective Product,3177.8,Approved
RET-10218,ORD-501678,Defective Product,4608.5,Approved
RET-10219,ORD-501684,Customer Dissatisfaction,136783.71,Approved
RET-10220,ORD-501688,Customer Dissatisfaction,0.0,Rejected
RET-10221,ORD-501691,Size Issue,101736.32,Approved
RET-10222,ORD-501692,Size Issue,0.0,Rejected
RET-10223,ORD-501703,Wrong Item,33598.62,Approved
RET-10224,ORD-501706,Defective Product,203123.71,Approved
RET-10225,ORD-501725,Damaged in Transit,42361.54,Pending
RET-10226,ORD-501741,Late Delivery,1971.73,Approved
RET-10227,ORD-501742,Customer Dissatisfaction,15592.35,Approved
RET-10228,ORD-501749,Wrong Item,5733.58,Pending
RET-10229,ORD-501752,Defective Product,12488.24,Approved
RET-10230,ORD-501753,Customer Dissatisfaction,18721.38,Pending
RET-10231,ORD-501760,Wrong Item,92709.7,Approved
RET-10232,ORD-501776,Customer Dissatisfaction,50924.79,Approved
RET-10233,ORD-501779,Damaged in Transit,68421.52,Pending
RET-10234,ORD-501781,Wrong Item,5212.45,Approved
RET-10235,ORD-501788,Defective Product,1406.67,Approved
RET-10236,ORD-501793,Late Delivery,798.21,Approved
RET-10237,ORD-501806,Damaged in Transit,8335.77,Approved
RET-10238,ORD-501818,Size Issue,3876.29,Approved
RET-10239,ORD-501846,Wrong Item,0.0,Rejected
RET-10240,ORD-501849,,90233.2,Approved
RET-10241,ORD-501851,Wrong Item,17909.79,Approved
RET-10242,ORD-501852,Wrong Item,83574.71,Approved
RET-10243,ORD-501858,Size Issue,53446.86,Approved
RET-10244,ORD-501870,Wrong Item,0.0,Rejected
RET-10245,ORD-501874,Late Delivery,10239.84,Approved
RET-10246,ORD-501875,Damaged in Transit,149420.49,Approved
RET-10247,ORD-501878,Customer Dissatisfaction,113014.08,Approved
RET-10248,ORD-501879,,11452.9,Approved
RET-10249,ORD-501887,Damaged in Transit,0.0,Rejected
RET-10250,ORD-501891,Defective Product,14372.9,Approved
RET-10251,ORD-501900,Customer Dissatisfaction,19265.43,Approved
RET-10252,ORD-501909,,72941.48,Approved
RET-10253,ORD-501910,Customer Dissatisfaction,3993.4,Approved
RET-10254,ORD-501914,Damaged in Transit,2816.01,Approved
RET-10255,ORD-501919,Damaged in Transit,107963.17,Approved
RET-10256,ORD-501922,Size Issue,0.0,Rejected
RET-10257,ORD-501924,Damaged in Transit,0.0,Rejected
RET-10258,ORD-501937,Damaged in Transit,5469.08,Approved
RET-10259,ORD-501938,Damaged in Transit,49303.96,Approved
RET-10260,ORD-501944,Late Delivery,4280.17,Approved
RET-10261,ORD-501951,Late Delivery,91787.76,Approved
RET-10262,ORD-501969,Damaged in Transit,89444.78,Pending
RET-10263,ORD-501975,Wrong Item,144422.5,Approved
RET-10264,ORD-501976,Damaged in Transit,20814.74,Approved
RET-10265,ORD-501981,Wrong Item,7756.89,Approved
RET-10266,ORD-501984,Wrong Item,0.0,Rejected
RET-10267,ORD-501991,Defective Product,160859.92,Approved
RET-10268,ORD-501998,Defective Product,10919.56,Approved
RET-10269,ORD-502004,Customer Dissatisfaction,23285.24,Approved
RET-10270,ORD-502005,Size Issue,1557.22,Approved
RET-10271,ORD-502015,Customer Dissatisfaction,26151.43,Pending
RET-10272,ORD-502036,Damaged in Transit,39022.35,Pending
RET-10273,ORD-502038,Customer Dissatisfaction,1487.21,Pending
RET-10274,ORD-502065,Defective Product,32374.83,Pending
RET-10275,ORD-502066,Wrong Item,4170.06,Approved
RET-10276,ORD-502067,Wrong Item,11597.07,Approved
RET-10277,ORD-502077,Size Issue,36011.45,Approved
RET-10278,ORD-502085,Late Delivery,12326.98,Approved
RET-10279,ORD-502093,Damaged in Transit,5109.23,Approved
RET-10280,ORD-502107,Wrong Item,0.0,Rejected
RET-10281,ORD-502112,Customer Dissatisfaction,3081.22,Approved
RET-10282,ORD-502115,Customer Dissatisfaction,48203.42,Approved
RET-10283,ORD-502119,Damaged in Transit,1474.62,Approved
RET-10284,ORD-502122,Customer Dissatisfaction,144242.67,Approved
RET-10285,ORD-502135,Defective Product,615.76,Pending
RET-10286,ORD-502137,Late Delivery,12123.8,Approved
RET-10287,ORD-502141,Wrong Item,33672.29,Pending
RET-10288,ORD-502147,Wrong Item,1511.16,Approved
RET-10289,ORD-502150,Size Issue,58747.58,Approved
RET-10290,ORD-502158,Wrong Item,82809.76,Approved
RET-10291,ORD-502171,Customer Dissatisfaction,35022.94,Approved
RET-10292,ORD-502179,Customer Dissatisfaction,0.0,Rejected
RET-10293,ORD-502181,Late Delivery,1285.16,Pending
RET-10294,ORD-502195,Damaged in Transit,0.0,Rejected
RET-10295,ORD-502200,Damaged in Transit,12098.02,Approved
RET-10296,ORD-502216,Customer Dissatisfaction,2976.43,Approved
RET-10297,ORD-502221,Wrong Item,0.0,Rejected
RET-10298,ORD-502230,Customer Dissatisfaction,0.0,Rejected
RET-10299,ORD-502237,Damaged in Transit,0.0,Rejected
RET-10300,ORD-502242,Damaged in Transit,25795.74,Approved
RET-10301,ORD-502251,Late Delivery,80300.39,Approved
RET-10302,ORD-502256,Late Delivery,9022.34,Approved
RET-10303,ORD-502273,Defective Product,32039.28,Approved
RET-10304,ORD-502275,Size Issue,16919.01,Approved
RET-10305,ORD-502290,Damaged in Transit,3549.54,Approved
RET-10306,ORD-502292,Size Issue,20672.06,Approved
RET-10307,ORD-502304,Wrong Item,0.0,Rejected
RET-10308,ORD-502309,Damaged in Transit,18036.58,Approved
RET-10309,ORD-502310,Customer Dissatisfaction,4551.01,Approved
RET-10310,ORD-502315,Defective Product,0.0,Rejected
RET-10311,ORD-502333,Defective Product,14336.24,Approved
RET-10312,ORD-502340,Customer Dissatisfaction,17395.15,Approved
RET-10313,ORD-502343,Defective Product,4067.2,Approved
RET-10314,ORD-502352,Customer Dissatisfaction,3047.4,Approved
RET-10315,ORD-502360,Customer Dissatisfaction,307292.89,Approved
RET-10316,ORD-502362,Defective Product,25525.78,Approved
RET-10317,ORD-502368,Wrong Item,159687.69,Approved
RET-10318,ORD-502371,Customer Dissatisfaction,8752.68,Pending
RET-10319,ORD-502374,Late Delivery,54529.98,Approved
RET-10320,ORD-502376,Wrong Item,0.0,Rejected
RET-10321,ORD-502382,Wrong Item,13668.33,Approved
RET-10322,ORD-502386,Customer Dissatisfaction,10064.37,Approved
RET-10323,ORD-502388,Customer Dissatisfaction,13879.33,Approved
RET-10324,ORD-502397,Size Issue,1093.97,Approved
RET-10325,ORD-502399,Customer Dissatisfaction,208506.85,Approved
RET-10326,ORD-502402,Size Issue,13927.6,Pending
RET-10327,ORD-502407,Late Delivery,943.98,Approved
RET-10328,ORD-502408,Defective Product,53886.61,Approved
RET-10329,ORD-502423,Late Delivery,14708.73,Approved
RET-10330,ORD-502425,Customer Dissatisfaction,7519.48,Approved
RET-10331,ORD-502426,Size Issue,126786.92,Approved
RET-10332,ORD-502431,Late Delivery,217348.8,Approved
RET-10333,ORD-502437,Size Issue,162241.18,Approved
RET-10334,ORD-502443,Wrong Item,282092.0,Approved
RET-10335,ORD-502450,Customer Dissatisfaction,17331.17,Approved
RET-10336,ORD-502451,Defective Product,103334.62,Approved
RET-10337,ORD-502475,Customer Dissatisfaction,5946.99,Approved
RET-10338,ORD-502482,Defective Product,3117.9,Approved
RET-10339,ORD-502484,Customer Dissatisfaction,7435.73,Approved
RET-10340,ORD-502489,Late Delivery,4193.27,Approved
RET-10341,ORD-502499,Late Delivery,78801.71,Pending
RET-10342,ORD-502504,Customer Dissatisfaction,32925.63,Approved
RET-10343,ORD-502523,Customer Dissatisfaction,90814.99,Approved
RET-10344,ORD-502524,Late Delivery,5016.95,Approved
RET-10345,ORD-502528,Defective Product,0.0,Rejected
RET-10346,ORD-502539,Wrong Item,28776.35,Approved
RET-10347,ORD-502542,Late Delivery,65283.53,Approved
RET-10348,ORD-502546,Size Issue,0.0,Rejected
RET-10349,ORD-502551,Size Issue,0.0,Rejected
RET-10350,ORD-502558,Wrong Item,145250.8,Approved
RET-10351,ORD-502574,Defective Product,45779.36,Approved
RET-10352,ORD-502589,Late Delivery,11060.45,Approved
RET-10353,ORD-502594,Wrong Item,0.0,Rejected
RET-10354,ORD-502596,Defective Product,34239.61,Approved
RET-10355,ORD-502598,Damaged in Transit,6821.54,Approved
RET-10356,ORD-502601,Late Delivery,2442.13,Approved
RET-10357,ORD-502608,Defective Product,20672.31,Approved
RET-10358,ORD-502615,Damaged in Transit,1119.67,Pending
RET-10359,ORD-502629,Customer Dissatisfaction,13380.19,Approved
RET-10360,ORD-502639,Size Issue,22611.81,Approved
RET-10361,ORD-502644,Defective Product,6455.69,Approved
RET-10362,ORD-502652,Late Delivery,109287.04,Approved
RET-10363,ORD-502658,Wrong Item,200677.98,Approved
RET-10364,ORD-502667,Defective Product,45217.27,Approved
RET-10365,ORD-502671,Damaged in Transit,5583.83,Approved
RET-10366,ORD-502672,Size Issue,6075.38,Approved
RET-10367,ORD-502677,Defective Product,10423.41,Approved
RET-10368,ORD-502684,Late Delivery,19979.84,Approved
RET-10369,ORD-502694,Late Delivery,0.0,Rejected
RET-10370,ORD-502696,,14316.53,Pending
RET-10371,ORD-502700,Size Issue,8169.84,Approved
RET-10372,ORD-502705,Customer Dissatisfaction,1570.81,Approved
RET-10373,ORD-502719,Defective Product,10563.53,Pending
RET-10374,ORD-502723,Defective Product,58216.58,Approved
RET-10375,ORD-502731,Damaged in Transit,5144.4,Approved
RET-10376,ORD-502748,Late Delivery,13599.16,Approved
RET-10377,ORD-502752,Customer Dissatisfaction,123523.28,Approved
RET-10378,ORD-502769,Late Delivery,0.0,Rejected
RET-10379,ORD-502791,Wrong Item,107257.17,Approved
RET-10380,ORD-502812,Wrong Item,19907.57,Approved
RET-10381,ORD-502813,Customer Dissatisfaction,0.0,Rejected
RET-10382,ORD-502818,Wrong Item,52568.63,Approved
RET-10383,ORD-502825,Late Delivery,1847.2,Approved
RET-10384,ORD-502828,Customer Dissatisfaction,19924.06,Approved
RET-10385,ORD-502839,Wrong Item,1812.77,Approved
RET-10386,ORD-502857,Defective Product,659.35,Pending
RET-10387,ORD-502863,Customer Dissatisfaction,0.0,Rejected
RET-10388,ORD-502866,Damaged in Transit,6931.93,Approved
RET-10389,ORD-502869,Damaged in Transit,122664.4,Approved
RET-10390,ORD-502875,Customer Dissatisfaction,59923.45,Approved
RET-10391,ORD-502876,Size Issue,3111.72,Approved
RET-10392,ORD-502881,Customer Dissatisfaction,53650.07,Approved
RET-10393,ORD-502882,Late Delivery,19971.35,Approved
RET-10394,ORD-502886,Damaged in Transit,169405.94,Approved
RET-10395,ORD-502888,Damaged in Transit,143779.46,Approved
RET-10396,ORD-502902,Damaged in Transit,574620.83,Approved
RET-10397,ORD-502903,Size Issue,27203.69,Approved
RET-10398,ORD-502911,Customer Dissatisfaction,9022.61,Approved
RET-10399,ORD-502913,Customer Dissatisfaction,0.0,Rejected
RET-10400,ORD-502927,Wrong Item,0.0,Rejected
RET-10401,ORD-502929,Damaged in Transit,3058.07,Approved
RET-10402,ORD-502930,Size Issue,3176.61,Pending
RET-10403,ORD-502933,Size Issue,21186.93,Approved
RET-10404,ORD-502937,Late Delivery,50356.3,Approved
RET-10405,ORD-502944,Size Issue,3845.01,Pending
RET-10406,ORD-502945,Late Delivery,9331.86,Pending
RET-10407,ORD-502973,Defective Product,15208.72,Approved
RET-10408,ORD-502986,Wrong Item,876.98,Approved
RET-10409,ORD-502990,Defective Product,5264.2,Approved
RET-10410,ORD-502995,Wrong Item,5360.86,Approved
RET-10411,ORD-503016,Defective Product,59342.91,Approved
RET-10412,ORD-503023,Size Issue,308619.05,Approved
RET-10413,ORD-503024,Size Issue,3752.8,Approved
RET-10414,ORD-503028,Late Delivery,5005.6,Pending
RET-10415,ORD-503031,Late Delivery,52279.64,Pending
RET-10416,ORD-503032,Size Issue,42352.23,Approved
RET-10417,ORD-503033,Defective Product,46175.39,Approved
RET-10418,ORD-503039,Wrong Item,49716.12,Pending
RET-10419,ORD-503040,Wrong Item,11167.93,Approved
RET-10420,ORD-503044,Wrong Item,90046.68,Pending
RET-10421,ORD-503045,,10795.57,Pending
RET-10422,ORD-503051,Late Delivery,44996.13,Approved
RET-10423,ORD-503055,Size Issue,2748.52,Approved
RET-10424,ORD-503057,Damaged in Transit,4724.24,Pending
RET-10425,ORD-503065,Size Issue,32618.4,Approved
RET-10426,ORD-503074,Late Delivery,0.0,Rejected
RET-10427,ORD-503094,Defective Product,1698.54,Approved
RET-10428,ORD-503100,Customer Dissatisfaction,9544.46,Approved
RET-10429,ORD-503103,Customer Dissatisfaction,53846.46,Approved
RET-10430,ORD-503110,Wrong Item,99050.68,Approved
RET-10431,ORD-503120,Customer Dissatisfaction,3309.87,Approved
RET-10432,ORD-503134,Defective Product,22890.02,Approved
RET-10433,ORD-503137,Defective Product,0.0,Rejected
RET-10434,ORD-503138,Damaged in Transit,150268.2,Pending
RET-10435,ORD-503144,Late Delivery,160871.27,Approved
RET-10436,ORD-503147,Defective Product,4418.03,Approved
RET-10437,ORD-503148,Late Delivery,0.0,Rejected
RET-10438,ORD-503161,Late Delivery,79441.59,Approved
RET-10439,ORD-503164,Late Delivery,8200.68,Pending
RET-10440,ORD-503165,Customer Dissatisfaction,129986.97,Approved
RET-10441,ORD-503176,Damaged in Transit,15571.34,Approved
RET-10442,ORD-503176,Size Issue,15796.3,Approved
RET-10443,ORD-503195,Customer Dissatisfaction,0.0,Rejected
RET-10444,ORD-503213,Customer Dissatisfaction,19791.49,Approved
RET-10445,ORD-503218,Defective Product,4481.62,Approved
RET-10446,ORD-503246,Late Delivery,9711.8,Pending
RET-10447,ORD-503248,Size Issue,88700.23,Pending
RET-10448,ORD-503264,Defective Product,10563.92,Approved
RET-10449,ORD-503278,Damaged in Transit,3001.15,Pending
RET-10450,ORD-503294,Late Delivery,240018.97,Approved
RET-10451,ORD-503295,Customer Dissatisfaction,16034.82,Approved
RET-10452,ORD-503297,Damaged in Transit,137497.8,Approved
RET-10453,ORD-503301,Late Delivery,0.0,Rejected
RET-10454,ORD-503302,Damaged in Transit,1255.06,Approved
RET-10455,ORD-503304,Damaged in Transit,1692.01,Approved
RET-10456,ORD-503305,Size Issue,77428.88,Approved
RET-10457,ORD-503313,Late Delivery,23792.63,Pending
RET-10458,ORD-503316,Damaged in Transit,0.0,Rejected
RET-10459,ORD-503322,Size Issue,0.0,Rejected
RET-10460,ORD-503333,Damaged in Transit,1623.66,Approved
RET-10461,ORD-503354,Defective Product,0.0,Rejected
RET-10462,ORD-503355,Damaged in Transit,49171.89,Approved
RET-10463,ORD-503357,Late Delivery,9708.2,Approved
RET-10464,ORD-503359,Late Delivery,40672.04,Approved
RET-10465,ORD-503393,Defective Product,12984.4,Approved
RET-10466,ORD-503396,Defective Product,15723.24,Approved
RET-10467,ORD-503406,Customer Dissatisfaction,0.0,Rejected
RET-10468,ORD-503412,Late Delivery,31988.25,Pending
RET-10469,ORD-503421,Customer Dissatisfaction,5722.82,Approved
RET-10470,ORD-503427,Late Delivery,4184.84,Approved
RET-10471,ORD-503429,Size Issue,1054.12,Approved
RET-10472,ORD-503434,Late Delivery,9600.6,Approved
RET-10473,ORD-503435,Late Delivery,161730.17,Approved
RET-10474,ORD-503436,Size Issue,0.0,Rejected
RET-10475,ORD-503438,Defective Product,116811.34,Approved
RET-10476,ORD-503449,Defective Product,25369.98,Approved
RET-10477,ORD-503454,Defective Product,0.0,Rejected
RET-10478,ORD-503455,Damaged in Transit,8106.7,Approved
RET-10479,ORD-503463,Damaged in Transit,3115.94,Approved
RET-10480,ORD-503464,Damaged in Transit,16335.12,Approved
RET-10481,ORD-503476,Defective Product,0.0,Rejected
RET-10482,ORD-503480,Customer Dissatisfaction,23875.68,Approved
RET-10483,ORD-503483,Defective Product,73778.61,Pending
RET-10484,ORD-503495,Customer Dissatisfaction,85384.63,Approved
RET-10485,ORD-503497,Damaged in Transit,279.79,Approved
RET-10486,ORD-503498,Customer Dissatisfaction,19493.52,Approved
RET-10487,ORD-503499,Late Delivery,64558.08,Approved
RET-10488,ORD-503500,Size Issue,6256.21,Approved
RET-10489,ORD-503512,Damaged in Transit,0.0,Rejected
RET-10490,ORD-503516,Late Delivery,8551.71,Pending
RET-10491,ORD-503524,Damaged in Transit,40560.48,Approved
RET-10492,ORD-503526,Size Issue,23457.15,Approved
RET-10493,ORD-503533,Customer Dissatisfaction,20256.14,Approved
RET-10494,ORD-503536,Customer Dissatisfaction,20315.95,Approved
RET-10495,ORD-503540,Size Issue,0.0,Rejected
RET-10496,ORD-503543,Size Issue,250832.86,Approved
RET-10497,ORD-503560,Size Issue,8093.68,Approved
RET-10498,ORD-503570,Damaged in Transit,23135.09,Approved
RET-10499,ORD-503571,Wrong Item,295670.95,Approved
RET-10500,ORD-503577,Size Issue,12525.49,Approved
RET-10501,ORD-503578,Wrong Item,0.0,Rejected
RET-10502,ORD-503598,Late Delivery,2214.54,Approved
RET-10503,ORD-503602,Size Issue,3357.66,Approved
RET-10504,ORD-503610,Damaged in Transit,0.0,Rejected
RET-10505,ORD-503616,Size Issue,774.48,Pending
RET-10506,ORD-503622,Damaged in Transit,3637.33,Pending
RET-10507,ORD-503628,Customer Dissatisfaction,584.03,Approved
RET-10508,ORD-503630,Damaged in Transit,43107.26,Approved
RET-10509,ORD-503633,Customer Dissatisfaction,55976.5,Approved
RET-10510,ORD-503638,Customer Dissatisfaction,110844.89,Pending
RET-10511,ORD-503647,Size Issue,109483.58,Approved
RET-10512,ORD-503661,Size Issue,0.0,Rejected
RET-10513,ORD-503663,Defective Product,51461.01,Approved
RET-10514,ORD-503664,Customer Dissatisfaction,41400.2,Pending
RET-10515,ORD-503670,Customer Dissatisfaction,101288.76,Approved
RET-10516,ORD-503676,Size Issue,17385.11,Approved
RET-10517,ORD-503689,Wrong Item,62436.77,Approved
RET-10518,ORD-503693,Late Delivery,73172.23,Approved
RET-10519,ORD-503711,Wrong Item,7984.04,Pending
RET-10520,ORD-503719,Defective Product,64041.74,Approved
RET-10521,ORD-503721,Defective Product,303069.72,Approved
RET-10522,ORD-503725,Customer Dissatisfaction,17733.87,Approved
RET-10523,ORD-503726,Customer Dissatisfaction,18598.08,Approved
RET-10524,ORD-503730,Wrong Item,14512.76,Pending
RET-10525,ORD-503739,Wrong Item,11956.41,Approved
RET-10526,ORD-503740,Customer Dissatisfaction,1857.11,Approved
RET-10527,ORD-503760,Size Issue,5864.46,Approved
RET-10528,ORD-503769,Customer Dissatisfaction,20431.4,Approved
RET-10529,ORD-503770,Wrong Item,28937.51,Approved
RET-10530,ORD-503791,Damaged in Transit,120234.32,Approved
RET-10531,ORD-503793,Defective Product,0.0,Rejected
RET-10532,ORD-503810,Defective Product,37572.56,Pending
RET-10533,ORD-503830,Defective Product,128634.76,Approved
RET-10534,ORD-503834,Defective Product,128439.86,Approved
RET-10535,ORD-503841,Wrong Item,19883.81,Approved
RET-10536,ORD-503845,Size Issue,1517.21,Approved
RET-10537,ORD-503847,Damaged in Transit,1100.64,Approved
RET-10538,ORD-503850,Customer Dissatisfaction,173462.31,Approved
RET-10539,ORD-503857,Late Delivery,24039.45,Approved
RET-10540,ORD-503868,Size Issue,6241.91,Approved
RET-10541,ORD-503877,Damaged in Transit,1317.49,Approved
RET-10542,ORD-503887,Wrong Item,0.0,Rejected
RET-10543,ORD-503900,Size Issue,426.77,Approved
RET-10544,ORD-503901,Wrong Item,119396.49,Approved
RET-10545,ORD-503904,Customer Dissatisfaction,18485.94,Approved
RET-10546,ORD-503909,Customer Dissatisfaction,26957.58,Pending
RET-10547,ORD-503917,Late Delivery,11182.65,Approved
RET-10548,ORD-503922,Wrong Item,14768.83,Approved
RET-10549,ORD-503923,Late Delivery,24985.35,Approved
RET-10550,ORD-503931,Late Delivery,1937.57,Approved
RET-10551,ORD-503943,Damaged in Transit,26184.77,Pending
RET-10552,ORD-503955,Damaged in Transit,16462.25,Approved
RET-10553,ORD-503966,Defective Product,161368.7,Approved
RET-10554,ORD-503967,Wrong Item,229341.34,Approved
RET-10555,ORD-503997,Damaged in Transit,16661.12,Approved
RET-10556,ORD-504000,Late Delivery,3974.53,Approved
RET-10557,ORD-504001,Customer Dissatisfaction,4936.38,Approved
RET-10558,ORD-504012,Size Issue,7839.89,Approved
RET-10559,ORD-504013,Damaged in Transit,8869.2,Approved
RET-10560,ORD-504018,Defective Product,18684.91,Approved
RET-10561,ORD-504024,Late Delivery,21726.18,Approved
RET-10562,ORD-504032,Size Issue,269174.22,Approved
RET-10563,ORD-504057,Damaged in Transit,16012.54,Approved
RET-10564,ORD-504064,Size Issue,7840.24,Approved
RET-10565,ORD-504072,Damaged in Transit,115421.7,Approved
RET-10566,ORD-504078,Defective Product,994.63,Approved
RET-10567,ORD-504082,Late Delivery,14653.23,Pending
RET-10568,ORD-504087,Customer Dissatisfaction,15527.38,Approved
RET-10569,ORD-504089,Size Issue,27668.39,Approved
RET-10570,ORD-504091,Damaged in Transit,11403.37,Approved
RET-10571,ORD-504097,Customer Dissatisfaction,8584.27,Approved
RET-10572,ORD-504104,Customer Dissatisfaction,10932.37,Approved
RET-10573,ORD-504121,Defective Product,580.49,Pending
RET-10574,ORD-504129,Customer Dissatisfaction,5059.97,Approved
RET-10575,ORD-504130,Customer Dissatisfaction,59735.12,Approved
RET-10576,ORD-504140,Late Delivery,19185.82,Approved
RET-10577,ORD-504153,Wrong Item,41783.51,Approved
RET-10578,ORD-504165,Wrong Item,1609.91,Pending
RET-10579,ORD-504167,Damaged in Transit,25001.15,Approved
RET-10580,ORD-504168,Defective Product,122592.32,Approved
RET-10581,ORD-504173,Damaged in Transit,271738.55,Approved
RET-10582,ORD-504188,Size Issue,0.0,Rejected
RET-10583,ORD-504208,Damaged in Transit,54996.11,Approved
RET-10584,ORD-504212,Defective Product,8059.75,Pending
RET-10585,ORD-504231,Defective Product,1723.79,Pending
RET-10586,ORD-504233,Defective Product,0.0,Rejected
RET-10587,ORD-504234,Late Delivery,15086.1,Approved
RET-10588,ORD-504241,Customer Dissatisfaction,10696.2,Approved
RET-10589,ORD-504244,Damaged in Transit,72090.75,Approved
RET-10590,ORD-504258,Wrong Item,0.0,Rejected
RET-10591,ORD-504259,Size Issue,53497.48,Approved
RET-10592,ORD-504264,Customer Dissatisfaction,3731.64,Pending
RET-10593,ORD-504287,Late Delivery,3550.67,Approved
RET-10594,ORD-504290,Late Delivery,14926.58,Approved
RET-10595,ORD-504307,Size Issue,13930.66,Pending
RET-10596,ORD-504328,Defective Product,70190.11,Approved
RET-10597,ORD-504341,Late Delivery,22061.74,Approved
RET-10598,ORD-504351,Late Delivery,7009.36,Approved
RET-10599,ORD-504354,Wrong Item,180390.89,Approved
RET-10600,ORD-504391,Late Delivery,114656.36,Approved
RET-10601,ORD-504396,Customer Dissatisfaction,715.42,Pending
RET-10602,ORD-504405,Defective Product,13034.52,Approved
RET-10603,ORD-504411,Defective Product,14742.52,Approved
RET-10604,ORD-504416,Wrong Item,285613.94,Approved
RET-10605,ORD-504417,Wrong Item,24773.19,Approved
RET-10606,ORD-504424,Customer Dissatisfaction,24036.83,Approved
RET-10607,ORD-504431,Customer Dissatisfaction,135443.82,Approved
RET-10608,ORD-504432,Wrong Item,4126.54,Approved
RET-10609,ORD-504433,Damaged in Transit,43478.72,Pending
RET-10610,ORD-504435,Damaged in Transit,22678.67,Approved
RET-10611,ORD-504443,Customer Dissatisfaction,3354.24,Approved
RET-10612,ORD-504457,,142.1,Approved
RET-10613,ORD-504458,Wrong Item,27421.24,Approved
RET-10614,ORD-504462,Defective Product,30430.57,Pending
RET-10615,ORD-504471,Size Issue,13568.28,Pending
RET-10616,ORD-504472,Size Issue,38930.4,Approved
RET-10617,ORD-504478,Damaged in Transit,12630.3,Pending
RET-10618,ORD-504490,Wrong Item,0.0,Rejected
RET-10619,ORD-504496,Customer Dissatisfaction,110486.01,Approved
RET-10620,ORD-504497,Damaged in Transit,2939.68,Approved
RET-10621,ORD-504507,Damaged in Transit,5948.67,Approved
RET-10622,ORD-504515,Size Issue,3998.04,Approved
RET-10623,ORD-504521,Wrong Item,1222.7,Pending
RET-10624,ORD-504524,Late Delivery,3759.35,Approved
RET-10625,ORD-504525,Defective Product,53660.87,Pending
RET-10626,ORD-504530,Late Delivery,8755.94,Approved
RET-10627,ORD-504533,Damaged in Transit,25902.85,Approved
RET-10628,ORD-504544,Late Delivery,2232.7,Approved
RET-10629,ORD-504545,Late Delivery,21174.11,Approved
RET-10630,ORD-504548,Size Issue,93613.14,Approved
RET-10631,ORD-504557,Wrong Item,21253.14,Approved
RET-10632,ORD-504575,Wrong Item,12275.01,Pending
RET-10633,ORD-504585,Defective Product,20818.5,Approved
RET-10634,ORD-504588,Defective Product,11163.87,Approved
RET-10635,ORD-504625,Customer Dissatisfaction,0.0,Rejected
RET-10636,ORD-504629,Damaged in Transit,0.0,Rejected
RET-10637,ORD-504649,Damaged in Transit,1369.54,Pending
RET-10638,ORD-504652,Defective Product,48032.19,Approved
RET-10639,ORD-504660,Damaged in Transit,5795.92,Approved
RET-10640,ORD-504666,Defective Product,24168.12,Approved
RET-10641,ORD-504671,Late Delivery,3563.51,Pending
RET-10642,ORD-504674,Size Issue,19004.04,Approved
RET-10643,ORD-504677,Customer Dissatisfaction,2208.28,Approved
RET-10644,ORD-504698,Customer Dissatisfaction,0.0,Rejected
RET-10645,ORD-504704,Defective Product,35478.29,Pending
RET-10646,ORD-504711,Damaged in Transit,269537.52,Approved
RET-10647,ORD-504720,Wrong Item,2018.97,Approved
RET-10648,ORD-504723,Late Delivery,14198.13,Approved
RET-10649,ORD-504738,Customer Dissatisfaction,47501.61,Approved
RET-10650,ORD-504739,Damaged in Transit,2149.62,Approved
RET-10651,ORD-504742,Defective Product,16938.85,Approved
RET-10652,ORD-504769,Defective Product,44416.95,Approved
RET-10653,ORD-504771,Defective Product,42743.89,Approved
RET-10654,ORD-504775,Defective Product,42921.35,Approved
RET-10655,ORD-504777,Customer Dissatisfaction,50378.5,Approved
RET-10656,ORD-504779,Defective Product,20895.63,Approved
RET-10657,ORD-504782,Size Issue,460031.35,Approved
RET-10658,ORD-504794,Damaged in Transit,0.0,Rejected
RET-10659,ORD-504796,Damaged in Transit,70593.19,Approved
RET-10660,ORD-504797,Defective Product,0.0,Rejected
RET-10661,ORD-504797,Damaged in Transit,714.94,Approved
RET-10662,ORD-504803,Size Issue,30843.94,Approved
RET-10663,ORD-504809,Wrong Item,198491.62,Approved
RET-10664,ORD-504815,Size Issue,6385.57,Pending
RET-10665,ORD-504829,Late Delivery,25055.37,Approved
RET-10666,ORD-504834,Wrong Item,3987.67,Approved
RET-10667,ORD-504848,Customer Dissatisfaction,1234.55,Approved
RET-10668,ORD-504857,Damaged in Transit,138218.7,Approved
RET-10669,ORD-504864,Customer Dissatisfaction,159977.84,Approved
RET-10670,ORD-504884,Size Issue,35246.56,Approved
RET-10671,ORD-504889,,2892.28,Approved
RET-10672,ORD-504900,Defective Product,17221.19,Pending
RET-10673,ORD-504901,Damaged in Transit,6408.06,Pending
RET-10674,ORD-504906,Damaged in Transit,13346.13,Pending
RET-10675,ORD-504907,Size Issue,45746.11,Approved
RET-10676,ORD-504915,Defective Product,8431.93,Approved
RET-10677,ORD-504922,Late Delivery,18929.66,Approved
RET-10678,ORD-504924,Customer Dissatisfaction,7733.39,Approved
RET-10679,ORD-504925,Customer Dissatisfaction,58402.97,Approved
RET-10680,ORD-504926,Defective Product,0.0,Rejected
RET-10681,ORD-504945,Customer Dissatisfaction,78790.55,Approved
RET-10682,ORD-504951,Defective Product,4505.8,Approved
RET-10683,ORD-504971,Customer Dissatisfaction,16185.97,Approved
RET-10684,ORD-504982,Customer Dissatisfaction,7762.6,Pending
RET-10685,ORD-504984,Customer Dissatisfaction,220944.39,Approved
RET-10686,ORD-504986,Damaged in Transit,44243.09,Pending
RET-10687,ORD-504997,Damaged in Transit,0.0,Rejected
RET-10688,ORD-505002,Customer Dissatisfaction,13378.75,Approved
RET-10689,ORD-505006,Size Issue,21860.22,Pending
RET-10690,ORD-505007,Damaged in Transit,1528.87,Pending
RET-10691,ORD-505016,Size Issue,70400.2,Approved
RET-10692,ORD-505024,Customer Dissatisfaction,5567.12,Approved
RET-10693,ORD-505040,Defective Product,52450.32,Approved
RET-10694,ORD-505045,Customer Dissatisfaction,18860.69,Pending
RET-10695,ORD-505056,Size Issue,10476.27,Approved
RET-10696,ORD-505066,Defective Product,13481.74,Approved
RET-10697,ORD-505072,Late Delivery,13702.81,Approved
RET-10698,ORD-505077,Wrong Item,363155.92,Approved
RET-10699,ORD-505089,Defective Product,184401.4,Approved
RET-10700,ORD-505095,Wrong Item,8661.47,Approved
RET-10701,ORD-505105,Defective Product,13497.65,Approved
RET-10702,ORD-505106,Late Delivery,24783.86,Pending
RET-10703,ORD-505113,Size Issue,23620.38,Approved
RET-10704,ORD-505115,Late Delivery,0.0,Rejected
RET-10705,ORD-505116,Late Delivery,33474.72,Approved
RET-10706,ORD-505119,Late Delivery,34689.85,Approved
RET-10707,ORD-505120,Late Delivery,20330.13,Approved
RET-10708,ORD-505121,Defective Product,119174.65,Approved
RET-10709,ORD-505123,Size Issue,131422.23,Approved
RET-10710,ORD-505125,Damaged in Transit,27088.23,Approved
RET-10711,ORD-505127,Defective Product,4345.4,Approved
RET-10712,ORD-505137,Customer Dissatisfaction,5583.82,Pending
RET-10713,ORD-505142,Customer Dissatisfaction,15924.86,Approved
RET-10714,ORD-505158,Size Issue,0.0,Rejected
RET-10715,ORD-505160,Wrong Item,9884.82,Approved
RET-10716,ORD-505181,Defective Product,37415.13,Approved
RET-10717,ORD-505205,Wrong Item,12236.08,Pending
RET-10718,ORD-505237,Defective Product,15288.58,Approved
RET-10719,ORD-505241,Customer Dissatisfaction,16233.0,Approved
RET-10720,ORD-505252,Damaged in Transit,14132.07,Pending
RET-10721,ORD-505253,Damaged in Transit,9454.74,Approved
RET-10722,ORD-505260,Defective Product,22579.85,Pending
RET-10723,ORD-505271,Customer Dissatisfaction,58690.52,Approved
RET-10724,ORD-505273,Damaged in Transit,3400.92,Approved
RET-10725,ORD-505281,Damaged in Transit,86399.65,Approved
RET-10726,ORD-505283,Defective Product,17059.89,Approved
RET-10727,ORD-505284,Size Issue,8693.3,Approved
RET-10728,ORD-505285,Damaged in Transit,16904.65,Approved
RET-10729,ORD-505301,Wrong Item,851.42,Pending
RET-10730,ORD-505302,Defective Product,20325.84,Approved
RET-10731,ORD-505305,Damaged in Transit,11233.5,Approved
RET-10732,ORD-505309,Defective Product,10476.46,Approved
RET-10733,ORD-505320,Size Issue,0.0,Rejected
RET-10734,ORD-505324,Damaged in Transit,18384.89,Approved
RET-10735,ORD-505331,Late Delivery,13270.93,Approved
RET-10736,ORD-505333,Wrong Item,19266.68,Approved
RET-10737,ORD-505341,Damaged in Transit,6585.09,Approved
RET-10738,ORD-505343,Late Delivery,3072.56,Approved
RET-10739,ORD-505353,Defective Product,5016.17,Approved
RET-10740,ORD-505362,Wrong Item,9328.98,Approved
RET-10741,ORD-505365,Wrong Item,3390.86,Pending
RET-10742,ORD-505378,Size Issue,19349.97,Approved
RET-10743,ORD-505383,Customer Dissatisfaction,1784.24,Approved
RET-10744,ORD-505388,Customer Dissatisfaction,0.0,Rejected
RET-10745,ORD-505393,Wrong Item,0.0,Rejected
RET-10746,ORD-505410,Defective Product,71521.08,Approved
RET-10747,ORD-505412,Wrong Item,0.0,Rejected
RET-10748,ORD-505415,Defective Product,113113.03,Approved
RET-10749,ORD-505416,Late Delivery,11616.63,Pending
RET-10750,ORD-505422,Defective Product,6839.4,Approved
RET-10751,ORD-505425,Damaged in Transit,9937.11,Approved
RET-10752,ORD-505435,Size Issue,145746.42,Approved
RET-10753,ORD-505446,Damaged in Transit,25572.67,Approved
RET-10754,ORD-505447,Defective Product,2172.03,Pending
RET-10755,ORD-505454,Damaged in Transit,69225.16,Pending
RET-10756,ORD-505480,Defective Product,3597.62,Approved
RET-10757,ORD-505485,Damaged in Transit,124190.85,Approved
RET-10758,ORD-505493,Damaged in Transit,40878.85,Approved
RET-10759,ORD-505496,Size Issue,9918.53,Approved
RET-10760,ORD-505507,Defective Product,1276.97,Approved
RET-10761,ORD-505509,Damaged in Transit,440.03,Approved
RET-10762,ORD-505521,Wrong Item,0.0,Rejected
RET-10763,ORD-505522,Customer Dissatisfaction,13698.44,Approved
RET-10764,ORD-505523,Size Issue,184444.35,Approved
RET-10765,ORD-505526,Size Issue,1205.8,Approved
RET-10766,ORD-505534,,59502.46,Approved
RET-10767,ORD-505538,Damaged in Transit,0.0,Rejected
RET-10768,ORD-505543,Late Delivery,0.0,Rejected
RET-10769,ORD-505562,Size Issue,93727.64,Approved
RET-10770,ORD-505567,Wrong Item,25921.42,Approved
RET-10771,ORD-505575,Size Issue,4558.83,Approved
RET-10772,ORD-505583,Defective Product,10430.6,Pending
RET-10773,ORD-505592,Damaged in Transit,31226.56,Approved
RET-10774,ORD-505598,Defective Product,4261.55,Approved
RET-10775,ORD-505601,Damaged in Transit,101736.88,Approved
RET-10776,ORD-505613,Damaged in Transit,38264.97,Approved
RET-10777,ORD-505615,Late Delivery,0.0,Rejected
RET-10778,ORD-505619,Defective Product,4920.94,Pending
RET-10779,ORD-505621,Defective Product,12108.4,Approved
RET-10780,ORD-505652,Damaged in Transit,1643.25,Pending
RET-10781,ORD-505655,Customer Dissatisfaction,22078.27,Approved
RET-10782,ORD-505658,Wrong Item,0.0,Rejected
RET-10783,ORD-505662,Wrong Item,3942.44,Pending
RET-10784,ORD-505664,Size Issue,59628.38,Approved
RET-10785,ORD-505672,Damaged in Transit,103909.37,Approved
RET-10786,ORD-505680,Defective Product,0.0,Rejected
RET-10787,ORD-505686,Damaged in Transit,7206.28,Approved
RET-10788,ORD-505687,Damaged in Transit,65455.21,Approved
RET-10789,ORD-505704,Damaged in Transit,1599.18,Approved
RET-10790,ORD-505708,Late Delivery,1353.05,Pending
RET-10791,ORD-505709,Customer Dissatisfaction,4316.15,Approved
RET-10792,ORD-505715,Wrong Item,23929.42,Approved
RET-10793,ORD-505727,Customer Dissatisfaction,3235.97,Approved
RET-10794,ORD-505740,Defective Product,2341.64,Approved
RET-10795,ORD-505742,Damaged in Transit,6313.99,Pending
RET-10796,ORD-505745,Size Issue,96420.39,Pending
RET-10797,ORD-505750,Damaged in Transit,5688.35,Approved
RET-10798,ORD-505752,Wrong Item,61954.46,Approved
RET-10799,ORD-505757,Late Delivery,0.0,Rejected
RET-10800,ORD-505758,Defective Product,726.8,Approved
RET-10801,ORD-505760,Wrong Item,32824.28,Approved
RET-10802,ORD-505770,Customer Dissatisfaction,1919.24,Pending
RET-10803,ORD-505771,Late Delivery,36652.12,Approved
RET-10804,ORD-505781,Wrong Item,81049.71,Pending
RET-10805,ORD-505795,Size Issue,18842.65,Approved
RET-10806,ORD-505808,Customer Dissatisfaction,50748.02,Approved
RET-10807,ORD-505814,Wrong Item,2158.74,Approved
RET-10808,ORD-505815,Late Delivery,4811.96,Pending
RET-10809,ORD-505820,Customer Dissatisfaction,11028.62,Approved
RET-10810,ORD-505823,Size Issue,81899.19,Approved
RET-10811,ORD-505829,Wrong Item,20791.21,Approved
RET-10812,ORD-505832,Wrong Item,0.0,Rejected
RET-10813,ORD-505834,Customer Dissatisfaction,2845.24,Pending
RET-10814,ORD-505835,Size Issue,174437.42,Approved
RET-10815,ORD-505840,Wrong Item,0.0,Rejected
RET-10816,ORD-505843,Late Delivery,2259.6,Approved
RET-10817,ORD-505855,Damaged in Transit,20929.89,Approved
RET-10818,ORD-505856,Defective Product,10821.26,Approved
RET-10819,ORD-505867,Damaged in Transit,160608.94,Approved
RET-10820,ORD-505868,Defective Product,0.0,Rejected
RET-10821,ORD-505870,Customer Dissatisfaction,935.41,Approved
RET-10822,ORD-505878,Damaged in Transit,0.0,Rejected
RET-10823,ORD-505888,Defective Product,23819.19,Approved
RET-10824,ORD-505897,Wrong Item,113941.59,Approved
RET-10825,ORD-505906,Wrong Item,42986.69,Approved
RET-10826,ORD-505908,Size Issue,15627.05,Pending
RET-10827,ORD-505909,Size Issue,39832.42,Pending
RET-10828,ORD-505916,Wrong Item,0.0,Rejected
RET-10829,ORD-505939,Late Delivery,0.0,Rejected
RET-10830,ORD-505941,Damaged in Transit,29180.91,Approved
RET-10831,ORD-505953,Late Delivery,140630.16,Approved
RET-10832,ORD-505958,Customer Dissatisfaction,10940.99,Approved
RET-10833,ORD-505962,Size Issue,92569.3,Approved
RET-10834,ORD-505963,Size Issue,13889.14,Approved
RET-10835,ORD-505976,Size Issue,300749.18,Approved
RET-10836,ORD-505985,Wrong Item,47409.1,Approved
RET-10837,ORD-505992,Late Delivery,152535.81,Approved
RET-10838,ORD-505997,Late Delivery,179453.76,Approved
RET-10839,ORD-506005,Damaged in Transit,3587.89,Approved
RET-10840,ORD-506008,Size Issue,0.0,Rejected
RET-10841,ORD-506009,Size Issue,148929.14,Approved
RET-10842,ORD-506027,Wrong Item,12915.24,Approved
RET-10843,ORD-506031,Defective Product,98265.83,Approved
RET-10844,ORD-506039,Wrong Item,0.0,Rejected
RET-10845,ORD-506053,Damaged in Transit,16577.58,Approved
RET-10846,ORD-506059,Customer Dissatisfaction,10279.86,Approved
RET-10847,ORD-506061,Customer Dissatisfaction,28675.19,Approved
RET-10848,ORD-506084,Defective Product,10733.05,Pending
RET-10849,ORD-506098,Late Delivery,125185.8,Approved
RET-10850,ORD-506101,Wrong Item,2881.19,Approved
RET-10851,ORD-506121,Wrong Item,8002.77,Approved
RET-10852,ORD-506136,Damaged in Transit,98599.17,Approved
RET-10853,ORD-506150,Customer Dissatisfaction,337891.2,Pending
RET-10854,ORD-506153,Damaged in Transit,28461.63,Approved
RET-10855,ORD-506160,Late Delivery,38402.84,Pending
RET-10856,ORD-506161,Defective Product,2695.75,Pending
RET-10857,ORD-506162,Late Delivery,4631.67,Approved
RET-10858,ORD-506171,Wrong Item,10903.05,Approved
RET-10859,ORD-506173,Damaged in Transit,41330.86,Approved
RET-10860,ORD-506180,Wrong Item,19890.55,Approved
RET-10861,ORD-506183,Defective Product,12064.05,Pending
RET-10862,ORD-506191,Damaged in Transit,24414.45,Approved
RET-10863,ORD-506207,Damaged in Transit,16442.72,Approved
RET-10864,ORD-506220,Damaged in Transit,0.0,Rejected
RET-10865,ORD-506223,Late Delivery,29301.73,Approved
RET-10866,ORD-506229,Size Issue,81135.5,Pending
RET-10867,ORD-506234,Customer Dissatisfaction,0.0,Rejected
RET-10868,ORD-506237,Defective Product,10467.15,Approved
RET-10869,ORD-506256,Size Issue,8736.81,Approved
RET-10870,ORD-506270,Defective Product,35526.11,Approved
RET-10871,ORD-506271,Size Issue,19283.64,Approved
RET-10872,ORD-506285,Size Issue,1320.97,Approved
RET-10873,ORD-506287,Defective Product,655.52,Approved
RET-10874,ORD-506301,Wrong Item,115850.5,Pending
RET-10875,ORD-506310,Customer Dissatisfaction,1138.36,Approved
RET-10876,ORD-506318,Late Delivery,0.0,Rejected
RET-10877,ORD-506321,Late Delivery,12330.39,Approved
RET-10878,ORD-506325,Wrong Item,23599.64,Approved
RET-10879,ORD-506327,Size Issue,34839.09,Approved
RET-10880,ORD-506339,Damaged in Transit,93911.13,Approved
RET-10881,ORD-506351,Wrong Item,496.08,Pending
RET-10882,ORD-506358,Size Issue,72739.85,Approved
RET-10883,ORD-506401,Size Issue,95890.58,Approved
RET-10884,ORD-506402,Size Issue,18568.25,Pending
RET-10885,ORD-506404,Wrong Item,280291.34,Approved
RET-10886,ORD-506405,Late Delivery,29434.79,Approved
RET-10887,ORD-506416,Damaged in Transit,66305.29,Approved
RET-10888,ORD-506422,Wrong Item,10771.32,Approved
RET-10889,ORD-506434,Customer Dissatisfaction,17550.33,Approved
RET-10890,ORD-506441,Customer Dissatisfaction,3892.12,Pending
RET-10891,ORD-506443,Defective Product,15271.19,Approved
RET-10892,ORD-506479,Size Issue,4430.27,Approved
RET-10893,ORD-506500,Customer Dissatisfaction,1351.24,Approved
RET-10894,ORD-506503,Defective Product,8499.77,Approved
RET-10895,ORD-506506,Wrong Item,3786.91,Pending
RET-10896,ORD-506508,Defective Product,0.0,Rejected
RET-10897,ORD-506512,Customer Dissatisfaction,0.0,Rejected
RET-10898,ORD-506519,Defective Product,79532.08,Approved
RET-10899,ORD-506551,Wrong Item,3393.52,Approved
RET-10900,ORD-506553,Late Delivery,3084.15,Approved
RET-10901,ORD-506554,Late Delivery,0.0,Rejected
RET-10902,ORD-506556,Damaged in Transit,24026.63,Approved
RET-10903,ORD-506560,Customer Dissatisfaction,252288.71,Approved
RET-10904,ORD-506572,Late Delivery,0.0,Rejected
RET-10905,ORD-506574,Damaged in Transit,117374.36,Approved
RET-10906,ORD-506577,Defective Product,94112.47,Approved
RET-10907,ORD-506597,,102980.6,Approved
RET-10908,ORD-506599,Defective Product,12558.2,Approved
RET-10909,ORD-506600,Size Issue,8575.93,Approved
RET-10910,ORD-506613,Wrong Item,43694.82,Approved
RET-10911,ORD-506627,Late Delivery,82129.77,Approved
RET-10912,ORD-506629,Late Delivery,0.0,Rejected
RET-10913,ORD-506645,Damaged in Transit,82522.34,Approved
RET-10914,ORD-506649,Size Issue,25439.39,Pending
RET-10915,ORD-506666,Size Issue,123939.99,Approved
RET-10916,ORD-506681,Defective Product,32864.12,Approved
RET-10917,ORD-506683,Defective Product,6277.81,Approved
RET-10918,ORD-506688,Customer Dissatisfaction,1580.96,Pending
RET-10919,ORD-506696,Late Delivery,4310.04,Approved
RET-10920,ORD-506708,Damaged in Transit,14281.89,Approved
RET-10921,ORD-506711,Wrong Item,0.0,Rejected
RET-10922,ORD-506712,Customer Dissatisfaction,2409.58,Pending
RET-10923,ORD-506719,Size Issue,14990.43,Approved
RET-10924,ORD-506731,Late Delivery,40436.84,Approved
RET-10925,ORD-506740,Wrong Item,71816.76,Approved
RET-10926,ORD-506743,Late Delivery,72808.33,Approved
RET-10927,ORD-506754,Late Delivery,21817.03,Approved
RET-10928,ORD-506773,Late Delivery,6684.31,Approved
RET-10929,ORD-506777,Customer Dissatisfaction,1974.35,Approved
RET-10930,ORD-506781,Defective Product,163625.38,Approved
RET-10931,ORD-506786,Late Delivery,6501.82,Pending
RET-10932,ORD-506798,Size Issue,16481.28,Pending
RET-10933,ORD-506825,Damaged in Transit,1165.41,Approved
RET-10934,ORD-506832,Wrong Item,83749.18,Approved
RET-10935,ORD-506860,Size Issue,25318.79,Approved
RET-10936,ORD-506866,Size Issue,32416.79,Approved
RET-10937,ORD-506870,Customer Dissatisfaction,220321.65,Approved
RET-10938,ORD-506883,Late Delivery,1597.11,Pending
RET-10939,ORD-506886,Customer Dissatisfaction,0.0,Rejected
RET-10940,ORD-506893,Wrong Item,101660.31,Approved
RET-10941,ORD-506896,Late Delivery,36899.36,Approved
RET-10942,ORD-506905,Damaged in Transit,18740.8,Approved
RET-10943,ORD-506923,Customer Dissatisfaction,20142.87,Approved
RET-10944,ORD-506927,Damaged in Transit,111939.82,Approved
RET-10945,ORD-506932,Late Delivery,207400.05,Approved
RET-10946,ORD-506945,Size Issue,28570.06,Approved
RET-10947,ORD-506970,Defective Product,9991.56,Approved
RET-10948,ORD-506991,Size Issue,0.0,Rejected
RET-10949,ORD-506993,Wrong Item,8307.94,Approved
RET-10950,ORD-507000,Late Delivery,0.0,Rejected
RET-10951,ORD-507003,Customer Dissatisfaction,14624.59,Approved
RET-10952,ORD-507005,Damaged in Transit,19510.15,Pending
RET-10953,ORD-507012,Damaged in Transit,0.0,Rejected
RET-10954,ORD-507018,Size Issue,0.0,Rejected
RET-10955,ORD-507038,Wrong Item,159376.98,Approved
RET-10956,ORD-507050,Damaged in Transit,1036.02,Approved
RET-10957,ORD-507052,Size Issue,0.0,Rejected
RET-10958,ORD-507055,Size Issue,79821.52,Approved
RET-10959,ORD-507064,Wrong Item,6702.17,Approved
RET-10960,ORD-507079,Size Issue,7402.75,Approved
RET-10961,ORD-507081,Defective Product,26309.03,Approved
RET-10962,ORD-507082,Customer Dissatisfaction,2403.72,Pending
RET-10963,ORD-507097,Defective Product,60217.98,Approved
RET-10964,ORD-507098,Wrong Item,194340.55,Approved
RET-10965,ORD-507099,Damaged in Transit,7589.61,Pending
RET-10966,ORD-507101,Customer Dissatisfaction,23385.09,Approved
RET-10967,ORD-507113,,12057.13,Approved
RET-10968,ORD-507116,Damaged in Transit,40199.16,Approved
RET-10969,ORD-507151,Late Delivery,9856.83,Approved
RET-10970,ORD-507157,Customer Dissatisfaction,189211.66,Approved
RET-10971,ORD-507158,Damaged in Transit,0.0,Rejected
RET-10972,ORD-507183,Wrong Item,89719.44,Pending
RET-10973,ORD-507197,Defective Product,33328.03,Pending
RET-10974,ORD-507217,Late Delivery,2519.81,Approved
RET-10975,ORD-507222,Defective Product,0.0,Rejected
RET-10976,ORD-507239,Customer Dissatisfaction,150917.89,Approved
RET-10977,ORD-507246,Size Issue,5397.1,Approved
RET-10978,ORD-507258,Defective Product,2328.86,Approved
RET-10979,ORD-507260,Size Issue,12477.46,Pending
RET-10980,ORD-507265,Damaged in Transit,69815.9,Approved
RET-10981,ORD-507268,Damaged in Transit,48349.86,Approved
RET-10982,ORD-507280,Defective Product,0.0,Rejected
RET-10983,ORD-507281,Damaged in Transit,81549.93,Approved
RET-10984,ORD-507282,Size Issue,8179.68,Pending
RET-10985,ORD-507294,Wrong Item,96944.83,Approved
RET-10986,ORD-507296,Late Delivery,0.0,Rejected
RET-10987,ORD-507317,Wrong Item,11072.48,Pending
RET-10988,ORD-507321,Wrong Item,89468.77,Approved
RET-10989,ORD-507344,Defective Product,11034.59,Approved
RET-10990,ORD-507347,Customer Dissatisfaction,1870.92,Pending
RET-10991,ORD-507350,Damaged in Transit,113652.49,Approved
RET-10992,ORD-507356,Customer Dissatisfaction,43605.65,Approved
RET-10993,ORD-507363,Late Delivery,4838.45,Approved
RET-10994,ORD-507372,Size Issue,0.0,Rejected
RET-10995,ORD-507374,Late Delivery,19768.06,Approved
RET-10996,ORD-507381,Late Delivery,173232.9,Approved
RET-10997,ORD-507391,Late Delivery,99225.18,Approved
RET-10998,ORD-507393,Wrong Item,39144.5,Approved
RET-10999,ORD-507399,Damaged in Transit,7042.99,Approved
RET-11000,ORD-507401,Size Issue,218021.96,Approved
RET-11001,ORD-507418,Size Issue,8526.78,Approved
RET-11002,ORD-507440,Size Issue,2640.36,Approved
RET-11003,ORD-507466,Damaged in Transit,21985.5,Approved
RET-11004,ORD-507467,Customer Dissatisfaction,28136.0,Approved
RET-11005,ORD-507470,Defective Product,17604.13,Approved
RET-11006,ORD-507471,Wrong Item,8332.27,Approved
RET-11007,ORD-507484,Late Delivery,48519.36,Approved
RET-11008,ORD-507486,Damaged in Transit,18447.85,Pending
RET-11009,ORD-507490,Damaged in Transit,7677.95,Approved
RET-11010,ORD-507499,Size Issue,32300.13,Approved
RET-11011,ORD-507515,Late Delivery,18271.56,Approved
RET-11012,ORD-507519,Defective Product,897.76,Approved
RET-11013,ORD-507531,Wrong Item,39709.3,Approved
RET-11014,ORD-507540,Wrong Item,637.85,Pending
RET-11015,ORD-507560,Customer Dissatisfaction,77735.84,Approved
RET-11016,ORD-507577,Late Delivery,118309.32,Approved
RET-11017,ORD-507578,Damaged in Transit,37937.01,Approved
RET-11018,ORD-507581,Customer Dissatisfaction,14018.05,Approved
RET-11019,ORD-507585,Damaged in Transit,3979.55,Approved
RET-11020,ORD-507594,Late Delivery,8590.79,Approved
RET-11021,ORD-507595,Defective Product,21409.96,Approved
RET-11022,ORD-507598,Wrong Item,1398.06,Approved
RET-11023,ORD-507599,Damaged in Transit,3932.95,Approved
RET-11024,ORD-507603,Size Issue,72348.8,Approved
RET-11025,ORD-507608,Damaged in Transit,0.0,Rejected
RET-11026,ORD-507613,Late Delivery,864377.77,Approved
RET-11027,ORD-507644,Wrong Item,8972.37,Approved
RET-11028,ORD-507654,Damaged in Transit,6875.35,Approved
RET-11029,ORD-507659,Customer Dissatisfaction,6700.25,Approved
RET-11030,ORD-507665,Customer Dissatisfaction,7784.55,Approved
RET-11031,ORD-507666,Late Delivery,108922.26,Approved
RET-11032,ORD-507667,Customer Dissatisfaction,13300.31,Approved
RET-11033,ORD-507679,Customer Dissatisfaction,207456.56,Pending
RET-11034,ORD-507680,Size Issue,89161.58,Approved
RET-11035,ORD-507688,,13873.55,Approved
RET-11036,ORD-507697,Wrong Item,5947.89,Approved
RET-11037,ORD-507706,Damaged in Transit,36479.82,Approved
RET-11038,ORD-507708,Customer Dissatisfaction,4136.9,Approved
RET-11039,ORD-507724,Defective Product,45661.7,Approved
RET-11040,ORD-507728,Damaged in Transit,158830.38,Approved
RET-11041,ORD-507734,Late Delivery,0.0,Rejected
RET-11042,ORD-507738,Defective Product,1648.19,Pending
RET-11043,ORD-507746,Wrong Item,25270.45,Approved
RET-11044,ORD-507751,Late Delivery,205881.1,Pending
RET-11045,ORD-507759,Wrong Item,147290.58,Approved
RET-11046,ORD-507763,Late Delivery,6215.49,Approved
RET-11047,ORD-507774,Late Delivery,23131.71,Pending
RET-11048,ORD-507790,Damaged in Transit,4704.87,Approved
RET-11049,ORD-507808,Wrong Item,2784.41,Approved
RET-11050,ORD-507819,Wrong Item,565.71,Approved
RET-11051,ORD-507824,Damaged in Transit,21666.41,Approved
RET-11052,ORD-507830,,0.0,Rejected
RET-11053,ORD-507850,Damaged in Transit,12422.11,Approved
RET-11054,ORD-507860,Damaged in Transit,19694.58,Approved
RET-11055,ORD-507865,Damaged in Transit,306.27,Pending
RET-11056,ORD-507869,Size Issue,3938.81,Approved
RET-11057,ORD-507887,Size Issue,6693.22,Pending
RET-11058,ORD-507891,Customer Dissatisfaction,13621.51,Pending
RET-11059,ORD-507896,Late Delivery,18878.31,Approved
RET-11060,ORD-507897,Customer Dissatisfaction,35720.27,Approved
RET-11061,ORD-507906,Damaged in Transit,60937.78,Pending
RET-11062,ORD-507912,Defective Product,4980.67,Approved
RET-11063,ORD-507919,Late Delivery,885.45,Approved
RET-11064,ORD-507924,Customer Dissatisfaction,1270.76,Pending
RET-11065,ORD-507925,Damaged in Transit,0.0,Rejected
RET-11066,ORD-507926,Size Issue,41534.08,Approved
RET-11067,ORD-507940,Defective Product,4795.66,Approved
RET-11068,ORD-507955,Defective Product,847.53,Approved
RET-11069,ORD-507978,Wrong Item,6938.43,Approved
RET-11070,ORD-507988,Wrong Item,0.0,Rejected
RET-11071,ORD-507989,Size Issue,36961.24,Approved
RET-11072,ORD-507996,Damaged in Transit,1986.18,Approved
RET-11073,ORD-508009,Late Delivery,13392.9,Pending
RET-11074,ORD-508010,Size Issue,688.68,Approved
RET-11075,ORD-508020,Size Issue,3748.35,Approved
RET-11076,ORD-508030,Size Issue,0.0,Rejected
RET-11077,ORD-508047,Damaged in Transit,0.0,Rejected
RET-11078,ORD-508048,Defective Product,219072.27,Approved
RET-11079,ORD-508058,Late Delivery,20088.59,Approved
RET-11080,ORD-508066,Customer Dissatisfaction,0.0,Rejected
RET-11081,ORD-508068,Customer Dissatisfaction,253100.44,Approved
RET-11082,ORD-508076,Defective Product,382.19,Pending
RET-11083,ORD-508085,Size Issue,1014.18,Approved
RET-11084,ORD-508091,Wrong Item,83098.59,Pending
RET-11085,ORD-508108,Customer Dissatisfaction,2489.44,Approved
RET-11086,ORD-508110,Wrong Item,69741.32,Pending
RET-11087,ORD-508117,Customer Dissatisfaction,88200.18,Approved
RET-11088,ORD-508118,Late Delivery,17222.0,Approved
RET-11089,ORD-508122,Defective Product,9129.01,Pending
RET-11090,ORD-508125,Wrong Item,0.0,Rejected
RET-11091,ORD-508144,Late Delivery,0.0,Rejected
RET-11092,ORD-508166,Defective Product,5885.91,Pending
RET-11093,ORD-508174,Wrong Item,35173.19,Approved
RET-11094,ORD-508178,Defective Product,56772.82,Approved
RET-11095,ORD-508184,Damaged in Transit,2650.42,Approved
RET-11096,ORD-508188,Late Delivery,22981.37,Approved
RET-11097,ORD-508190,Damaged in Transit,3267.94,Approved
RET-11098,ORD-508205,Late Delivery,0.0,Rejected
RET-11099,ORD-508209,Size Issue,8584.41,Approved
RET-11100,ORD-508221,Customer Dissatisfaction,0.0,Rejected
RET-11101,ORD-508239,Late Delivery,1479.9,Approved
RET-11102,ORD-508239,Damaged in Transit,1147.38,Pending
RET-11103,ORD-508264,Defective Product,23466.83,Pending
RET-11104,ORD-508271,Customer Dissatisfaction,7074.29,Approved
RET-11105,ORD-508293,Customer Dissatisfaction,9113.44,Approved
RET-11106,ORD-508303,Size Issue,37715.33,Approved
RET-11107,ORD-508309,Size Issue,14339.73,Approved
RET-11108,ORD-508310,Customer Dissatisfaction,167262.97,Approved
RET-11109,ORD-508318,Late Delivery,6729.72,Approved
RET-11110,ORD-508320,Late Delivery,19481.38,Approved
RET-11111,ORD-508323,Customer Dissatisfaction,0.0,Rejected
RET-11112,ORD-508324,Wrong Item,20388.75,Approved
RET-11113,ORD-508328,Wrong Item,53378.41,Approved
RET-11114,ORD-508332,Late Delivery,4732.55,Pending
RET-11115,ORD-508334,Damaged in Transit,15918.65,Approved
RET-11116,ORD-508340,Wrong Item,22131.38,Approved
RET-11117,ORD-508348,Wrong Item,34961.1,Approved
RET-11118,ORD-508354,Wrong Item,23662.35,Approved
RET-11119,ORD-508369,Wrong Item,21333.83,Approved
RET-11120,ORD-508372,Damaged in Transit,123012.3,Approved
RET-11121,ORD-508388,Late Delivery,80194.8,Approved
RET-11122,ORD-508411,Damaged in Transit,6487.21,Pending
RET-11123,ORD-508412,Customer Dissatisfaction,149936.5,Approved
RET-11124,ORD-508428,Customer Dissatisfaction,13738.07,Approved
RET-11125,ORD-508431,Customer Dissatisfaction,43201.41,Pending
RET-11126,ORD-508442,Late Delivery,3475.08,Approved
RET-11127,ORD-508444,Size Issue,11249.4,Pending
RET-11128,ORD-508449,Damaged in Transit,32725.3,Approved
RET-11129,ORD-508451,Defective Product,4124.54,Approved
RET-11130,ORD-508461,Size Issue,20817.26,Pending
RET-11131,ORD-508469,Late Delivery,32028.77,Approved
RET-11132,ORD-508478,Damaged in Transit,119706.33,Approved
RET-11133,ORD-508487,Defective Product,22114.31,Approved
RET-11134,ORD-508490,Size Issue,181263.44,Approved
RET-11135,ORD-508492,Late Delivery,26181.68,Approved
RET-11136,ORD-508505,Late Delivery,7542.74,Approved
RET-11137,ORD-508512,Size Issue,26436.2,Approved
RET-11138,ORD-508513,Wrong Item,4033.53,Pending
RET-11139,ORD-508523,Defective Product,1255.53,Approved
RET-11140,ORD-508526,Damaged in Transit,23395.5,Approved
RET-11141,ORD-508527,Customer Dissatisfaction,0.0,Rejected
RET-11142,ORD-508533,Wrong Item,15995.25,Approved
RET-11143,ORD-508563,Damaged in Transit,6735.07,Approved
RET-11144,ORD-508579,Defective Product,11862.23,Approved
RET-11145,ORD-508586,Damaged in Transit,0.0,Rejected
RET-11146,ORD-508604,Size Issue,14685.23,Approved
RET-11147,ORD-508620,Wrong Item,39136.7,Approved
RET-11148,ORD-508642,Wrong Item,1232.07,Approved
RET-11149,ORD-508653,Defective Product,19143.08,Approved
RET-11150,ORD-508680,Damaged in Transit,5425.98,Approved
RET-11151,ORD-508682,Late Delivery,1212.36,Approved
RET-11152,ORD-508701,Damaged in Transit,0.0,Rejected
RET-11153,ORD-508702,Size Issue,14931.88,Approved
RET-11154,ORD-508707,Late Delivery,0.0,Rejected
RET-11155,ORD-508710,Defective Product,0.0,Rejected
RET-11156,ORD-508712,Customer Dissatisfaction,10002.51,Approved
RET-11157,ORD-508713,Size Issue,16982.9,Approved
RET-11158,ORD-508714,Wrong Item,33901.18,Pending
RET-11159,ORD-508729,Late Delivery,35602.35,Pending
RET-11160,ORD-508736,Damaged in Transit,0.0,Rejected
RET-11161,ORD-508746,Wrong Item,42556.46,Approved
RET-11162,ORD-508750,Size Issue,8593.77,Approved
RET-11163,ORD-508751,Customer Dissatisfaction,11673.0,Approved
RET-11164,ORD-508758,Size Issue,114090.97,Approved
RET-11165,ORD-508773,Size Issue,6897.45,Approved
RET-11166,ORD-508783,Damaged in Transit,0.0,Rejected
RET-11167,ORD-508784,Customer Dissatisfaction,20990.29,Approved
RET-11168,ORD-508797,Size Issue,1497.56,Approved
RET-11169,ORD-508813,Wrong Item,46617.33,Approved
RET-11170,ORD-508827,Late Delivery,17676.67,Approved
RET-11171,ORD-508832,Customer Dissatisfaction,2548.82,Approved
RET-11172,ORD-508833,Customer Dissatisfaction,0.0,Rejected
RET-11173,ORD-508844,,12336.38,Pending
RET-11174,ORD-508850,Damaged in Transit,232864.34,Approved
RET-11175,ORD-508856,Wrong Item,12165.59,Approved
RET-11176,ORD-508862,Size Issue,4097.92,Approved
RET-11177,ORD-508865,Damaged in Transit,0.0,Rejected
RET-11178,ORD-508882,Wrong Item,33254.75,Approved
RET-11179,ORD-508888,Defective Product,90598.55,Approved
RET-11180,ORD-508894,Customer Dissatisfaction,13833.09,Approved
RET-11181,ORD-508896,Size Issue,3488.02,Approved
RET-11182,ORD-508906,Size Issue,71680.91,Approved
RET-11183,ORD-508932,Damaged in Transit,26502.78,Approved
RET-11184,ORD-508933,Late Delivery,4781.55,Approved
RET-11185,ORD-508976,Defective Product,24968.64,Approved
RET-11186,ORD-508979,Customer Dissatisfaction,28973.58,Approved
RET-11187,ORD-508980,Defective Product,4895.37,Approved
RET-11188,ORD-508985,Defective Product,227846.07,Approved
RET-11189,ORD-508986,Size Issue,28329.63,Approved
RET-11190,ORD-508990,Size Issue,5225.2,Approved
RET-11191,ORD-508993,Defective Product,5559.07,Approved
RET-11192,ORD-508997,Size Issue,115613.41,Approved
RET-11193,ORD-509008,Wrong Item,38615.9,Approved
RET-11194,ORD-509017,Customer Dissatisfaction,61485.66,Approved
RET-11195,ORD-509019,Size Issue,11874.84,Approved
RET-11196,ORD-509026,Defective Product,6190.91,Approved
RET-11197,ORD-509027,Wrong Item,35188.72,Approved
RET-11198,ORD-509037,Wrong Item,6746.27,Approved
RET-11199,ORD-509043,Wrong Item,15462.41,Approved
RET-11200,ORD-509045,Customer Dissatisfaction,11144.18,Pending
RET-11201,ORD-509049,Defective Product,12851.68,Pending
RET-11202,ORD-509053,Wrong Item,141083.43,Approved
RET-11203,ORD-509067,Late Delivery,45992.02,Approved
RET-11204,ORD-509072,Defective Product,72110.68,Pending
RET-11205,ORD-509073,Wrong Item,154936.99,Approved
RET-11206,ORD-509076,Damaged in Transit,8287.33,Approved
RET-11207,ORD-509077,Customer Dissatisfaction,0.0,Rejected
RET-11208,ORD-509084,Wrong Item,5555.23,Approved
RET-11209,ORD-509086,Defective Product,71468.77,Approved
RET-11210,ORD-509099,Damaged in Transit,30280.9,Approved
RET-11211,ORD-509104,Damaged in Transit,38530.89,Approved
RET-11212,ORD-509108,Customer Dissatisfaction,31965.33,Approved
RET-11213,ORD-509131,Wrong Item,4413.63,Approved
RET-11214,ORD-509140,Defective Product,0.0,Rejected
RET-11215,ORD-509143,Wrong Item,0.0,Rejected
RET-11216,ORD-509144,Wrong Item,6250.01,Approved
RET-11217,ORD-509146,Customer Dissatisfaction,0.0,Rejected
RET-11218,ORD-509154,Late Delivery,0.0,Rejected
RET-11219,ORD-509158,Wrong Item,0.0,Rejected
RET-11220,ORD-509159,Damaged in Transit,9207.03,Approved
RET-11221,ORD-509176,Size Issue,0.0,Rejected
RET-11222,ORD-509177,Customer Dissatisfaction,9200.97,Approved
RET-11223,ORD-509205,Customer Dissatisfaction,0.0,Rejected
RET-11224,ORD-509212,Late Delivery,69095.88,Approved
RET-11225,ORD-509213,Damaged in Transit,0.0,Rejected
RET-11226,ORD-509216,Size Issue,7682.63,Approved
RET-11227,ORD-509223,Damaged in Transit,0.0,Rejected
RET-11228,ORD-509238,Wrong Item,0.0,Rejected
RET-11229,ORD-509240,Size Issue,30247.3,Approved
RET-11230,ORD-509241,Customer Dissatisfaction,9058.65,Approved
RET-11231,ORD-509255,Customer Dissatisfaction,70842.27,Approved
RET-11232,ORD-509282,Wrong Item,6710.04,Approved
RET-11233,ORD-509288,Customer Dissatisfaction,182309.89,Approved
RET-11234,ORD-509289,,4022.04,Approved
RET-11235,ORD-509294,Defective Product,98032.77,Approved
RET-11236,ORD-509297,Size Issue,289334.93,Approved
RET-11237,ORD-509301,Customer Dissatisfaction,4323.66,Approved
RET-11238,ORD-509305,Size Issue,1177.07,Pending
RET-11239,ORD-509321,Defective Product,11317.33,Pending
RET-11240,ORD-509322,Wrong Item,3670.12,Approved
RET-11241,ORD-509333,Damaged in Transit,5980.24,Approved
RET-11242,ORD-509359,Defective Product,54959.31,Approved
RET-11243,ORD-509360,Size Issue,11562.46,Pending
RET-11244,ORD-509384,Late Delivery,57776.0,Approved
RET-11245,ORD-509388,Defective Product,0.0,Rejected
RET-11246,ORD-509402,Late Delivery,8607.57,Approved
RET-11247,ORD-509403,Damaged in Transit,94148.08,Pending
RET-11248,ORD-509415,Late Delivery,0.0,Rejected
RET-11249,ORD-509420,Wrong Item,1906.12,Pending
RET-11250,ORD-509421,Wrong Item,35216.66,Approved
RET-11251,ORD-509432,Customer Dissatisfaction,90332.96,Pending
RET-11252,ORD-509436,Wrong Item,0.0,Rejected
RET-11253,ORD-509446,Customer Dissatisfaction,5116.22,Pending
RET-11254,ORD-509448,Defective Product,33907.66,Approved
RET-11255,ORD-509449,Wrong Item,0.0,Rejected
RET-11256,ORD-509451,Defective Product,8969.05,Approved
RET-11257,ORD-509453,Customer Dissatisfaction,77819.78,Approved
RET-11258,ORD-509458,Size Issue,4500.73,Approved
RET-11259,ORD-509471,Damaged in Transit,0.0,Rejected
RET-11260,ORD-509476,Size Issue,3012.53,Approved
RET-11261,ORD-509478,Damaged in Transit,23622.89,Approved
RET-11262,ORD-509480,Size Issue,1397.82,Pending
RET-11263,ORD-509482,Wrong Item,24128.16,Approved
RET-11264,ORD-509500,Damaged in Transit,34652.16,Approved
RET-11265,ORD-509502,Damaged in Transit,24127.62,Approved
RET-11266,ORD-509503,Wrong Item,58203.16,Pending
RET-11267,ORD-509513,Wrong Item,8446.46,Approved
RET-11268,ORD-509548,Defective Product,23090.16,Approved
RET-11269,ORD-509559,Size Issue,175501.01,Approved
RET-11270,ORD-509561,Late Delivery,3390.07,Approved
RET-11271,ORD-509572,Defective Product,16236.93,Pending
RET-11272,ORD-509587,Defective Product,11825.88,Approved
RET-11273,ORD-509600,Late Delivery,3959.23,Approved
RET-11274,ORD-509615,Customer Dissatisfaction,75356.28,Approved
RET-11275,ORD-509628,Customer Dissatisfaction,39294.84,Approved
RET-11276,ORD-509648,Late Delivery,371.68,Pending
RET-11277,ORD-509649,Customer Dissatisfaction,2151.81,Pending
RET-11278,ORD-509667,Customer Dissatisfaction,6334.31,Approved
RET-11279,ORD-509674,Size Issue,17759.25,Approved
RET-11280,ORD-509677,Damaged in Transit,30056.15,Approved
RET-11281,ORD-509681,Size Issue,93955.36,Approved
RET-11282,ORD-509702,Size Issue,8807.43,Approved
RET-11283,ORD-509709,Size Issue,71408.55,Approved
RET-11284,ORD-509711,Wrong Item,17131.34,Pending
RET-11285,ORD-509721,Customer Dissatisfaction,4889.76,Approved
RET-11286,ORD-509730,Late Delivery,99180.73,Pending
RET-11287,ORD-509736,Size Issue,5898.56,Approved
RET-11288,ORD-509744,Defective Product,316.85,Approved
RET-11289,ORD-509755,Customer Dissatisfaction,133.1,Pending
RET-11290,ORD-509761,Size Issue,3989.85,Pending
RET-11291,ORD-509765,Wrong Item,0.0,Rejected
RET-11292,ORD-509769,Wrong Item,391.62,Approved
RET-11293,ORD-509771,Customer Dissatisfaction,15417.67,Approved
RET-11294,ORD-509772,Customer Dissatisfaction,37173.03,Approved
RET-11295,ORD-509776,Wrong Item,2173.29,Pending
RET-11296,ORD-509797,Damaged in Transit,1857.3,Approved
RET-11297,ORD-509799,Late Delivery,2499.71,Approved
RET-11298,ORD-509816,Customer Dissatisfaction,5152.59,Approved
RET-11299,ORD-509829,Size Issue,24200.71,Approved
RET-11300,ORD-509837,Wrong Item,7976.63,Approved
RET-11301,ORD-509844,Late Delivery,1296.25,Pending
RET-11302,ORD-509845,Customer Dissatisfaction,0.0,Rejected
RET-11303,ORD-509869,Defective Product,376308.03,Approved
RET-11304,ORD-509874,Defective Product,40829.78,Approved
RET-11305,ORD-509877,Wrong Item,12741.82,Approved
RET-11306,ORD-509880,Wrong Item,34044.87,Approved
RET-11307,ORD-509882,Defective Product,4530.8,Approved
RET-11308,ORD-509889,Wrong Item,38733.51,Approved
RET-11309,ORD-509892,Late Delivery,0.0,Rejected
RET-11310,ORD-509896,Late Delivery,0.0,Rejected
RET-11311,ORD-509904,Late Delivery,10404.36,Approved
RET-11312,ORD-509905,Customer Dissatisfaction,15137.08,Pending
RET-11313,ORD-509906,Size Issue,58645.86,Approved
RET-11314,ORD-509913,Late Delivery,26602.67,Approved
RET-11315,ORD-509919,Customer Dissatisfaction,0.0,Rejected
RET-11316,ORD-509929,Wrong Item,119351.73,Approved
RET-11317,ORD-509933,Defective Product,35724.67,Pending
RET-11318,ORD-509938,Wrong Item,226308.67,Approved
RET-11319,ORD-509941,Damaged in Transit,778.15,Pending
RET-11320,ORD-509955,Late Delivery,29662.08,Approved
RET-11321,ORD-509972,Defective Product,4245.79,Approved
RET-11322,ORD-509973,Defective Product,0.0,Rejected
RET-11323,ORD-509980,Defective Product,8815.68,Approved
RET-11324,ORD-509981,Defective Product,18592.26,Pending
RET-11325,ORD-509982,Defective Product,4053.16,Approved
RET-11326,ORD-509985,Defective Product,0.0,Rejected
RET-11327,ORD-509992,Damaged in Transit,36013.99,Approved
RET-11328,ORD-509996,Defective Product,3302.15,Approved
RET-11329,ORD-510007,Wrong Item,0.0,Rejected
RET-11330,ORD-510008,Size Issue,11903.48,Approved
RET-11331,ORD-510012,Late Delivery,7044.31,Approved
RET-11332,ORD-510031,Late Delivery,12919.38,Approved
RET-11333,ORD-510046,Wrong Item,3252.32,Approved
RET-11334,ORD-510057,Late Delivery,11445.71,Approved
RET-11335,ORD-510058,Damaged in Transit,6655.04,Pending
RET-11336,ORD-510060,Damaged in Transit,0.0,Rejected
RET-11337,ORD-510061,Defective Product,8668.3,Pending
RET-11338,ORD-510068,Size Issue,1203.6,Approved
RET-11339,ORD-510073,Damaged in Transit,51286.74,Pending
RET-11340,ORD-510095,Wrong Item,23599.9,Approved
RET-11341,ORD-510099,Wrong Item,13754.36,Approved
RET-11342,ORD-510117,Defective Product,16357.7,Approved
RET-11343,ORD-510138,Late Delivery,7085.59,Pending
RET-11344,ORD-510144,Damaged in Transit,12510.29,Approved
RET-11345,ORD-510147,Size Issue,8932.43,Approved
RET-11346,ORD-510149,Late Delivery,107524.86,Pending
RET-11347,ORD-510153,Damaged in Transit,228293.02,Approved
RET-11348,ORD-510159,Size Issue,83815.54,Approved
RET-11349,ORD-510164,Wrong Item,56927.58,Approved
RET-11350,ORD-510168,Size Issue,73340.85,Approved
RET-11351,ORD-510188,Late Delivery,10381.68,Approved
RET-11352,ORD-510196,Defective Product,1665.45,Approved
RET-11353,ORD-510220,Defective Product,5888.0,Approved
RET-11354,ORD-510230,Late Delivery,5682.74,Approved
RET-11355,ORD-510238,Damaged in Transit,19657.05,Approved
RET-11356,ORD-510243,Damaged in Transit,147.87,Pending
RET-11357,ORD-510258,Damaged in Transit,0.0,Rejected
RET-11358,ORD-510262,Wrong Item,9072.56,Approved
RET-11359,ORD-510264,Customer Dissatisfaction,11344.96,Approved
RET-11360,ORD-510269,Customer Dissatisfaction,20379.05,Pending
RET-11361,ORD-510279,Size Issue,11266.08,Approved
RET-11362,ORD-510289,Late Delivery,59939.9,Approved
RET-11363,ORD-510299,Size Issue,16165.61,Approved
RET-11364,ORD-510302,Customer Dissatisfaction,11172.78,Approved
RET-11365,ORD-510327,Damaged in Transit,3572.87,Approved
RET-11366,ORD-510330,Wrong Item,63868.34,Pending
RET-11367,ORD-510339,Damaged in Transit,22865.23,Pending
RET-11368,ORD-510352,Late Delivery,4532.27,Approved
RET-11369,ORD-510354,Size Issue,2896.14,Approved
RET-11370,ORD-510364,Customer Dissatisfaction,0.0,Rejected
RET-11371,ORD-510382,Late Delivery,97185.71,Approved
RET-11372,ORD-510420,Wrong Item,0.0,Rejected
RET-11373,ORD-510421,Wrong Item,4591.4,Approved
RET-11374,ORD-510424,Wrong Item,8717.38,Pending
RET-11375,ORD-510433,Wrong Item,200961.48,Approved
RET-11376,ORD-510436,Defective Product,2557.54,Approved
RET-11377,ORD-510440,Defective Product,0.0,Rejected
RET-11378,ORD-510441,Defective Product,700.12,Pending
RET-11379,ORD-510444,Late Delivery,0.0,Rejected
RET-11380,ORD-510448,Size Issue,27473.69,Approved
RET-11381,ORD-510450,Wrong Item,0.0,Rejected
RET-11382,ORD-510453,Size Issue,2121.98,Pending
RET-11383,ORD-510456,Customer Dissatisfaction,10905.51,Approved
RET-11384,ORD-510457,Customer Dissatisfaction,32272.05,Approved
RET-11385,ORD-510462,Damaged in Transit,11590.25,Approved
RET-11386,ORD-510467,Late Delivery,0.0,Rejected
RET-11387,ORD-510486,Defective Product,1320.76,Approved
RET-11388,ORD-510492,Defective Product,94759.57,Approved
RET-11389,ORD-510498,Defective Product,33372.03,Approved
RET-11390,ORD-510500,Defective Product,0.0,Rejected
RET-11391,ORD-510504,Customer Dissatisfaction,60912.82,Approved
RET-11392,ORD-510509,Late Delivery,2128.21,Approved
RET-11393,ORD-510515,Customer Dissatisfaction,3607.94,Pending
RET-11394,ORD-510533,Customer Dissatisfaction,841.18,Approved
RET-11395,ORD-510548,Damaged in Transit,8544.76,Approved
RET-11396,ORD-510560,Size Issue,3631.81,Pending
RET-11397,ORD-510561,Defective Product,27849.14,Approved
RET-11398,ORD-510567,Defective Product,0.0,Rejected
RET-11399,ORD-510569,Late Delivery,24963.04,Approved
RET-11400,ORD-510572,Damaged in Transit,18134.34,Approved
RET-11401,ORD-510579,Late Delivery,79947.59,Approved
RET-11402,ORD-510585,Customer Dissatisfaction,928.66,Approved
RET-11403,ORD-510587,Size Issue,0.0,Rejected
RET-11404,ORD-510589,Size Issue,144152.19,Approved
RET-11405,ORD-510592,Size Issue,36310.79,Approved
RET-11406,ORD-510599,Size Issue,8826.42,Pending
RET-11407,ORD-510619,Damaged in Transit,13600.85,Pending
RET-11408,ORD-510622,,33773.6,Approved
RET-11409,ORD-510623,Size Issue,4510.8,Pending
RET-11410,ORD-510626,Late Delivery,45575.01,Approved
RET-11411,ORD-510656,Damaged in Transit,0.0,Rejected
RET-11412,ORD-510669,Damaged in Transit,30499.46,Approved
RET-11413,ORD-510671,Size Issue,13912.42,Approved
RET-11414,ORD-510674,Defective Product,92487.16,Pending
RET-11415,ORD-510684,Late Delivery,19216.58,Approved
RET-11416,ORD-510700,Defective Product,63903.64,Approved
RET-11417,ORD-510701,Late Delivery,152196.22,Approved
RET-11418,ORD-510705,Customer Dissatisfaction,5592.5,Pending
RET-11419,ORD-510710,Size Issue,24881.25,Approved
RET-11420,ORD-510711,Damaged in Transit,18669.12,Approved
RET-11421,ORD-510713,Customer Dissatisfaction,184879.55,Approved
RET-11422,ORD-510725,Wrong Item,1166.78,Approved
RET-11423,ORD-510726,Defective Product,18716.4,Approved
RET-11424,ORD-510732,Defective Product,12741.36,Approved
RET-11425,ORD-510734,Defective Product,816.6,Approved
RET-11426,ORD-510747,Defective Product,15690.11,Approved
RET-11427,ORD-510749,Customer Dissatisfaction,6527.21,Approved
RET-11428,ORD-510752,Late Delivery,287483.08,Approved
RET-11429,ORD-510755,Wrong Item,3646.22,Approved
RET-11430,ORD-510771,Late Delivery,30724.76,Pending
RET-11431,ORD-510785,Damaged in Transit,125479.26,Approved
RET-11432,ORD-510793,Customer Dissatisfaction,0.0,Rejected
RET-11433,ORD-510810,Damaged in Transit,154633.32,Pending
RET-11434,ORD-510837,Defective Product,24307.01,Approved
RET-11435,ORD-510841,Late Delivery,15910.03,Approved
RET-11436,ORD-510847,Size Issue,8043.21,Approved
RET-11437,ORD-510893,Customer Dissatisfaction,8798.2,Approved
RET-11438,ORD-510897,Wrong Item,18404.13,Approved
RET-11439,ORD-510912,Late Delivery,4826.88,Pending
RET-11440,ORD-510915,Late Delivery,1222.36,Approved
RET-11441,ORD-510932,Customer Dissatisfaction,0.0,Rejected
RET-11442,ORD-510953,Size Issue,2271.09,Approved
RET-11443,ORD-510960,Size Issue,117152.04,Approved
RET-11444,ORD-510965,Size Issue,6130.64,Approved
RET-11445,ORD-510972,Size Issue,1854.5,Approved
RET-11446,ORD-510989,Late Delivery,22931.37,Approved
RET-11447,ORD-510992,Customer Dissatisfaction,18699.44,Approved
RET-11448,ORD-510995,Size Issue,0.0,Rejected
RET-11449,ORD-511018,Damaged in Transit,180058.17,Approved
RET-11450,ORD-511021,Size Issue,4625.21,Pending
RET-11451,ORD-511027,Size Issue,12434.83,Approved
RET-11452,ORD-511032,Wrong Item,47622.54,Approved
RET-11453,ORD-511033,Size Issue,1951.46,Approved
RET-11454,ORD-511040,Defective Product,21748.88,Approved
RET-11455,ORD-511065,Size Issue,2100.9,Pending
RET-11456,ORD-511071,Size Issue,3532.05,Pending
RET-11457,ORD-511072,Damaged in Transit,175202.27,Approved
RET-11458,ORD-511075,Wrong Item,14843.92,Approved
RET-11459,ORD-511076,Customer Dissatisfaction,2000.56,Pending
RET-11460,ORD-511094,Wrong Item,7454.4,Pending
RET-11461,ORD-511097,Defective Product,0.0,Rejected
RET-11462,ORD-511115,Customer Dissatisfaction,0.0,Rejected
RET-11463,ORD-511116,Customer Dissatisfaction,47883.55,Approved
RET-11464,ORD-511119,Customer Dissatisfaction,211.34,Approved
RET-11465,ORD-511122,Customer Dissatisfaction,190362.11,Approved
RET-11466,ORD-511157,Wrong Item,92085.36,Approved
RET-11467,ORD-511159,Customer Dissatisfaction,204722.88,Approved
RET-11468,ORD-511170,Damaged in Transit,41502.28,Approved
RET-11469,ORD-511175,Size Issue,675.47,Approved
RET-11470,ORD-511186,Damaged in Transit,250976.21,Approved
RET-11471,ORD-511191,Defective Product,15043.35,Approved
RET-11472,ORD-511197,Defective Product,17010.64,Approved
RET-11473,ORD-511211,Size Issue,83231.24,Approved
RET-11474,ORD-511220,Customer Dissatisfaction,10381.37,Approved
RET-11475,ORD-511222,Size Issue,5670.94,Approved
RET-11476,ORD-511268,Defective Product,62788.36,Approved
RET-11477,ORD-511270,Late Delivery,253979.02,Approved
RET-11478,ORD-511274,Late Delivery,68015.94,Approved
RET-11479,ORD-511287,Defective Product,11571.07,Approved
RET-11480,ORD-511289,Late Delivery,54846.28,Approved
RET-11481,ORD-511304,Damaged in Transit,3052.34,Pending
RET-11482,ORD-511306,Customer Dissatisfaction,218153.43,Approved
RET-11483,ORD-511308,Wrong Item,7896.22,Pending
RET-11484,ORD-511331,Late Delivery,0.0,Rejected
RET-11485,ORD-511338,Customer Dissatisfaction,35934.12,Approved
RET-11486,ORD-511344,Wrong Item,14241.66,Approved
RET-11487,ORD-511359,Defective Product,1947.15,Approved
RET-11488,ORD-511365,Customer Dissatisfaction,117752.8,Approved
RET-11489,ORD-511374,Customer Dissatisfaction,3390.69,Approved
RET-11490,ORD-511380,Size Issue,2908.71,Approved
RET-11491,ORD-511387,Customer Dissatisfaction,9683.81,Approved
RET-11492,ORD-511418,Wrong Item,15450.25,Approved
RET-11493,ORD-511428,Late Delivery,0.0,Rejected
RET-11494,ORD-511431,Late Delivery,6512.68,Approved
RET-11495,ORD-511440,Damaged in Transit,45290.43,Approved
RET-11496,ORD-511441,Defective Product,120030.4,Approved
RET-11497,ORD-511446,Wrong Item,31364.9,Approved
RET-11498,ORD-511460,Wrong Item,0.0,Rejected
RET-11499,ORD-511461,Size Issue,31119.27,Approved
RET-11500,ORD-511467,Wrong Item,10269.06,Approved
RET-11501,ORD-511469,Size Issue,5432.23,Approved
RET-11502,ORD-511478,Damaged in Transit,12162.22,Approved
RET-11503,ORD-511479,Damaged in Transit,2686.96,Approved
RET-11504,ORD-511481,Size Issue,2441.73,Approved
RET-11505,ORD-511482,Damaged in Transit,26558.06,Approved
RET-11506,ORD-511494,Damaged in Transit,70695.38,Approved
RET-11507,ORD-511502,Late Delivery,55683.1,Approved
RET-11508,ORD-511506,Wrong Item,0.0,Rejected
RET-11509,ORD-511516,Late Delivery,38471.2,Approved
RET-11510,ORD-511519,Customer Dissatisfaction,12190.25,Approved
RET-11511,ORD-511535,Size Issue,18562.84,Approved
RET-11512,ORD-511537,Wrong Item,13966.65,Approved
RET-11513,ORD-511547,Late Delivery,3785.01,Approved
RET-11514,ORD-511552,Customer Dissatisfaction,6275.4,Approved
RET-11515,ORD-511558,Size Issue,51880.43,Pending
RET-11516,ORD-511562,Customer Dissatisfaction,6139.71,Approved
RET-11517,ORD-511565,Size Issue,18822.87,Approved
RET-11518,ORD-511569,Damaged in Transit,8411.78,Approved
RET-11519,ORD-511579,Damaged in Transit,1605.64,Approved
RET-11520,ORD-511590,Defective Product,36288.31,Approved
RET-11521,ORD-511593,Late Delivery,1878.69,Pending
RET-11522,ORD-511606,Defective Product,236559.4,Approved
RET-11523,ORD-511607,Late Delivery,50818.41,Approved
RET-11524,ORD-511608,Wrong Item,2000.05,Approved
RET-11525,ORD-511618,Customer Dissatisfaction,4427.51,Approved
RET-11526,ORD-511627,Damaged in Transit,8909.29,Approved
RET-11527,ORD-511632,Damaged in Transit,0.0,Rejected
RET-11528,ORD-511644,Defective Product,7323.91,Approved
RET-11529,ORD-511655,Damaged in Transit,70134.95,Approved
RET-11530,ORD-511663,Size Issue,5113.36,Approved
RET-11531,ORD-511667,Defective Product,581.14,Approved
RET-11532,ORD-511670,Late Delivery,124700.2,Approved
RET-11533,ORD-511672,Late Delivery,4027.75,Approved
RET-11534,ORD-511689,Wrong Item,99348.38,Approved
RET-11535,ORD-511698,Size Issue,0.0,Rejected
RET-11536,ORD-511707,Defective Product,3422.94,Approved
RET-11537,ORD-511708,Customer Dissatisfaction,0.0,Rejected
RET-11538,ORD-511709,Wrong Item,20934.74,Approved
RET-11539,ORD-511719,Defective Product,8568.35,Approved
RET-11540,ORD-511723,Damaged in Transit,0.0,Rejected
RET-11541,ORD-511725,Wrong Item,1984.6,Approved
RET-11542,ORD-511726,Damaged in Transit,8384.48,Approved
RET-11543,ORD-511738,Size Issue,0.0,Rejected
RET-11544,ORD-511741,Customer Dissatisfaction,6336.3,Approved
RET-11545,ORD-511747,Damaged in Transit,72798.4,Approved
RET-11546,ORD-511757,Size Issue,8692.66,Approved
RET-11547,ORD-511760,Defective Product,77923.35,Approved
RET-11548,ORD-511761,Damaged in Transit,3982.38,Approved
RET-11549,ORD-511768,Damaged in Transit,62031.04,Approved
RET-11550,ORD-511773,Wrong Item,3658.2,Approved
RET-11551,ORD-511775,Defective Product,211861.94,Approved
RET-11552,ORD-511778,Damaged in Transit,89494.83,Approved
RET-11553,ORD-511780,Late Delivery,3262.38,Approved
RET-11554,ORD-511782,Wrong Item,25350.29,Approved
RET-11555,ORD-511788,Late Delivery,8162.7,Approved
RET-11556,ORD-511798,Size Issue,154816.05,Approved
RET-11557,ORD-511804,Late Delivery,47554.11,Approved
RET-11558,ORD-511813,Customer Dissatisfaction,61143.21,Approved
RET-11559,ORD-511836,Late Delivery,20887.6,Approved
RET-11560,ORD-511848,Defective Product,4281.81,Pending
RET-11561,ORD-511852,Size Issue,0.0,Rejected
RET-11562,ORD-511856,Customer Dissatisfaction,21876.36,Approved
RET-11563,ORD-511867,Defective Product,0.0,Rejected
RET-11564,ORD-511871,Defective Product,121479.37,Approved
RET-11565,ORD-511877,Customer Dissatisfaction,14854.13,Approved
RET-11566,ORD-511884,Customer Dissatisfaction,13259.04,Approved
RET-11567,ORD-511903,Wrong Item,12298.38,Approved
RET-11568,ORD-511932,Damaged in Transit,18017.15,Approved
RET-11569,ORD-511942,Wrong Item,201807.6,Approved
RET-11570,ORD-511943,Wrong Item,3398.77,Approved
RET-11571,ORD-511947,Defective Product,2897.88,Approved
RET-11572,ORD-511954,Size Issue,37749.81,Pending
RET-11573,ORD-511956,Wrong Item,51553.32,Approved
RET-11574,ORD-511978,Wrong Item,25318.63,Approved
RET-11575,ORD-511993,Customer Dissatisfaction,1601.92,Pending
RET-11576,ORD-512001,Size Issue,3407.01,Pending
RET-11577,ORD-512004,Damaged in Transit,77894.23,Approved
RET-11578,ORD-512019,Wrong Item,14263.5,Approved
RET-11579,ORD-512021,Wrong Item,30278.42,Pending
RET-11580,ORD-512022,Customer Dissatisfaction,2838.47,Approved
RET-11581,ORD-512023,Defective Product,104102.99,Approved
RET-11582,ORD-512024,Wrong Item,6869.95,Approved
RET-11583,ORD-512026,Damaged in Transit,5048.55,Approved
RET-11584,ORD-512028,Damaged in Transit,15897.02,Approved
RET-11585,ORD-512039,Customer Dissatisfaction,39971.04,Approved
RET-11586,ORD-512041,Wrong Item,39288.31,Approved
RET-11587,ORD-512042,Defective Product,7865.86,Approved
RET-11588,ORD-512045,Late Delivery,66900.72,Approved
RET-11589,ORD-512047,,152529.24,Approved
RET-11590,ORD-512050,Defective Product,1822.61,Approved
RET-11591,ORD-512051,Damaged in Transit,9788.39,Approved
RET-11592,ORD-512060,Damaged in Transit,9422.24,Approved
RET-11593,ORD-512067,Wrong Item,15518.11,Approved
RET-11594,ORD-512072,Wrong Item,0.0,Rejected
RET-11595,ORD-512074,Wrong Item,4544.19,Approved
RET-11596,ORD-512077,Customer Dissatisfaction,24241.27,Pending
RET-11597,ORD-512084,Customer Dissatisfaction,3695.39,Approved
RET-11598,ORD-512091,Customer Dissatisfaction,7067.96,Approved
RET-11599,ORD-512092,Defective Product,15418.28,Approved
RET-11600,ORD-512112,Defective Product,4585.14,Approved
RET-11601,ORD-512118,Defective Product,21149.74,Approved
RET-11602,ORD-512120,Late Delivery,0.0,Rejected
RET-11603,ORD-512123,Late Delivery,7796.8,Pending
RET-11604,ORD-512132,Late Delivery,828.95,Pending
RET-11605,ORD-512132,Customer Dissatisfaction,780.28,Pending
RET-11606,ORD-512133,Customer Dissatisfaction,3694.8,Approved
RET-11607,ORD-512135,Wrong Item,0.0,Rejected
RET-11608,ORD-512144,Late Delivery,9085.42,Approved
RET-11609,ORD-512147,Defective Product,11742.0,Approved
RET-11610,ORD-512148,Damaged in Transit,3956.45,Approved
RET-11611,ORD-512153,Defective Product,8960.42,Approved
RET-11612,ORD-512161,Late Delivery,0.0,Rejected
RET-11613,ORD-512165,Wrong Item,25009.98,Pending
RET-11614,ORD-512179,Size Issue,37193.08,Approved
RET-11615,ORD-512192,Customer Dissatisfaction,0.0,Rejected
RET-11616,ORD-512193,Late Delivery,7020.56,Approved
RET-11617,ORD-512195,Damaged in Transit,665.56,Approved
RET-11618,ORD-512198,Wrong Item,0.0,Rejected
RET-11619,ORD-512204,Defective Product,1992.14,Approved
RET-11620,ORD-512214,Customer Dissatisfaction,10179.74,Pending
RET-11621,ORD-512220,Wrong Item,3819.81,Approved
RET-11622,ORD-512223,Wrong Item,601.33,Approved
RET-11623,ORD-512224,Defective Product,60715.53,Approved
RET-11624,ORD-512238,Damaged in Transit,22950.91,Approved
RET-11625,ORD-512240,Defective Product,16863.33,Approved
RET-11626,ORD-512255,,419212.46,Approved
RET-11627,ORD-512265,Late Delivery,16538.18,Pending
RET-11628,ORD-512272,Wrong Item,15098.29,Approved
RET-11629,ORD-512290,Customer Dissatisfaction,20945.79,Approved
RET-11630,ORD-512292,Damaged in Transit,9535.21,Approved
RET-11631,ORD-512294,Customer Dissatisfaction,10210.28,Approved
RET-11632,ORD-512295,Wrong Item,103655.2,Approved
RET-11633,ORD-512309,Defective Product,0.0,Rejected
RET-11634,ORD-512316,Defective Product,55086.77,Approved
RET-11635,ORD-512318,Wrong Item,173088.49,Approved
RET-11636,ORD-512322,Customer Dissatisfaction,1322.63,Approved
RET-11637,ORD-512327,Defective Product,1709.28,Approved
RET-11638,ORD-512344,Late Delivery,17063.45,Approved
RET-11639,ORD-512354,Defective Product,137548.46,Approved
RET-11640,ORD-512357,Wrong Item,0.0,Rejected
RET-11641,ORD-512368,Late Delivery,801.56,Pending
RET-11642,ORD-512369,Damaged in Transit,0.0,Rejected
RET-11643,ORD-512371,Damaged in Transit,56320.14,Approved
RET-11644,ORD-512373,Customer Dissatisfaction,18450.73,Approved
RET-11645,ORD-512375,Customer Dissatisfaction,77540.5,Approved
RET-11646,ORD-512380,Late Delivery,4559.67,Approved
RET-11647,ORD-512384,Damaged in Transit,13097.13,Approved
RET-11648,ORD-512398,Defective Product,269129.29,Approved
RET-11649,ORD-512402,Wrong Item,8158.31,Approved
RET-11650,ORD-512408,Defective Product,0.0,Rejected
RET-11651,ORD-512412,Size Issue,37560.83,Pending
RET-11652,ORD-512424,Defective Product,14338.34,Approved
RET-11653,ORD-512437,Late Delivery,0.0,Rejected
RET-11654,ORD-512448,Customer Dissatisfaction,0.0,Rejected
RET-11655,ORD-512450,Size Issue,20011.18,Approved
RET-11656,ORD-512452,Size Issue,3160.1,Approved
RET-11657,ORD-512463,Size Issue,11320.47,Approved
RET-11658,ORD-512471,Late Delivery,57137.1,Approved
RET-11659,ORD-512480,Damaged in Transit,21465.05,Approved
RET-11660,ORD-512481,Customer Dissatisfaction,14038.5,Approved
RET-11661,ORD-512484,Late Delivery,832.87,Approved
RET-11662,ORD-512486,Customer Dissatisfaction,12745.67,Approved
RET-11663,ORD-512494,Defective Product,2245.51,Approved
RET-11664,ORD-512495,Damaged in Transit,0.0,Rejected
RET-11665,ORD-512499,Wrong Item,88493.37,Approved
RET-11666,ORD-512509,Late Delivery,4535.45,Approved
RET-11667,ORD-512513,Customer Dissatisfaction,14676.78,Approved
RET-11668,ORD-512521,Wrong Item,21007.94,Approved
RET-11669,ORD-512522,Size Issue,0.0,Rejected
RET-11670,ORD-512523,Wrong Item,5185.64,Pending
RET-11671,ORD-512524,Late Delivery,34953.72,Pending
RET-11672,ORD-512536,Late Delivery,7632.37,Approved
RET-11673,ORD-512537,Wrong Item,0.0,Rejected
RET-11674,ORD-512551,Damaged in Transit,6561.15,Approved
RET-11675,ORD-512553,Wrong Item,33470.28,Pending
RET-11676,ORD-512561,Late Delivery,10450.39,Approved
RET-11677,ORD-512567,Damaged in Transit,39129.53,Approved
RET-11678,ORD-512569,Damaged in Transit,5331.37,Approved
RET-11679,ORD-512570,Customer Dissatisfaction,2512.55,Approved
RET-11680,ORD-512573,Customer Dissatisfaction,90847.94,Approved
RET-11681,ORD-512579,Late Delivery,26051.28,Approved
RET-11682,ORD-512582,Defective Product,2681.83,Pending
RET-11683,ORD-512585,Size Issue,180735.15,Approved
RET-11684,ORD-512586,Wrong Item,35574.09,Approved
RET-11685,ORD-512587,Wrong Item,0.0,Rejected
RET-11686,ORD-512590,Customer Dissatisfaction,81714.56,Approved
RET-11687,ORD-512599,Wrong Item,12778.94,Approved
RET-11688,ORD-512602,Late Delivery,296962.83,Approved
RET-11689,ORD-512615,Defective Product,17001.55,Approved
RET-11690,ORD-512619,Defective Product,197132.11,Approved
RET-11691,ORD-512624,Wrong Item,20486.31,Approved
RET-11692,ORD-512637,Late Delivery,119933.01,Approved
RET-11693,ORD-512647,Customer Dissatisfaction,42757.65,Approved
RET-11694,ORD-512667,Size Issue,301456.23,Approved
RET-11695,ORD-512668,Wrong Item,0.0,Rejected
RET-11696,ORD-512676,Late Delivery,2900.12,Pending
RET-11697,ORD-512684,Late Delivery,43023.98,Approved
RET-11698,ORD-512692,Wrong Item,76606.57,Approved
RET-11699,ORD-512694,Size Issue,30047.88,Pending
RET-11700,ORD-512700,Size Issue,76337.36,Approved
RET-11701,ORD-512711,Wrong Item,0.0,Rejected
RET-11702,ORD-512720,Damaged in Transit,2964.2,Approved
RET-11703,ORD-512721,Late Delivery,4656.12,Approved
RET-11704,ORD-512723,Wrong Item,1005.12,Approved
RET-11705,ORD-512727,Wrong Item,9677.96,Approved
RET-11706,ORD-512729,Defective Product,163919.39,Approved
RET-11707,ORD-512731,Defective Product,3638.13,Pending
RET-11708,ORD-512732,Damaged in Transit,171129.5,Pending
RET-11709,ORD-512735,Late Delivery,1264.83,Approved
RET-11710,ORD-512756,Customer Dissatisfaction,15234.8,Approved
RET-11711,ORD-512761,Customer Dissatisfaction,115932.88,Approved
RET-11712,ORD-512762,Size Issue,28321.37,Pending
RET-11713,ORD-512766,Defective Product,0.0,Rejected
RET-11714,ORD-512771,Wrong Item,33361.5,Approved
RET-11715,ORD-512772,Size Issue,184340.37,Approved
RET-11716,ORD-512774,Late Delivery,0.0,Rejected
RET-11717,ORD-512784,Damaged in Transit,0.0,Rejected
RET-11718,ORD-512786,Size Issue,5189.84,Approved
RET-11719,ORD-512789,Customer Dissatisfaction,8252.95,Approved
RET-11720,ORD-512822,Customer Dissatisfaction,43936.5,Approved
RET-11721,ORD-512830,Late Delivery,34141.76,Approved
RET-11722,ORD-512832,Wrong Item,72460.9,Approved
RET-11723,ORD-512839,Damaged in Transit,19017.35,Approved
RET-11724,ORD-512876,Customer Dissatisfaction,269443.92,Approved
RET-11725,ORD-512882,Damaged in Transit,108732.09,Approved
RET-11726,ORD-512886,Customer Dissatisfaction,1209.74,Pending
RET-11727,ORD-512895,Wrong Item,42079.76,Approved
RET-11728,ORD-512900,Damaged in Transit,0.0,Rejected
RET-11729,ORD-512903,Customer Dissatisfaction,11280.45,Approved
RET-11730,ORD-512911,Size Issue,0.0,Rejected
RET-11731,ORD-512912,Damaged in Transit,144353.97,Approved
RET-11732,ORD-512913,Size Issue,5581.56,Approved
RET-11733,ORD-512924,Customer Dissatisfaction,3075.84,Approved
RET-11734,ORD-512935,Damaged in Transit,288679.73,Approved
RET-11735,ORD-512939,Defective Product,173740.14,Approved
RET-11736,ORD-512945,Defective Product,19345.22,Approved
RET-11737,ORD-512947,Wrong Item,911.93,Approved
RET-11738,ORD-512954,Defective Product,1593.94,Approved
RET-11739,ORD-512959,Damaged in Transit,7472.45,Approved
RET-11740,ORD-512966,Defective Product,4954.98,Approved
RET-11741,ORD-512967,Wrong Item,104668.21,Pending
RET-11742,ORD-512975,Late Delivery,6926.24,Approved
RET-11743,ORD-512976,Customer Dissatisfaction,120499.44,Approved
RET-11744,ORD-512980,Defective Product,996.82,Pending
RET-11745,ORD-512982,Late Delivery,1734.99,Pending
RET-11746,ORD-512988,Size Issue,940.71,Approved
RET-11747,ORD-513000,Wrong Item,9626.42,Pending
RET-11748,ORD-513015,Damaged in Transit,0.0,Rejected
RET-11749,ORD-513033,Damaged in Transit,6015.52,Approved
RET-11750,ORD-513035,Size Issue,121936.09,Approved
RET-11751,ORD-513036,Customer Dissatisfaction,2850.66,Approved
RET-11752,ORD-513055,Wrong Item,167252.82,Approved
RET-11753,ORD-513058,Defective Product,30378.19,Pending
RET-11754,ORD-513065,Size Issue,0.0,Rejected
RET-11755,ORD-513070,Wrong Item,25054.99,Approved
RET-11756,ORD-513073,Late Delivery,80120.51,Approved
RET-11757,ORD-513074,Customer Dissatisfaction,1994.23,Pending
RET-11758,ORD-513096,Size Issue,41783.91,Approved
RET-11759,ORD-513099,Late Delivery,18117.07,Approved
RET-11760,ORD-513106,Wrong Item,0.0,Rejected
RET-11761,ORD-513114,Defective Product,81835.73,Approved
RET-11762,ORD-513118,Late Delivery,0.0,Rejected
RET-11763,ORD-513138,Customer Dissatisfaction,3347.91,Pending
RET-11764,ORD-513154,Customer Dissatisfaction,190017.42,Approved
RET-11765,ORD-513155,Size Issue,5023.85,Approved
RET-11766,ORD-513158,Size Issue,5162.04,Approved
RET-11767,ORD-513166,Damaged in Transit,14649.15,Approved
RET-11768,ORD-513167,Wrong Item,408.1,Pending
RET-11769,ORD-513190,Customer Dissatisfaction,0.0,Rejected
RET-11770,ORD-513191,Damaged in Transit,6987.44,Approved
RET-11771,ORD-513195,Wrong Item,0.0,Rejected
RET-11772,ORD-513201,Late Delivery,11201.63,Pending
RET-11773,ORD-513207,Wrong Item,14547.37,Approved
RET-11774,ORD-513217,Damaged in Transit,7564.57,Approved
RET-11775,ORD-513225,Damaged in Transit,0.0,Rejected
RET-11776,ORD-513226,Wrong Item,43264.18,Approved
RET-11777,ORD-513238,Defective Product,18960.29,Approved
RET-11778,ORD-513245,Damaged in Transit,200327.97,Approved
RET-11779,ORD-513246,Wrong Item,16494.4,Pending
RET-11780,ORD-513261,Defective Product,396.71,Approved
RET-11781,ORD-513266,Wrong Item,176527.64,Approved
RET-11782,ORD-513270,Late Delivery,3018.93,Approved
RET-11783,ORD-513279,Late Delivery,23879.26,Approved
RET-11784,ORD-513283,Size Issue,22588.35,Approved
RET-11785,ORD-513284,Size Issue,0.0,Rejected
RET-11786,ORD-513289,Late Delivery,34765.37,Approved
RET-11787,ORD-513300,Late Delivery,18132.15,Approved
RET-11788,ORD-513312,Wrong Item,9319.05,Approved
RET-11789,ORD-513313,Wrong Item,11778.52,Approved
RET-11790,ORD-513318,Late Delivery,48909.4,Approved
RET-11791,ORD-513319,Wrong Item,185520.68,Approved
RET-11792,ORD-513344,Wrong Item,2709.94,Approved
RET-11793,ORD-513348,Customer Dissatisfaction,30372.19,Approved
RET-11794,ORD-513352,Size Issue,196917.95,Approved
RET-11795,ORD-513367,Late Delivery,11779.36,Pending
RET-11796,ORD-513381,Wrong Item,529.18,Approved
RET-11797,ORD-513382,Damaged in Transit,3578.66,Approved
RET-11798,ORD-513390,Customer Dissatisfaction,640.01,Approved
RET-11799,ORD-513394,Damaged in Transit,36112.57,Approved
RET-11800,ORD-513397,Customer Dissatisfaction,0.0,Rejected
RET-11801,ORD-513398,Wrong Item,15932.45,Approved
RET-11802,ORD-513399,Wrong Item,10203.57,Approved
RET-11803,ORD-513403,Damaged in Transit,500292.88,Approved
RET-11804,ORD-513416,Damaged in Transit,0.0,Rejected
RET-11805,ORD-513430,Defective Product,58713.88,Approved
RET-11806,ORD-513438,Late Delivery,11458.0,Approved
RET-11807,ORD-513456,Size Issue,1497.95,Approved
RET-11808,ORD-513465,Customer Dissatisfaction,70827.22,Approved
RET-11809,ORD-513466,Defective Product,20920.25,Approved
RET-11810,ORD-513467,Customer Dissatisfaction,5814.34,Approved
RET-11811,ORD-513476,Customer Dissatisfaction,23491.42,Approved
RET-11812,ORD-513482,Damaged in Transit,23055.75,Approved
RET-11813,ORD-513488,Customer Dissatisfaction,45424.19,Approved
RET-11814,ORD-513495,Customer Dissatisfaction,12051.64,Approved
RET-11815,ORD-513506,Late Delivery,27577.14,Approved
RET-11816,ORD-513508,Size Issue,241631.45,Approved
RET-11817,ORD-513521,Damaged in Transit,6801.37,Approved
RET-11818,ORD-513523,Customer Dissatisfaction,16010.48,Approved
RET-11819,ORD-513524,Wrong Item,11045.0,Pending
RET-11820,ORD-513529,Wrong Item,162493.92,Approved
RET-11821,ORD-513534,Defective Product,17054.51,Approved
RET-11822,ORD-513543,Late Delivery,0.0,Rejected
RET-11823,ORD-513546,Size Issue,106963.93,Approved
RET-11824,ORD-513561,Size Issue,24913.53,Pending
RET-11825,ORD-513567,Size Issue,11456.62,Approved
RET-11826,ORD-513568,Size Issue,11955.86,Approved
RET-11827,ORD-513570,Customer Dissatisfaction,13682.5,Approved
RET-11828,ORD-513571,Wrong Item,33381.68,Pending
RET-11829,ORD-513579,Wrong Item,195578.69,Approved
RET-11830,ORD-513592,Late Delivery,0.0,Rejected
RET-11831,ORD-513598,Damaged in Transit,5264.73,Approved
RET-11832,ORD-513613,Late Delivery,6130.92,Approved
RET-11833,ORD-513614,Late Delivery,49378.45,Pending
RET-11834,ORD-513634,Wrong Item,12127.1,Pending
RET-11835,ORD-513636,Damaged in Transit,16060.09,Approved
RET-11836,ORD-513638,Late Delivery,1916.77,Approved
RET-11837,ORD-513639,Customer Dissatisfaction,0.0,Rejected
RET-11838,ORD-513639,Late Delivery,794.4,Approved
RET-11839,ORD-513644,Late Delivery,4928.48,Approved
RET-11840,ORD-513649,Late Delivery,12746.98,Approved
RET-11841,ORD-513667,Late Delivery,4004.21,Approved
RET-11842,ORD-513672,Damaged in Transit,48044.44,Approved
RET-11843,ORD-513675,Late Delivery,30619.22,Approved
RET-11844,ORD-513686,Customer Dissatisfaction,5484.38,Approved
RET-11845,ORD-513694,Damaged in Transit,668.0,Approved
RET-11846,ORD-513697,Size Issue,6627.17,Approved
RET-11847,ORD-513699,Wrong Item,59953.92,Approved
RET-11848,ORD-513704,Size Issue,6631.59,Pending
RET-11849,ORD-513706,Damaged in Transit,20029.5,Pending
RET-11850,ORD-513736,Wrong Item,0.0,Rejected
RET-11851,ORD-513739,Wrong Item,53145.08,Pending
RET-11852,ORD-513763,Wrong Item,12655.95,Approved
RET-11853,ORD-513789,Defective Product,73272.88,Approved
RET-11854,ORD-513796,Size Issue,0.0,Rejected
RET-11855,ORD-513819,Customer Dissatisfaction,3245.12,Approved
RET-11856,ORD-513823,Customer Dissatisfaction,8385.37,Approved
RET-11857,ORD-513828,Defective Product,3151.67,Approved
RET-11858,ORD-513832,Wrong Item,0.0,Rejected
RET-11859,ORD-513836,Damaged in Transit,61.63,Pending
RET-11860,ORD-513839,Defective Product,10705.87,Approved
RET-11861,ORD-513847,Late Delivery,6310.71,Approved
RET-11862,ORD-513856,Wrong Item,98664.35,Approved
RET-11863,ORD-513859,Late Delivery,961.16,Approved
RET-11864,ORD-513860,Customer Dissatisfaction,6915.09,Pending
RET-11865,ORD-513865,,118040.29,Pending
RET-11866,ORD-513876,Defective Product,38931.74,Approved
RET-11867,ORD-513889,Late Delivery,0.0,Rejected
RET-11868,ORD-513893,Wrong Item,35811.73,Approved
RET-11869,ORD-513902,Late Delivery,14217.09,Approved
RET-11870,ORD-513905,Customer Dissatisfaction,782.43,Approved
RET-11871,ORD-513915,Wrong Item,249452.26,Approved
RET-11872,ORD-513919,Size Issue,23606.97,Pending
RET-11873,ORD-513925,Defective Product,35957.88,Approved
RET-11874,ORD-513929,Customer Dissatisfaction,3892.74,Approved
RET-11875,ORD-513938,Customer Dissatisfaction,0.0,Rejected
RET-11876,ORD-513940,Late Delivery,3675.89,Approved
RET-11877,ORD-513948,Damaged in Transit,20482.9,Approved
RET-11878,ORD-513958,Late Delivery,24358.71,Pending
RET-11879,ORD-514012,Size Issue,2528.39,Approved
RET-11880,ORD-514014,Damaged in Transit,169991.83,Approved
RET-11881,ORD-514042,Damaged in Transit,114974.96,Pending
RET-11882,ORD-514044,Defective Product,139869.25,Approved
RET-11883,ORD-514053,Wrong Item,40814.9,Approved
RET-11884,ORD-514054,Size Issue,1546.75,Approved
RET-11885,ORD-514067,Defective Product,10529.6,Approved
RET-11886,ORD-514074,Customer Dissatisfaction,10556.65,Approved
RET-11887,ORD-514085,Damaged in Transit,7793.13,Approved
RET-11888,ORD-514092,Wrong Item,84250.91,Approved
RET-11889,ORD-514104,Damaged in Transit,28121.78,Approved
RET-11890,ORD-514106,Defective Product,37288.93,Pending
RET-11891,ORD-514108,Defective Product,138246.94,Approved
RET-11892,ORD-514110,Late Delivery,0.0,Rejected
RET-11893,ORD-514115,Late Delivery,40257.74,Approved
RET-11894,ORD-514123,Size Issue,150947.52,Approved
RET-11895,ORD-514129,Size Issue,0.0,Rejected
RET-11896,ORD-514130,Damaged in Transit,48153.96,Approved
RET-11897,ORD-514150,Late Delivery,34386.23,Approved
RET-11898,ORD-514154,Late Delivery,0.0,Rejected
RET-11899,ORD-514159,Late Delivery,4522.14,Pending
RET-11900,ORD-514164,Size Issue,4170.37,Approved
RET-11901,ORD-514170,Size Issue,117525.8,Approved
RET-11902,ORD-514171,Customer Dissatisfaction,9293.98,Approved
RET-11903,ORD-514184,Defective Product,16086.47,Approved
RET-11904,ORD-514191,Wrong Item,5629.93,Approved
RET-11905,ORD-514192,Customer Dissatisfaction,2336.59,Approved
RET-11906,ORD-514200,Damaged in Transit,3981.53,Approved
RET-11907,ORD-514201,,3408.7,Approved
RET-11908,ORD-514206,Size Issue,34864.79,Pending
RET-11909,ORD-514207,Wrong Item,17945.25,Approved
RET-11910,ORD-514215,Defective Product,249345.52,Approved
RET-11911,ORD-514219,Size Issue,10678.86,Approved
RET-11912,ORD-514223,Defective Product,18821.61,Pending
RET-11913,ORD-514226,Damaged in Transit,9547.54,Pending
RET-11914,ORD-514229,Damaged in Transit,288895.15,Approved
RET-11915,ORD-514234,Wrong Item,11091.17,Pending
RET-11916,ORD-514258,Damaged in Transit,20293.55,Approved
RET-11917,ORD-514260,Wrong Item,64034.16,Approved
RET-11918,ORD-514270,Size Issue,41857.57,Approved
RET-11919,ORD-514283,Late Delivery,0.0,Rejected
RET-11920,ORD-514290,Damaged in Transit,7954.89,Approved
RET-11921,ORD-514292,Late Delivery,40175.55,Pending
RET-11922,ORD-514318,Defective Product,0.0,Rejected
RET-11923,ORD-514323,Late Delivery,3183.64,Pending
RET-11924,ORD-514338,Customer Dissatisfaction,1647.6,Approved
RET-11925,ORD-514346,Wrong Item,10036.49,Approved
RET-11926,ORD-514354,Damaged in Transit,425255.91,Approved
RET-11927,ORD-514363,,0.0,Rejected
RET-11928,ORD-514364,Damaged in Transit,241005.04,Approved
RET-11929,ORD-514369,Defective Product,122790.33,Approved
RET-11930,ORD-514371,Wrong Item,63076.01,Approved
RET-11931,ORD-514373,Customer Dissatisfaction,70136.72,Approved
RET-11932,ORD-514378,Size Issue,0.0,Rejected
RET-11933,ORD-514385,Size Issue,41046.74,Approved
RET-11934,ORD-514386,Customer Dissatisfaction,70282.09,Approved
RET-11935,ORD-514394,Wrong Item,67769.82,Approved
RET-11936,ORD-514395,Late Delivery,449.03,Approved
RET-11937,ORD-514398,Customer Dissatisfaction,17998.77,Approved
RET-11938,ORD-514408,Customer Dissatisfaction,124577.39,Approved
RET-11939,ORD-514409,Customer Dissatisfaction,66907.69,Approved
RET-11940,ORD-514411,Size Issue,2467.32,Pending
RET-11941,ORD-514412,Customer Dissatisfaction,5740.9,Approved
RET-11942,ORD-514418,Wrong Item,2306.12,Approved
RET-11943,ORD-514425,Customer Dissatisfaction,1765.77,Approved
RET-11944,ORD-514426,Size Issue,259.51,Pending
RET-11945,ORD-514435,Damaged in Transit,2394.7,Pending
RET-11946,ORD-514459,Damaged in Transit,11737.12,Approved
RET-11947,ORD-514472,Wrong Item,0.0,Rejected
RET-11948,ORD-514478,Defective Product,24808.74,Approved
RET-11949,ORD-514488,Size Issue,2297.87,Pending
RET-11950,ORD-514492,Customer Dissatisfaction,32936.34,Approved
RET-11951,ORD-514493,Size Issue,154645.33,Approved
RET-11952,ORD-514499,Late Delivery,26801.55,Approved
RET-11953,ORD-514510,Defective Product,1122.49,Approved
RET-11954,ORD-514527,Late Delivery,10066.94,Approved
RET-11955,ORD-514539,Size Issue,183.53,Pending
RET-11956,ORD-514540,Wrong Item,638.5,Approved
RET-11957,ORD-514546,Defective Product,10530.9,Pending
RET-11958,ORD-514553,Late Delivery,0.0,Rejected
RET-11959,ORD-514563,Wrong Item,0.0,Rejected
RET-11960,ORD-514564,Late Delivery,246445.23,Approved
RET-11961,ORD-514565,Defective Product,124189.77,Approved
RET-11962,ORD-514574,Damaged in Transit,0.0,Rejected
RET-11963,ORD-514578,Customer Dissatisfaction,6158.16,Approved
RET-11964,ORD-514589,Wrong Item,4186.12,Approved
RET-11965,ORD-514600,Size Issue,8041.9,Approved
RET-11966,ORD-514603,Wrong Item,71401.77,Approved
RET-11967,ORD-514606,Customer Dissatisfaction,9752.96,Approved
RET-11968,ORD-514609,Wrong Item,9427.91,Approved
RET-11969,ORD-514617,Size Issue,0.0,Rejected
RET-11970,ORD-514618,Late Delivery,2293.21,Approved
RET-11971,ORD-514640,Wrong Item,13940.59,Approved
RET-11972,ORD-514640,Late Delivery,13621.84,Approved
RET-11973,ORD-514644,Customer Dissatisfaction,4972.29,Approved
RET-11974,ORD-514650,Late Delivery,0.0,Rejected
RET-11975,ORD-514668,Late Delivery,30537.78,Approved
RET-11976,ORD-514677,Defective Product,73921.44,Approved
RET-11977,ORD-514678,Defective Product,50622.02,Approved
RET-11978,ORD-514685,Customer Dissatisfaction,5124.78,Approved
RET-11979,ORD-514687,Defective Product,21316.38,Approved
RET-11980,ORD-514699,Wrong Item,214796.72,Approved
RET-11981,ORD-514714,Customer Dissatisfaction,5223.22,Approved
RET-11982,ORD-514719,Customer Dissatisfaction,21426.85,Approved
RET-11983,ORD-514723,Damaged in Transit,10421.38,Approved
RET-11984,ORD-514724,Defective Product,54803.93,Approved
RET-11985,ORD-514732,Wrong Item,25089.12,Approved
RET-11986,ORD-514738,Customer Dissatisfaction,16224.96,Approved
RET-11987,ORD-514739,Damaged in Transit,37683.12,Approved
RET-11988,ORD-514742,Customer Dissatisfaction,39503.47,Pending
RET-11989,ORD-514747,Customer Dissatisfaction,59124.16,Approved
RET-11990,ORD-514755,Defective Product,47669.57,Approved
RET-11991,ORD-514763,Size Issue,3184.22,Pending
RET-11992,ORD-514765,Size Issue,38128.35,Approved
RET-11993,ORD-514766,Late Delivery,51798.03,Approved
RET-11994,ORD-514768,Late Delivery,5971.68,Approved
RET-11995,ORD-514775,Damaged in Transit,221881.27,Approved
RET-11996,ORD-514786,Customer Dissatisfaction,1734.77,Approved
RET-11997,ORD-514794,Customer Dissatisfaction,261708.53,Approved
RET-11998,ORD-514816,Wrong Item,2580.96,Pending
RET-11999,ORD-514817,Defective Product,17395.49,Pending
RET-12000,ORD-514835,Size Issue,1611.32,Approved
RET-12001,ORD-514836,Customer Dissatisfaction,853.12,Approved
RET-12002,ORD-514847,Defective Product,0.0,Rejected
RET-12003,ORD-514851,Size Issue,9525.64,Approved
RET-12004,ORD-514858,Wrong Item,822.86,Pending
RET-12005,ORD-514860,Wrong Item,0.0,Rejected
RET-12006,ORD-514870,Size Issue,70495.49,Approved
RET-12007,ORD-514885,Customer Dissatisfaction,9895.43,Approved
RET-12008,ORD-514912,Late Delivery,6680.83,Pending
RET-12009,ORD-514925,Defective Product,0.0,Rejected
RET-12010,ORD-514926,Customer Dissatisfaction,39452.31,Approved
RET-12011,ORD-514928,Damaged in Transit,27788.34,Approved
RET-12012,ORD-514930,Damaged in Transit,20006.92,Approved
RET-12013,ORD-514937,Late Delivery,4112.06,Pending
RET-12014,ORD-514950,Defective Product,6021.22,Approved
RET-12015,ORD-514960,Wrong Item,52895.92,Approved
RET-12016,ORD-514961,Size Issue,11288.1,Approved
RET-12017,ORD-514967,Size Issue,111099.69,Approved
RET-12018,ORD-514970,Customer Dissatisfaction,0.0,Rejected
RET-12019,ORD-514975,Customer Dissatisfaction,1540.79,Pending
RET-12020,ORD-514984,Damaged in Transit,6575.78,Approved
RET-12021,ORD-514985,Defective Product,7656.67,Approved
RET-12022,ORD-514988,Damaged in Transit,17975.7,Approved
RET-12023,ORD-514990,Customer Dissatisfaction,41644.55,Approved
RET-12024,ORD-514995,Wrong Item,6298.72,Pending
RET-12025,ORD-514998,Size Issue,3209.96,Approved
RET-12026,ORD-514999,Wrong Item,6024.72,Pending
RET-12027,ORD-515015,Size Issue,1418.83,Approved
RET-12028,ORD-515025,Late Delivery,2177.68,Approved
RET-12029,ORD-515036,Defective Product,15109.87,Approved
RET-12030,ORD-515039,Defective Product,5922.66,Approved
RET-12031,ORD-515048,Damaged in Transit,6707.52,Approved
RET-12032,ORD-515051,Defective Product,72663.2,Approved
RET-12033,ORD-515056,Defective Product,22413.18,Approved
RET-12034,ORD-515062,Wrong Item,98645.43,Approved
RET-12035,ORD-515070,Wrong Item,0.0,Rejected
RET-12036,ORD-515071,Late Delivery,27172.08,Approved
RET-12037,ORD-515073,Defective Product,18533.28,Approved
RET-12038,ORD-515077,Customer Dissatisfaction,0.0,Rejected
RET-12039,ORD-515079,Wrong Item,0.0,Rejected
RET-12040,ORD-515085,Late Delivery,10864.39,Approved
RET-12041,ORD-515089,Late Delivery,0.0,Rejected
RET-12042,ORD-515092,Customer Dissatisfaction,16311.44,Approved
RET-12043,ORD-515106,Size Issue,15431.38,Approved
RET-12044,ORD-515118,Damaged in Transit,3600.23,Approved
RET-12045,ORD-515120,Size Issue,0.0,Rejected
RET-12046,ORD-515141,Damaged in Transit,0.0,Rejected
RET-12047,ORD-515163,Damaged in Transit,36061.36,Approved
RET-12048,ORD-515164,Damaged in Transit,14776.03,Approved
RET-12049,ORD-515165,Wrong Item,7361.29,Approved
RET-12050,ORD-515170,Size Issue,197642.94,Approved
RET-12051,ORD-515173,Damaged in Transit,673.2,Approved
RET-12052,ORD-515191,Size Issue,72325.8,Approved
RET-12053,ORD-515202,Defective Product,25469.59,Approved
RET-12054,ORD-515203,Damaged in Transit,12847.86,Approved
RET-12055,ORD-515208,Late Delivery,2484.32,Approved
RET-12056,ORD-515209,Damaged in Transit,11906.78,Approved
RET-12057,ORD-515228,Late Delivery,29619.48,Approved
RET-12058,ORD-515237,Late Delivery,0.0,Rejected
RET-12059,ORD-515241,Late Delivery,697.56,Pending
RET-12060,ORD-515244,Defective Product,23592.14,Approved
RET-12061,ORD-515245,Damaged in Transit,46388.5,Approved
RET-12062,ORD-515253,Customer Dissatisfaction,9114.89,Approved
RET-12063,ORD-515266,Damaged in Transit,2935.98,Pending
RET-12064,ORD-515276,Late Delivery,4469.27,Pending
RET-12065,ORD-515279,Damaged in Transit,15582.59,Pending
RET-12066,ORD-515280,Customer Dissatisfaction,8267.16,Pending
RET-12067,ORD-515281,Customer Dissatisfaction,6909.96,Approved
RET-12068,ORD-515288,Defective Product,128481.88,Approved
RET-12069,ORD-515293,Late Delivery,6789.56,Approved
RET-12070,ORD-515295,Size Issue,5643.39,Pending
RET-12071,ORD-515307,Wrong Item,28537.17,Approved
RET-12072,ORD-515308,Customer Dissatisfaction,89439.3,Approved
RET-12073,ORD-515309,Wrong Item,25677.5,Approved
RET-12074,ORD-515322,Late Delivery,4468.6,Approved
RET-12075,ORD-515326,Customer Dissatisfaction,13202.21,Approved
RET-12076,ORD-515335,Size Issue,7012.83,Approved
RET-12077,ORD-515345,Size Issue,788.21,Pending
RET-12078,ORD-515349,Defective Product,21694.6,Approved
RET-12079,ORD-515353,Wrong Item,363.13,Approved
RET-12080,ORD-515362,Defective Product,7766.44,Approved
RET-12081,ORD-515363,Late Delivery,0.0,Rejected
RET-12082,ORD-515367,Damaged in Transit,112034.06,Approved
RET-12083,ORD-515395,Size Issue,3681.4,Approved
RET-12084,ORD-515403,Late Delivery,4256.7,Approved
RET-12085,ORD-515406,Damaged in Transit,18011.67,Approved
RET-12086,ORD-515408,Late Delivery,0.0,Rejected
RET-12087,ORD-515422,Customer Dissatisfaction,114293.84,Approved
RET-12088,ORD-515425,Size Issue,34269.75,Approved
RET-12089,ORD-515438,Customer Dissatisfaction,17293.55,Approved
RET-12090,ORD-515455,Size Issue,0.0,Rejected
RET-12091,ORD-515459,Customer Dissatisfaction,0.0,Rejected
RET-12092,ORD-515464,Size Issue,0.0,Rejected
RET-12093,ORD-515478,Damaged in Transit,0.0,Rejected
RET-12094,ORD-515483,Damaged in Transit,13726.14,Approved
RET-12095,ORD-515506,Wrong Item,0.0,Rejected
RET-12096,ORD-515509,Late Delivery,0.0,Rejected
RET-12097,ORD-515511,Defective Product,248708.59,Approved
RET-12098,ORD-515530,Late Delivery,729.09,Pending
RET-12099,ORD-515542,Size Issue,12638.99,Pending
RET-12100,ORD-515545,Wrong Item,17009.56,Approved
RET-12101,ORD-515547,Damaged in Transit,60889.34,Approved
RET-12102,ORD-515554,Late Delivery,241948.59,Approved
RET-12103,ORD-515556,Damaged in Transit,93686.06,Approved
RET-12104,ORD-515559,Size Issue,8363.1,Approved
RET-12105,ORD-515568,Defective Product,84405.98,Approved
RET-12106,ORD-515569,Customer Dissatisfaction,42468.56,Approved
RET-12107,ORD-515578,Late Delivery,131279.65,Approved
RET-12108,ORD-515600,Size Issue,48012.61,Approved
RET-12109,ORD-515605,Wrong Item,388.74,Approved
RET-12110,ORD-515614,Defective Product,11767.51,Approved
RET-12111,ORD-515615,Damaged in Transit,11366.29,Approved
RET-12112,ORD-515623,Wrong Item,4023.65,Approved
RET-12113,ORD-515627,Late Delivery,2877.16,Approved
RET-12114,ORD-515636,Wrong Item,32845.87,Pending
RET-12115,ORD-515637,Size Issue,213061.46,Approved
RET-12116,ORD-515640,Wrong Item,1828.49,Pending
RET-12117,ORD-515643,Late Delivery,13786.87,Approved
RET-12118,ORD-515668,Defective Product,1454.92,Pending
RET-12119,ORD-515689,Defective Product,55265.1,Approved
RET-12120,ORD-515693,Defective Product,91056.35,Approved
RET-12121,ORD-515694,Damaged in Transit,21420.16,Approved
RET-12122,ORD-515712,Damaged in Transit,63792.23,Pending
RET-12123,ORD-515714,Size Issue,3054.71,Approved
RET-12124,ORD-515715,Defective Product,145124.66,Pending
RET-12125,ORD-515718,Customer Dissatisfaction,0.0,Rejected
RET-12126,ORD-515725,Customer Dissatisfaction,4478.6,Approved
RET-12127,ORD-515731,Late Delivery,21695.12,Approved
RET-12128,ORD-515732,Defective Product,312074.15,Approved
RET-12129,ORD-515742,Customer Dissatisfaction,14855.86,Approved
RET-12130,ORD-515748,Size Issue,11407.86,Approved
RET-12131,ORD-515753,Wrong Item,107147.01,Pending
RET-12132,ORD-515755,Late Delivery,57576.25,Approved
RET-12133,ORD-515766,Defective Product,1196.1,Approved
RET-12134,ORD-515792,Defective Product,2985.1,Pending
RET-12135,ORD-515794,Size Issue,6414.24,Approved
RET-12136,ORD-515799,Size Issue,4575.17,Approved
RET-12137,ORD-515803,Wrong Item,7269.13,Pending
RET-12138,ORD-515818,Late Delivery,8051.77,Approved
RET-12139,ORD-515819,Late Delivery,8673.09,Approved
RET-12140,ORD-515861,Size Issue,204464.75,Approved
RET-12141,ORD-515871,Customer Dissatisfaction,7456.37,Approved
RET-12142,ORD-515876,Customer Dissatisfaction,15251.3,Approved
RET-12143,ORD-515881,Size Issue,0.0,Rejected
RET-12144,ORD-515888,Wrong Item,8725.56,Approved
RET-12145,ORD-515891,Customer Dissatisfaction,10930.88,Approved
RET-12146,ORD-515906,Defective Product,0.0,Rejected
RET-12147,ORD-515911,Size Issue,8269.4,Pending
RET-12148,ORD-515915,Size Issue,50737.75,Approved
RET-12149,ORD-515918,Damaged in Transit,160779.52,Approved
RET-12150,ORD-515928,Late Delivery,41607.86,Approved
RET-12151,ORD-515934,Defective Product,8561.09,Pending
RET-12152,ORD-515948,Late Delivery,3307.13,Approved
RET-12153,ORD-515955,Late Delivery,6284.59,Approved
RET-12154,ORD-515958,Customer Dissatisfaction,165076.67,Approved
RET-12155,ORD-515961,Size Issue,38641.78,Approved
RET-12156,ORD-516002,Size Issue,61775.38,Approved
RET-12157,ORD-516014,Size Issue,73316.13,Approved
RET-12158,ORD-516021,Wrong Item,2545.5,Approved
RET-12159,ORD-516040,Wrong Item,0.0,Rejected
RET-12160,ORD-516042,Defective Product,10706.83,Approved
RET-12161,ORD-516050,Size Issue,7478.19,Approved
RET-12162,ORD-516050,Customer Dissatisfaction,2552.53,Approved
RET-12163,ORD-516051,Damaged in Transit,22033.84,Approved
RET-12164,ORD-516054,Defective Product,0.0,Rejected
RET-12165,ORD-516063,Customer Dissatisfaction,2661.45,Approved
RET-12166,ORD-516085,Wrong Item,26882.83,Approved
RET-12167,ORD-516086,Size Issue,8895.31,Approved
RET-12168,ORD-516121,Customer Dissatisfaction,17832.31,Approved
RET-12169,ORD-516127,Wrong Item,13820.35,Approved
RET-12170,ORD-516131,Damaged in Transit,7057.04,Approved
RET-12171,ORD-516149,Late Delivery,2923.7,Approved
RET-12172,ORD-516157,Wrong Item,76430.64,Approved
RET-12173,ORD-516169,Defective Product,131876.6,Approved
RET-12174,ORD-516172,Damaged in Transit,35872.06,Approved
RET-12175,ORD-516178,Late Delivery,7503.21,Approved
RET-12176,ORD-516182,Late Delivery,4903.02,Approved
RET-12177,ORD-516183,Damaged in Transit,19766.13,Approved
RET-12178,ORD-516188,Damaged in Transit,0.0,Rejected
RET-12179,ORD-516198,Defective Product,10832.52,Approved
RET-12180,ORD-516199,Size Issue,0.0,Rejected
RET-12181,ORD-516211,Size Issue,15362.5,Approved
RET-12182,ORD-516214,Size Issue,6956.92,Approved
RET-12183,ORD-516223,Late Delivery,0.0,Rejected
RET-12184,ORD-516227,Late Delivery,28137.19,Approved
RET-12185,ORD-516232,Damaged in Transit,27560.76,Approved
RET-12186,ORD-516239,Wrong Item,0.0,Rejected
RET-12187,ORD-516254,Damaged in Transit,11388.66,Approved
RET-12188,ORD-516257,Late Delivery,13857.55,Approved
RET-12189,ORD-516258,Defective Product,1987.75,Pending
RET-12190,ORD-516272,Size Issue,2212.19,Approved
RET-12191,ORD-516297,Size Issue,39476.57,Approved
RET-12192,ORD-516299,Size Issue,9189.97,Approved
RET-12193,ORD-516300,Late Delivery,0.0,Rejected
RET-12194,ORD-516307,Late Delivery,83946.21,Approved
RET-12195,ORD-516315,Size Issue,11003.06,Approved
RET-12196,ORD-516316,Late Delivery,8050.61,Approved
RET-12197,ORD-516330,Damaged in Transit,20195.55,Pending
RET-12198,ORD-516332,Customer Dissatisfaction,3992.76,Approved
RET-12199,ORD-516340,Damaged in Transit,0.0,Rejected
RET-12200,ORD-516352,Wrong Item,9704.74,Approved
RET-12201,ORD-516353,Damaged in Transit,0.0,Rejected
RET-12202,ORD-516368,Late Delivery,24953.63,Approved
RET-12203,ORD-516378,,2199.35,Approved
RET-12204,ORD-516399,Customer Dissatisfaction,247548.38,Approved
RET-12205,ORD-516401,Defective Product,10436.2,Approved
RET-12206,ORD-516403,Late Delivery,0.0,Rejected
RET-12207,ORD-516411,Wrong Item,0.0,Rejected
RET-12208,ORD-516412,Defective Product,24954.54,Approved
RET-12209,ORD-516419,Defective Product,31478.26,Approved
RET-12210,ORD-516420,Defective Product,39509.67,Approved
RET-12211,ORD-516421,Damaged in Transit,5487.87,Approved
RET-12212,ORD-516426,Size Issue,17638.36,Approved
RET-12213,ORD-516427,Defective Product,4281.19,Approved
RET-12214,ORD-516432,Late Delivery,362.66,Pending
RET-12215,ORD-516439,Wrong Item,139500.85,Approved
RET-12216,ORD-516446,Damaged in Transit,9997.3,Approved
RET-12217,ORD-516447,Customer Dissatisfaction,5754.53,Approved
RET-12218,ORD-516456,Late Delivery,16564.39,Approved
RET-12219,ORD-516460,Size Issue,3642.83,Approved
RET-12220,ORD-516469,Wrong Item,0.0,Rejected
RET-12221,ORD-516477,Size Issue,42483.17,Pending
RET-12222,ORD-516532,Defective Product,172445.83,Approved
RET-12223,ORD-516546,Size Issue,2049.87,Pending
RET-12224,ORD-516561,Defective Product,177658.42,Approved
RET-12225,ORD-516583,Wrong Item,3716.47,Approved
RET-12226,ORD-516587,Wrong Item,10656.84,Approved
RET-12227,ORD-516594,Damaged in Transit,11634.1,Approved
RET-12228,ORD-516600,Late Delivery,76420.34,Approved
RET-12229,ORD-516623,Wrong Item,112221.8,Approved
RET-12230,ORD-516625,Wrong Item,5957.21,Pending
RET-12231,ORD-516626,Size Issue,0.0,Rejected
RET-12232,ORD-516631,Wrong Item,106697.86,Approved
RET-12233,ORD-516633,Defective Product,0.0,Rejected
RET-12234,ORD-516637,Late Delivery,3186.73,Pending
RET-12235,ORD-516638,Wrong Item,153812.21,Approved
RET-12236,ORD-516641,Late Delivery,8331.2,Approved
RET-12237,ORD-516644,Damaged in Transit,0.0,Rejected
RET-12238,ORD-516649,Customer Dissatisfaction,0.0,Rejected
RET-12239,ORD-516666,Size Issue,25852.33,Approved
RET-12240,ORD-516669,Customer Dissatisfaction,8324.12,Pending
RET-12241,ORD-516672,Defective Product,96324.09,Approved
RET-12242,ORD-516673,Late Delivery,148589.01,Approved
RET-12243,ORD-516685,Defective Product,21956.33,Pending
RET-12244,ORD-516686,Defective Product,0.0,Rejected
RET-12245,ORD-516689,Late Delivery,6136.25,Approved
RET-12246,ORD-516693,Late Delivery,19349.36,Approved
RET-12247,ORD-516697,Size Issue,171408.38,Approved
RET-12248,ORD-516700,Damaged in Transit,65109.54,Approved
RET-12249,ORD-516725,Size Issue,36865.07,Approved
RET-12250,ORD-516741,Customer Dissatisfaction,9899.72,Approved
RET-12251,ORD-516749,Defective Product,18238.56,Approved
RET-12252,ORD-516751,Damaged in Transit,7827.39,Approved
RET-12253,ORD-516752,Damaged in Transit,8983.65,Approved
RET-12254,ORD-516757,Defective Product,28985.59,Approved
RET-12255,ORD-516760,Defective Product,23876.29,Pending
RET-12256,ORD-516763,Late Delivery,373312.65,Approved
RET-12257,ORD-516776,Defective Product,52289.03,Approved
RET-12258,ORD-516779,Customer Dissatisfaction,4063.86,Pending
RET-12259,ORD-516787,Defective Product,4469.03,Approved
RET-12260,ORD-516790,Wrong Item,69994.61,Approved
RET-12261,ORD-516796,Defective Product,7201.5,Approved
RET-12262,ORD-516810,Late Delivery,64480.97,Approved
RET-12263,ORD-516823,Size Issue,224424.6,Approved
RET-12264,ORD-516825,Damaged in Transit,33030.81,Approved
RET-12265,ORD-516826,Defective Product,1365.15,Pending
RET-12266,ORD-516834,Defective Product,3153.86,Approved
RET-12267,ORD-516837,Defective Product,0.0,Rejected
RET-12268,ORD-516851,Defective Product,26361.69,Approved
RET-12269,ORD-516855,Size Issue,977.11,Pending
RET-12270,ORD-516857,Late Delivery,9310.47,Approved
RET-12271,ORD-516861,Damaged in Transit,336.74,Approved
RET-12272,ORD-516862,Defective Product,24657.14,Approved
RET-12273,ORD-516865,Wrong Item,1909.95,Approved
RET-12274,ORD-516866,Customer Dissatisfaction,19962.39,Approved
RET-12275,ORD-516872,Wrong Item,8719.14,Approved
RET-12276,ORD-516879,Wrong Item,16656.08,Approved
RET-12277,ORD-516887,Late Delivery,35960.95,Approved
RET-12278,ORD-516888,Wrong Item,83174.05,Approved
RET-12279,ORD-516901,Customer Dissatisfaction,25027.07,Approved
RET-12280,ORD-516904,Defective Product,7733.22,Approved
RET-12281,ORD-516911,Late Delivery,216197.4,Approved
RET-12282,ORD-516914,Defective Product,24584.44,Approved
RET-12283,ORD-516970,Late Delivery,6522.94,Approved
RET-12284,ORD-516973,Wrong Item,7057.56,Approved
RET-12285,ORD-516988,Customer Dissatisfaction,0.0,Rejected
RET-12286,ORD-516996,Size Issue,12775.06,Approved
RET-12287,ORD-517010,Customer Dissatisfaction,139419.54,Approved
RET-12288,ORD-517012,Defective Product,0.0,Rejected
RET-12289,ORD-517014,Size Issue,34834.8,Approved
RET-12290,ORD-517019,Defective Product,32097.69,Pending
RET-12291,ORD-517021,Wrong Item,58944.62,Approved
RET-12292,ORD-517029,Customer Dissatisfaction,2806.54,Pending
RET-12293,ORD-517043,Late Delivery,1453.1,Approved
RET-12294,ORD-517049,Customer Dissatisfaction,50377.7,Approved
RET-12295,ORD-517069,Late Delivery,1641.68,Approved
RET-12296,ORD-517071,Late Delivery,49540.53,Approved
RET-12297,ORD-517082,Customer Dissatisfaction,15353.03,Approved
RET-12298,ORD-517083,Defective Product,53839.39,Approved
RET-12299,ORD-517098,Damaged in Transit,3839.3,Approved
RET-12300,ORD-517101,Customer Dissatisfaction,15539.44,Approved
RET-12301,ORD-517106,Wrong Item,7015.57,Approved
RET-12302,ORD-517107,Size Issue,2023.66,Approved
RET-12303,ORD-517111,Size Issue,385.95,Pending
RET-12304,ORD-517119,Customer Dissatisfaction,81983.65,Approved
RET-12305,ORD-517132,Defective Product,11517.23,Approved
RET-12306,ORD-517139,Damaged in Transit,14028.73,Approved
RET-12307,ORD-517140,Damaged in Transit,5567.73,Approved
RET-12308,ORD-517149,Late Delivery,174917.89,Approved
RET-12309,ORD-517159,Late Delivery,0.0,Rejected
RET-12310,ORD-517161,Size Issue,5164.41,Pending
RET-12311,ORD-517169,Damaged in Transit,901.13,Approved
RET-12312,ORD-517181,Defective Product,9607.27,Pending
RET-12313,ORD-517183,Late Delivery,53123.01,Approved
RET-12314,ORD-517190,Wrong Item,14437.86,Pending
RET-12315,ORD-517197,Late Delivery,15993.7,Approved
RET-12316,ORD-517209,Defective Product,149574.26,Approved
RET-12317,ORD-517211,Customer Dissatisfaction,0.0,Rejected
RET-12318,ORD-517219,Late Delivery,0.0,Rejected
RET-12319,ORD-517249,Size Issue,0.0,Rejected
RET-12320,ORD-517250,Late Delivery,97369.32,Approved
RET-12321,ORD-517254,Wrong Item,17107.54,Approved
RET-12322,ORD-517258,Customer Dissatisfaction,0.0,Rejected
RET-12323,ORD-517262,Customer Dissatisfaction,4369.94,Approved
RET-12324,ORD-517263,Size Issue,0.0,Rejected
RET-12325,ORD-517268,Damaged in Transit,206994.59,Approved
RET-12326,ORD-517282,Late Delivery,19608.44,Approved
RET-12327,ORD-517288,Damaged in Transit,18483.96,Approved
RET-12328,ORD-517300,Wrong Item,5658.97,Approved
RET-12329,ORD-517303,Size Issue,0.0,Rejected
RET-12330,ORD-517313,Late Delivery,882.48,Approved
RET-12331,ORD-517326,Defective Product,78974.47,Approved
RET-12332,ORD-517348,Late Delivery,205035.96,Approved
RET-12333,ORD-517356,Damaged in Transit,27768.92,Approved
RET-12334,ORD-517357,Customer Dissatisfaction,16036.14,Approved
RET-12335,ORD-517367,Late Delivery,62607.29,Approved
RET-12336,ORD-517378,Wrong Item,1157.74,Approved
RET-12337,ORD-517381,Damaged in Transit,5376.86,Approved
RET-12338,ORD-517402,Defective Product,54998.12,Approved
RET-12339,ORD-517413,Customer Dissatisfaction,5631.93,Approved
RET-12340,ORD-517415,Customer Dissatisfaction,37953.25,Approved
RET-12341,ORD-517425,Size Issue,4648.86,Approved
RET-12342,ORD-517426,Damaged in Transit,51600.81,Approved
RET-12343,ORD-517431,Customer Dissatisfaction,5502.93,Approved
RET-12344,ORD-517435,Late Delivery,9637.12,Approved
RET-12345,ORD-517442,Customer Dissatisfaction,39868.01,Approved
RET-12346,ORD-517451,Size Issue,13326.19,Approved
RET-12347,ORD-517454,Damaged in Transit,22223.32,Approved
RET-12348,ORD-517457,Wrong Item,0.0,Rejected
RET-12349,ORD-517470,Defective Product,17269.51,Pending
RET-12350,ORD-517484,Damaged in Transit,164077.85,Approved
RET-12351,ORD-517486,Defective Product,17639.3,Pending
RET-12352,ORD-517496,Late Delivery,11310.58,Approved
RET-12353,ORD-517518,Damaged in Transit,13293.07,Approved
RET-12354,ORD-517523,Late Delivery,17554.79,Approved
RET-12355,ORD-517529,Wrong Item,222.86,Pending
RET-12356,ORD-517536,Customer Dissatisfaction,59117.41,Approved
RET-12357,ORD-517541,Defective Product,1611.77,Pending
RET-12358,ORD-517547,Damaged in Transit,0.0,Rejected
RET-12359,ORD-517551,Damaged in Transit,536.97,Approved
RET-12360,ORD-517557,Damaged in Transit,1121.86,Approved
RET-12361,ORD-517568,Defective Product,15259.43,Approved
RET-12362,ORD-517570,Damaged in Transit,2264.45,Approved
RET-12363,ORD-517572,Defective Product,19732.16,Approved
RET-12364,ORD-517577,Defective Product,5161.05,Pending
RET-12365,ORD-517610,Wrong Item,2265.48,Approved
RET-12366,ORD-517619,,17089.72,Pending
RET-12367,ORD-517626,Size Issue,4383.17,Approved
RET-12368,ORD-517628,Defective Product,11334.2,Approved
RET-12369,ORD-517629,Defective Product,6502.79,Approved
RET-12370,ORD-517632,Size Issue,21688.41,Approved
RET-12371,ORD-517637,Customer Dissatisfaction,6774.78,Approved
RET-12372,ORD-517651,Customer Dissatisfaction,12158.56,Approved
RET-12373,ORD-517653,Defective Product,1669.87,Pending
RET-12374,ORD-517653,Size Issue,3373.11,Approved
RET-12375,ORD-517663,Late Delivery,63068.48,Approved
RET-12376,ORD-517669,Wrong Item,18240.84,Approved
RET-12377,ORD-517676,Wrong Item,52897.52,Approved
RET-12378,ORD-517690,Size Issue,4708.02,Approved
RET-12379,ORD-517692,Late Delivery,9754.34,Pending
RET-12380,ORD-517697,Size Issue,12679.67,Pending
RET-12381,ORD-517702,Wrong Item,24145.23,Approved
RET-12382,ORD-517725,Size Issue,490.14,Pending
RET-12383,ORD-517730,Damaged in Transit,25580.42,Pending
RET-12384,ORD-517740,Defective Product,0.0,Rejected
RET-12385,ORD-517748,Damaged in Transit,18095.6,Approved
RET-12386,ORD-517757,Customer Dissatisfaction,1851.88,Pending
RET-12387,ORD-517764,Size Issue,0.0,Rejected
RET-12388,ORD-517776,Defective Product,5782.03,Approved
RET-12389,ORD-517779,Customer Dissatisfaction,0.0,Rejected
RET-12390,ORD-517790,Late Delivery,42721.99,Approved
RET-12391,ORD-517793,Wrong Item,143989.44,Approved
RET-12392,ORD-517798,Wrong Item,6266.5,Approved
RET-12393,ORD-517814,Size Issue,4425.49,Approved
RET-12394,ORD-517815,Wrong Item,0.0,Rejected
RET-12395,ORD-517838,Defective Product,126086.33,Approved
RET-12396,ORD-517857,Wrong Item,548.64,Approved
RET-12397,ORD-517863,Customer Dissatisfaction,2467.33,Pending
RET-12398,ORD-517876,Customer Dissatisfaction,1463.19,Approved
RET-12399,ORD-517892,Defective Product,775.81,Approved
RET-12400,ORD-517893,Damaged in Transit,6611.2,Approved
RET-12401,ORD-517910,Size Issue,2453.93,Approved
RET-12402,ORD-517923,Customer Dissatisfaction,9225.96,Pending
RET-12403,ORD-517930,Customer Dissatisfaction,81811.1,Approved
RET-12404,ORD-517931,Size Issue,39470.3,Approved
RET-12405,ORD-517939,Late Delivery,0.0,Rejected
RET-12406,ORD-517950,Customer Dissatisfaction,9792.5,Approved
RET-12407,ORD-517953,Size Issue,72738.09,Approved
RET-12408,ORD-517954,Customer Dissatisfaction,0.0,Rejected
RET-12409,ORD-517961,Wrong Item,0.0,Rejected
RET-12410,ORD-517964,Late Delivery,130222.7,Approved
RET-12411,ORD-517978,Damaged in Transit,24083.24,Approved
RET-12412,ORD-517979,Wrong Item,35.2,Approved
RET-12413,ORD-517981,Size Issue,70328.51,Approved
RET-12414,ORD-517983,Late Delivery,1327.6,Approved
RET-12415,ORD-517986,Late Delivery,3675.07,Approved
RET-12416,ORD-517987,Wrong Item,10121.04,Approved
RET-12417,ORD-517999,Damaged in Transit,12946.68,Approved
RET-12418,ORD-518005,Defective Product,19135.75,Approved
RET-12419,ORD-518011,Damaged in Transit,797.49,Approved
RET-12420,ORD-518012,Customer Dissatisfaction,29417.13,Approved
RET-12421,ORD-518023,Customer Dissatisfaction,1447.44,Pending
RET-12422,ORD-518024,Customer Dissatisfaction,0.0,Rejected
RET-12423,ORD-518033,Late Delivery,39070.48,Approved
RET-12424,ORD-518041,,36328.24,Approved
RET-12425,ORD-518042,Damaged in Transit,4215.18,Pending
RET-12426,ORD-518056,,529.55,Approved
RET-12427,ORD-518074,Wrong Item,208.78,Pending
RET-12428,ORD-518086,Size Issue,9460.14,Approved
RET-12429,ORD-518096,Damaged in Transit,5705.43,Approved
RET-12430,ORD-518099,Size Issue,32689.04,Approved
RET-12431,ORD-518103,Defective Product,176005.94,Approved
RET-12432,ORD-518104,Late Delivery,49845.63,Approved
RET-12433,ORD-518107,Late Delivery,129863.94,Approved
RET-12434,ORD-518135,Defective Product,15259.55,Pending
RET-12435,ORD-518144,Defective Product,7829.62,Approved
RET-12436,ORD-518163,Defective Product,13073.68,Approved
RET-12437,ORD-518166,Size Issue,0.0,Rejected
RET-12438,ORD-518167,Customer Dissatisfaction,8041.64,Pending
RET-12439,ORD-518169,Damaged in Transit,15705.25,Pending
RET-12440,ORD-518175,Late Delivery,0.0,Rejected
RET-12441,ORD-518177,Customer Dissatisfaction,0.0,Rejected
RET-12442,ORD-518180,Size Issue,30141.35,Approved
RET-12443,ORD-518185,Damaged in Transit,411473.92,Approved
RET-12444,ORD-518190,Damaged in Transit,139221.93,Approved
RET-12445,ORD-518197,Damaged in Transit,19743.55,Approved
RET-12446,ORD-518224,Late Delivery,0.0,Rejected
RET-12447,ORD-518229,Wrong Item,2359.61,Approved
RET-12448,ORD-518231,Defective Product,35487.36,Approved
RET-12449,ORD-518236,Late Delivery,0.0,Rejected
RET-12450,ORD-518273,Damaged in Transit,1052.5,Approved
RET-12451,ORD-518274,Defective Product,9040.25,Approved
RET-12452,ORD-518275,Wrong Item,0.0,Rejected
RET-12453,ORD-518280,Late Delivery,377.27,Approved
RET-12454,ORD-518281,Late Delivery,41315.91,Approved
RET-12455,ORD-518285,Customer Dissatisfaction,23464.66,Approved
RET-12456,ORD-518286,Customer Dissatisfaction,18977.71,Approved
RET-12457,ORD-518297,Damaged in Transit,0.0,Rejected
RET-12458,ORD-518302,Wrong Item,7988.09,Approved
RET-12459,ORD-518324,Defective Product,9252.62,Approved
RET-12460,ORD-518335,Size Issue,15825.48,Pending
RET-12461,ORD-518347,Damaged in Transit,348133.4,Approved
RET-12462,ORD-518352,Customer Dissatisfaction,0.0,Rejected
RET-12463,ORD-518357,Damaged in Transit,206812.93,Approved
RET-12464,ORD-518368,Size Issue,0.0,Rejected
RET-12465,ORD-518378,Defective Product,8203.41,Approved
RET-12466,ORD-518389,Customer Dissatisfaction,22043.23,Approved
RET-12467,ORD-518401,Customer Dissatisfaction,620.02,Approved
RET-12468,ORD-518402,Customer Dissatisfaction,6432.98,Approved
RET-12469,ORD-518418,Late Delivery,82125.35,Approved
RET-12470,ORD-518427,Wrong Item,16622.31,Approved
RET-12471,ORD-518433,Size Issue,15498.51,Approved
RET-12472,ORD-518451,Late Delivery,4988.51,Approved
RET-12473,ORD-518465,Late Delivery,238922.37,Approved
RET-12474,ORD-518468,Defective Product,22265.83,Approved
RET-12475,ORD-518470,Customer Dissatisfaction,1426.65,Approved
RET-12476,ORD-518480,Customer Dissatisfaction,8142.76,Approved
RET-12477,ORD-518484,Defective Product,2648.04,Approved
RET-12478,ORD-518502,Damaged in Transit,0.0,Rejected
RET-12479,ORD-518503,Wrong Item,449.75,Approved
RET-12480,ORD-518508,Size Issue,0.0,Rejected
RET-12481,ORD-518519,Customer Dissatisfaction,19428.67,Approved
RET-12482,ORD-518541,Size Issue,266399.2,Approved
RET-12483,ORD-518554,Defective Product,2331.79,Approved
RET-12484,ORD-518557,Late Delivery,72602.01,Approved
RET-12485,ORD-518559,Size Issue,20603.26,Approved
RET-12486,ORD-518565,Defective Product,113646.04,Approved
RET-12487,ORD-518580,Late Delivery,122350.25,Approved
RET-12488,ORD-518589,Late Delivery,23284.64,Approved
RET-12489,ORD-518592,Wrong Item,47944.04,Pending
RET-12490,ORD-518593,Late Delivery,1959.88,Approved
RET-12491,ORD-518595,Size Issue,149559.88,Approved
RET-12492,ORD-518598,Size Issue,91333.67,Approved
RET-12493,ORD-518603,Damaged in Transit,0.0,Rejected
RET-12494,ORD-518617,Customer Dissatisfaction,33344.39,Approved
RET-12495,ORD-518624,Size Issue,41774.44,Approved
RET-12496,ORD-518626,Damaged in Transit,13175.76,Approved
RET-12497,ORD-518646,Defective Product,342461.16,Approved
RET-12498,ORD-518648,Customer Dissatisfaction,105786.12,Approved
RET-12499,ORD-518663,Customer Dissatisfaction,7153.81,Approved
RET-12500,ORD-518666,Defective Product,14746.82,Pending
RET-12501,ORD-518675,Wrong Item,0.0,Rejected
RET-12502,ORD-518681,Customer Dissatisfaction,0.0,Rejected
RET-12503,ORD-518694,Damaged in Transit,265563.47,Approved
RET-12504,ORD-518708,Size Issue,24507.52,Approved
RET-12505,ORD-518710,Late Delivery,3549.18,Approved
RET-12506,ORD-518722,Size Issue,229477.19,Approved
RET-12507,ORD-518728,Customer Dissatisfaction,15968.74,Approved
RET-12508,ORD-518731,Customer Dissatisfaction,4271.67,Approved
RET-12509,ORD-518741,Size Issue,13078.09,Approved
RET-12510,ORD-518748,Wrong Item,57175.41,Approved
RET-12511,ORD-518752,Size Issue,0.0,Rejected
RET-12512,ORD-518756,Defective Product,3630.1,Approved
RET-12513,ORD-518760,Defective Product,9985.23,Approved
RET-12514,ORD-518768,Defective Product,1435.04,Pending
RET-12515,ORD-518772,Size Issue,3617.7,Pending
RET-12516,ORD-518788,Wrong Item,7678.02,Approved
RET-12517,ORD-518789,Damaged in Transit,10655.47,Approved
RET-12518,ORD-518790,Defective Product,39518.46,Approved
RET-12519,ORD-518791,Size Issue,4022424.48,Approved
RET-12520,ORD-518816,Damaged in Transit,24245.62,Pending
RET-12521,ORD-518826,Size Issue,49621.13,Approved
RET-12522,ORD-518827,Wrong Item,6806.02,Approved
RET-12523,ORD-518831,Customer Dissatisfaction,6179.89,Approved
RET-12524,ORD-518839,Customer Dissatisfaction,5332.52,Approved
RET-12525,ORD-518840,Size Issue,366383.42,Approved
RET-12526,ORD-518879,Late Delivery,13074.66,Approved
RET-12527,ORD-518880,Customer Dissatisfaction,8853.71,Pending
RET-12528,ORD-518888,Size Issue,1191.79,Approved
RET-12529,ORD-518898,Size Issue,0.0,Rejected
RET-12530,ORD-518912,Customer Dissatisfaction,1810.09,Pending
RET-12531,ORD-518934,Size Issue,0.0,Rejected
RET-12532,ORD-518938,Damaged in Transit,6499.52,Approved
RET-12533,ORD-518954,Size Issue,56178.9,Approved
RET-12534,ORD-518956,Customer Dissatisfaction,213335.89,Approved
RET-12535,ORD-518975,Damaged in Transit,4186.87,Approved
RET-12536,ORD-518986,Size Issue,7012.07,Pending
RET-12537,ORD-518989,Late Delivery,41288.73,Approved
RET-12538,ORD-518993,Damaged in Transit,894.42,Pending
RET-12539,ORD-518994,Defective Product,11555.03,Approved
RET-12540,ORD-518995,Size Issue,155811.91,Approved
RET-12541,ORD-518997,Late Delivery,164064.05,Approved
RET-12542,ORD-519005,Customer Dissatisfaction,17472.53,Pending
RET-12543,ORD-519006,Damaged in Transit,65388.97,Approved
RET-12544,ORD-519012,Customer Dissatisfaction,11473.3,Approved
RET-12545,ORD-519013,Size Issue,6779.98,Approved
RET-12546,ORD-519020,Customer Dissatisfaction,33853.15,Approved
RET-12547,ORD-519023,Defective Product,52542.24,Approved
RET-12548,ORD-519039,Late Delivery,15101.79,Approved
RET-12549,ORD-519048,Damaged in Transit,4292.45,Approved
RET-12550,ORD-519049,Damaged in Transit,0.0,Rejected
RET-12551,ORD-519063,Size Issue,16748.81,Pending
RET-12552,ORD-519069,Defective Product,0.0,Rejected
RET-12553,ORD-519071,Customer Dissatisfaction,5978.32,Approved
RET-12554,ORD-519082,Wrong Item,24411.66,Approved
RET-12555,ORD-519084,Late Delivery,11268.42,Approved
RET-12556,ORD-519090,Size Issue,32044.46,Approved
RET-12557,ORD-519095,Customer Dissatisfaction,3417.88,Pending
RET-12558,ORD-519117,Late Delivery,16583.51,Approved
RET-12559,ORD-519135,Wrong Item,1987.92,Pending
RET-12560,ORD-519147,Damaged in Transit,18447.68,Approved
RET-12561,ORD-519150,Customer Dissatisfaction,142311.61,Approved
RET-12562,ORD-519173,Late Delivery,8836.38,Approved
RET-12563,ORD-519175,Defective Product,0.0,Rejected
RET-12564,ORD-519193,Size Issue,12822.96,Pending
RET-12565,ORD-519200,Customer Dissatisfaction,0.0,Rejected
RET-12566,ORD-519209,Late Delivery,47811.58,Approved
RET-12567,ORD-519210,Wrong Item,17957.5,Pending
RET-12568,ORD-519212,Customer Dissatisfaction,0.0,Rejected
RET-12569,ORD-519214,Size Issue,20207.13,Approved
RET-12570,ORD-519226,Wrong Item,3939.97,Approved
RET-12571,ORD-519233,Wrong Item,27189.78,Pending
RET-12572,ORD-519234,Size Issue,12718.5,Approved
RET-12573,ORD-519242,Late Delivery,32926.44,Pending
RET-12574,ORD-519243,Defective Product,6385.85,Pending
RET-12575,ORD-519268,Size Issue,977.37,Approved
RET-12576,ORD-519272,Size Issue,85072.92,Approved
RET-12577,ORD-519281,Customer Dissatisfaction,0.0,Rejected
RET-12578,ORD-519286,Size Issue,130661.01,Approved
RET-12579,ORD-519287,Damaged in Transit,136197.19,Approved
RET-12580,ORD-519317,Defective Product,1191.96,Approved
RET-12581,ORD-519332,Size Issue,68733.27,Approved
RET-12582,ORD-519337,Size Issue,33982.77,Approved
RET-12583,ORD-519346,Defective Product,5444.57,Approved
RET-12584,ORD-519371,Customer Dissatisfaction,70492.0,Approved
RET-12585,ORD-519373,Defective Product,81485.36,Approved
RET-12586,ORD-519393,Defective Product,49958.1,Approved
RET-12587,ORD-519400,Customer Dissatisfaction,7677.36,Approved
RET-12588,ORD-519404,Customer Dissatisfaction,47079.72,Pending
RET-12589,ORD-519410,Size Issue,6838.85,Approved
RET-12590,ORD-519418,Wrong Item,8970.07,Approved
RET-12591,ORD-519422,Damaged in Transit,20664.69,Approved
RET-12592,ORD-519423,Customer Dissatisfaction,0.0,Rejected
RET-12593,ORD-519449,Late Delivery,29222.99,Approved
RET-12594,ORD-519451,Late Delivery,2812.52,Pending
RET-12595,ORD-519458,Late Delivery,58179.06,Approved
RET-12596,ORD-519464,Defective Product,8139.48,Approved
RET-12597,ORD-519476,Size Issue,0.0,Rejected
RET-12598,ORD-519489,Size Issue,22428.41,Approved
RET-12599,ORD-519500,Damaged in Transit,37865.64,Approved
RET-12600,ORD-519501,Wrong Item,6670.78,Approved
RET-12601,ORD-519504,Defective Product,17586.07,Approved
RET-12602,ORD-519506,Size Issue,52944.46,Approved
RET-12603,ORD-519525,Wrong Item,61382.8,Approved
RET-12604,ORD-519528,Damaged in Transit,50202.6,Approved
RET-12605,ORD-519539,Defective Product,242208.73,Approved
RET-12606,ORD-519547,Damaged in Transit,100419.92,Approved
RET-12607,ORD-519548,Defective Product,1642.89,Approved
RET-12608,ORD-519549,Late Delivery,38144.9,Approved
RET-12609,ORD-519555,Defective Product,2453.86,Approved
RET-12610,ORD-519559,Wrong Item,10033.88,Approved
RET-12611,ORD-519562,Damaged in Transit,226375.11,Approved
RET-12612,ORD-519568,Customer Dissatisfaction,21751.86,Approved
RET-12613,ORD-519575,Damaged in Transit,17701.19,Pending
RET-12614,ORD-519576,Late Delivery,4178.37,Approved
RET-12615,ORD-519596,Defective Product,212049.11,Approved
RET-12616,ORD-519603,Defective Product,97250.43,Approved
RET-12617,ORD-519611,Damaged in Transit,0.0,Rejected
RET-12618,ORD-519613,Damaged in Transit,4536.88,Approved
RET-12619,ORD-519615,Late Delivery,9344.04,Pending
RET-12620,ORD-519616,Damaged in Transit,9298.65,Pending
RET-12621,ORD-519622,Wrong Item,905.08,Approved
RET-12622,ORD-519644,Defective Product,1958.22,Approved
RET-12623,ORD-519662,Size Issue,0.0,Rejected
RET-12624,ORD-519670,Size Issue,5697.9,Approved
RET-12625,ORD-519672,Customer Dissatisfaction,4181.22,Approved
RET-12626,ORD-519673,Wrong Item,27405.0,Pending
RET-12627,ORD-519676,Late Delivery,26769.94,Approved
RET-12628,ORD-519681,Customer Dissatisfaction,19204.73,Approved
RET-12629,ORD-519682,Damaged in Transit,32668.47,Approved
RET-12630,ORD-519685,Customer Dissatisfaction,30651.92,Approved
RET-12631,ORD-519687,Size Issue,2673.45,Approved
RET-12632,ORD-519689,Late Delivery,2428.33,Approved
RET-12633,ORD-519701,Defective Product,690.51,Pending
RET-12634,ORD-519710,Size Issue,1333.94,Approved
RET-12635,ORD-519713,Late Delivery,7376.21,Approved
RET-12636,ORD-519731,Wrong Item,0.0,Rejected
RET-12637,ORD-519732,Damaged in Transit,14638.75,Pending
RET-12638,ORD-519735,Defective Product,5679.48,Approved
RET-12639,ORD-519737,Customer Dissatisfaction,61276.13,Approved
RET-12640,ORD-519748,Wrong Item,7337.7,Approved
RET-12641,ORD-519761,Wrong Item,17120.16,Approved
RET-12642,ORD-519765,Customer Dissatisfaction,0.0,Rejected
RET-12643,ORD-519783,Customer Dissatisfaction,80852.29,Approved
RET-12644,ORD-519785,Late Delivery,9413.01,Approved
RET-12645,ORD-519790,Late Delivery,137642.65,Approved
RET-12646,ORD-519804,Customer Dissatisfaction,7702.8,Approved
RET-12647,ORD-519807,Size Issue,3452.53,Pending
RET-12648,ORD-519808,Late Delivery,0.0,Rejected
RET-12649,ORD-519814,Customer Dissatisfaction,9058.94,Approved
RET-12650,ORD-519818,Defective Product,24461.11,Approved
RET-12651,ORD-519820,Defective Product,5196.03,Pending
RET-12652,ORD-519829,Wrong Item,4100.22,Pending
RET-12653,ORD-519836,Defective Product,0.0,Rejected
RET-12654,ORD-519839,Late Delivery,28422.12,Pending
RET-12655,ORD-519842,Defective Product,0.0,Rejected
RET-12656,ORD-519844,Damaged in Transit,9742.82,Approved
RET-12657,ORD-519848,Wrong Item,10087.88,Approved
RET-12658,ORD-519850,Late Delivery,175477.6,Approved
RET-12659,ORD-519851,Customer Dissatisfaction,1386.72,Pending
RET-12660,ORD-519852,Wrong Item,84122.61,Approved
RET-12661,ORD-519856,Damaged in Transit,151737.6,Approved
RET-12662,ORD-519870,Size Issue,149583.44,Approved
RET-12663,ORD-519874,Late Delivery,441.38,Pending
RET-12664,ORD-519876,,879.52,Approved
RET-12665,ORD-519882,Defective Product,16186.09,Approved
RET-12666,ORD-519898,Damaged in Transit,4986.93,Approved
RET-12667,ORD-519904,Defective Product,928.55,Approved
RET-12668,ORD-519905,Damaged in Transit,0.0,Rejected
RET-12669,ORD-519927,Late Delivery,64292.43,Approved
RET-12670,ORD-519928,Wrong Item,2255.07,Approved
RET-12671,ORD-519936,Late Delivery,7588.68,Approved
RET-12672,ORD-519937,Damaged in Transit,23901.38,Approved
RET-12673,ORD-519938,Wrong Item,10936.68,Approved
RET-12674,ORD-519949,Size Issue,9241.86,Approved
RET-12675,ORD-519983,Late Delivery,41251.97,Approved
RET-12676,ORD-519986,Defective Product,2643.92,Approved
RET-12677,ORD-519987,Defective Product,0.0,Rejected
RET-12678,ORD-519988,Damaged in Transit,86497.9,Approved
RET-12679,ORD-519989,Size Issue,10965.82,Approved
RET-12680,ORD-520013,Size Issue,8213.89,Approved
RET-12681,ORD-520019,Damaged in Transit,27668.42,Approved
RET-12682,ORD-520027,Defective Product,12667.71,Approved
RET-12683,ORD-520057,Wrong Item,290257.38,Approved
RET-12684,ORD-520060,Defective Product,10213.86,Approved
RET-12685,ORD-520061,Defective Product,14316.01,Pending
RET-12686,ORD-520069,Wrong Item,0.0,Rejected
RET-12687,ORD-520070,Customer Dissatisfaction,111610.16,Approved
RET-12688,ORD-520071,Defective Product,12823.06,Approved
RET-12689,ORD-520072,Defective Product,96002.38,Approved
RET-12690,ORD-520079,Late Delivery,2018.95,Approved
RET-12691,ORD-520085,Customer Dissatisfaction,25889.03,Approved
RET-12692,ORD-520086,Defective Product,0.0,Rejected
RET-12693,ORD-520087,Customer Dissatisfaction,106077.15,Approved
RET-12694,ORD-520091,Damaged in Transit,0.0,Rejected
RET-12695,ORD-520097,Defective Product,115244.79,Approved
RET-12696,ORD-520121,Late Delivery,12878.13,Approved
RET-12697,ORD-520139,Customer Dissatisfaction,14026.3,Approved
RET-12698,ORD-520162,Defective Product,0.0,Rejected
RET-12699,ORD-520166,Customer Dissatisfaction,648.35,Pending
RET-12700,ORD-520190,Defective Product,3786.91,Approved
RET-12701,ORD-520191,Late Delivery,45127.57,Approved
RET-12702,ORD-520192,Damaged in Transit,12096.27,Approved
RET-12703,ORD-520193,Size Issue,19750.86,Approved
RET-12704,ORD-520196,Damaged in Transit,23129.18,Approved
RET-12705,ORD-520200,Size Issue,1241.34,Approved
RET-12706,ORD-520204,Wrong Item,14641.2,Approved
RET-12707,ORD-520207,Wrong Item,150.96,Approved
RET-12708,ORD-520214,Wrong Item,15885.43,Approved
RET-12709,ORD-520240,Defective Product,84566.29,Approved
RET-12710,ORD-520241,Wrong Item,15515.44,Approved
RET-12711,ORD-520256,Size Issue,57193.49,Approved
RET-12712,ORD-520259,Defective Product,108165.96,Approved
RET-12713,ORD-520260,Defective Product,25542.71,Approved
RET-12714,ORD-520273,Damaged in Transit,184987.99,Approved
RET-12715,ORD-520297,Wrong Item,28215.57,Approved
RET-12716,ORD-520299,Wrong Item,1605.0,Pending
RET-12717,ORD-520309,Customer Dissatisfaction,23646.47,Pending
RET-12718,ORD-520332,Size Issue,101237.91,Approved
RET-12719,ORD-520345,Defective Product,4354.94,Pending
RET-12720,ORD-520351,Damaged in Transit,3380.49,Approved
RET-12721,ORD-520366,Wrong Item,2756.57,Approved
RET-12722,ORD-520408,Wrong Item,4569.32,Approved
RET-12723,ORD-520410,Damaged in Transit,60310.99,Pending
RET-12724,ORD-520417,Late Delivery,8449.02,Approved
RET-12725,ORD-520424,Customer Dissatisfaction,21344.77,Approved
RET-12726,ORD-520428,Damaged in Transit,9702.33,Approved
RET-12727,ORD-520444,Wrong Item,78917.53,Approved
RET-12728,ORD-520445,Customer Dissatisfaction,9897.9,Approved
RET-12729,ORD-520458,Late Delivery,22996.43,Approved
RET-12730,ORD-520461,Late Delivery,24894.46,Approved
RET-12731,ORD-520468,Size Issue,94686.62,Approved
RET-12732,ORD-520478,Defective Product,8883.45,Approved
RET-12733,ORD-520491,Wrong Item,63213.96,Approved
RET-12734,ORD-520498,Wrong Item,18261.71,Approved
RET-12735,ORD-520503,Size Issue,189023.67,Approved
RET-12736,ORD-520505,Damaged in Transit,28054.2,Approved
RET-12737,ORD-520511,Size Issue,9254.45,Approved
RET-12738,ORD-520531,Customer Dissatisfaction,35478.66,Approved
RET-12739,ORD-520565,Damaged in Transit,117430.37,Approved
RET-12740,ORD-520584,Defective Product,14045.33,Approved
RET-12741,ORD-520593,Wrong Item,4138.83,Approved
RET-12742,ORD-520603,Size Issue,33612.35,Approved
RET-12743,ORD-520610,Late Delivery,0.0,Rejected
RET-12744,ORD-520640,Size Issue,5575.47,Pending
RET-12745,ORD-520643,Defective Product,0.0,Rejected
RET-12746,ORD-520650,Customer Dissatisfaction,2197.26,Approved
RET-12747,ORD-520668,Wrong Item,74448.25,Approved
RET-12748,ORD-520669,Customer Dissatisfaction,12540.34,Approved
RET-12749,ORD-520672,Wrong Item,156332.64,Approved
RET-12750,ORD-520679,Customer Dissatisfaction,0.0,Rejected
RET-12751,ORD-520681,Customer Dissatisfaction,144651.06,Approved
RET-12752,ORD-520684,Customer Dissatisfaction,4973.36,Approved
RET-12753,ORD-520690,Defective Product,7958.94,Approved
RET-12754,ORD-520703,Size Issue,23301.64,Approved
RET-12755,ORD-520709,Size Issue,200661.12,Approved
RET-12756,ORD-520714,Defective Product,74346.95,Approved
RET-12757,ORD-520724,Damaged in Transit,74144.16,Approved
RET-12758,ORD-520725,Wrong Item,0.0,Rejected
RET-12759,ORD-520726,Late Delivery,3764.66,Approved
RET-12760,ORD-520729,Late Delivery,3337.13,Approved
RET-12761,ORD-520745,Damaged in Transit,3147.8,Pending
RET-12762,ORD-520748,Wrong Item,149098.68,Approved
RET-12763,ORD-520762,Customer Dissatisfaction,241191.85,Approved
RET-12764,ORD-520773,Wrong Item,11219.78,Approved
RET-12765,ORD-520784,Defective Product,9591.54,Approved
RET-12766,ORD-520785,Defective Product,72576.14,Approved
RET-12767,ORD-520787,Defective Product,2171.74,Approved
RET-12768,ORD-520802,Damaged in Transit,54687.67,Approved
RET-12769,ORD-520805,Wrong Item,27044.09,Approved
RET-12770,ORD-520807,Size Issue,31347.36,Approved
RET-12771,ORD-520811,Size Issue,12960.14,Pending
RET-12772,ORD-520815,Size Issue,25092.82,Approved
RET-12773,ORD-520830,Damaged in Transit,4412.93,Approved
RET-12774,ORD-520832,Damaged in Transit,299122.78,Approved
RET-12775,ORD-520840,Damaged in Transit,701.77,Pending
RET-12776,ORD-520854,Size Issue,0.0,Rejected
RET-12777,ORD-520855,Wrong Item,9119.92,Approved
RET-12778,ORD-520867,Damaged in Transit,22553.05,Pending
RET-12779,ORD-520877,Customer Dissatisfaction,56211.41,Approved
RET-12780,ORD-520883,Defective Product,2539.86,Approved
RET-12781,ORD-520896,Defective Product,2689.75,Approved
RET-12782,ORD-520901,Customer Dissatisfaction,8185.41,Approved
RET-12783,ORD-520903,Late Delivery,4015.11,Pending
RET-12784,ORD-520903,Defective Product,12056.68,Approved
RET-12785,ORD-520914,Wrong Item,186942.96,Approved
RET-12786,ORD-520928,Size Issue,0.0,Rejected
RET-12787,ORD-520933,Late Delivery,309762.28,Approved
RET-12788,ORD-520941,Customer Dissatisfaction,18686.55,Pending
RET-12789,ORD-520942,Customer Dissatisfaction,119687.14,Approved
RET-12790,ORD-520945,Late Delivery,155872.95,Approved
RET-12791,ORD-520955,Defective Product,10972.24,Approved
RET-12792,ORD-520963,Late Delivery,0.0,Rejected
RET-12793,ORD-520966,Wrong Item,9409.69,Approved
RET-12794,ORD-520987,Damaged in Transit,66079.5,Approved
RET-12795,ORD-520993,Late Delivery,11470.7,Approved
RET-12796,ORD-521009,Damaged in Transit,0.0,Rejected
RET-12797,ORD-521028,Defective Product,55044.25,Pending
RET-12798,ORD-521042,Size Issue,2620.55,Approved
RET-12799,ORD-521061,Late Delivery,0.0,Rejected
RET-12800,ORD-521072,Customer Dissatisfaction,2825.09,Pending
RET-12801,ORD-521073,,19792.24,Approved
RET-12802,ORD-521074,Late Delivery,143451.69,Approved
RET-12803,ORD-521079,Defective Product,2415.44,Approved
RET-12804,ORD-521090,Damaged in Transit,61107.62,Approved
RET-12805,ORD-521091,Customer Dissatisfaction,51207.79,Approved
RET-12806,ORD-521123,,4333.98,Approved
RET-12807,ORD-521128,Wrong Item,27609.6,Approved
RET-12808,ORD-521133,Wrong Item,22253.4,Approved
RET-12809,ORD-521137,Wrong Item,11452.98,Approved
RET-12810,ORD-521149,Damaged in Transit,99531.75,Pending
RET-12811,ORD-521153,Size Issue,20309.48,Approved
RET-12812,ORD-521158,Late Delivery,203471.52,Approved
RET-12813,ORD-521169,Size Issue,0.0,Rejected
RET-12814,ORD-521174,Damaged in Transit,23325.65,Approved
RET-12815,ORD-521175,Customer Dissatisfaction,0.0,Rejected
RET-12816,ORD-521183,Damaged in Transit,2579.76,Pending
RET-12817,ORD-521189,Customer Dissatisfaction,129064.31,Approved
RET-12818,ORD-521191,Wrong Item,219188.8,Approved
RET-12819,ORD-521192,Late Delivery,3729.37,Approved
RET-12820,ORD-521194,Damaged in Transit,5993.26,Approved
RET-12821,ORD-521196,Defective Product,5404.62,Approved
RET-12822,ORD-521203,Size Issue,0.0,Rejected
RET-12823,ORD-521204,Customer Dissatisfaction,49915.37,Approved
RET-12824,ORD-521207,Defective Product,8181.14,Approved
RET-12825,ORD-521217,Damaged in Transit,34451.69,Approved
RET-12826,ORD-521223,Wrong Item,175717.72,Approved
RET-12827,ORD-521227,Damaged in Transit,12849.16,Approved
RET-12828,ORD-521240,Late Delivery,10932.87,Pending
RET-12829,ORD-521244,Customer Dissatisfaction,150.01,Pending
RET-12830,ORD-521267,Wrong Item,47095.51,Approved
RET-12831,ORD-521270,Damaged in Transit,219419.51,Approved
RET-12832,ORD-521273,Customer Dissatisfaction,16641.13,Pending
RET-12833,ORD-521277,Damaged in Transit,7341.62,Approved
RET-12834,ORD-521278,Wrong Item,4594.92,Approved
RET-12835,ORD-521287,Defective Product,191689.53,Approved
RET-12836,ORD-521310,Late Delivery,23200.34,Pending
RET-12837,ORD-521312,Wrong Item,2618.33,Approved
RET-12838,ORD-521317,Damaged in Transit,2573.45,Approved
RET-12839,ORD-521318,Late Delivery,20610.96,Approved
RET-12840,ORD-521324,Size Issue,0.0,Rejected
RET-12841,ORD-521341,Damaged in Transit,0.0,Rejected
RET-12842,ORD-521342,Late Delivery,77522.54,Approved
RET-12843,ORD-521343,Wrong Item,0.0,Rejected
RET-12844,ORD-521348,Defective Product,14614.91,Pending
RET-12845,ORD-521355,Defective Product,13448.86,Approved
RET-12846,ORD-521366,Damaged in Transit,47032.14,Pending
RET-12847,ORD-521368,Defective Product,179787.63,Pending
RET-12848,ORD-521380,Defective Product,10554.79,Approved
RET-12849,ORD-521383,Size Issue,2237.3,Approved
RET-12850,ORD-521407,Size Issue,172441.32,Approved
RET-12851,ORD-521412,Wrong Item,61189.63,Approved
RET-12852,ORD-521419,Late Delivery,38158.89,Approved
RET-12853,ORD-521423,Wrong Item,32276.08,Approved
RET-12854,ORD-521429,Wrong Item,32014.19,Pending
RET-12855,ORD-521470,Damaged in Transit,101026.04,Approved
RET-12856,ORD-521485,Defective Product,37459.73,Approved
RET-12857,ORD-521486,Wrong Item,972.78,Approved
RET-12858,ORD-521490,Wrong Item,161697.93,Approved
RET-12859,ORD-521497,Defective Product,19813.16,Approved
RET-12860,ORD-521504,Wrong Item,14073.55,Approved
RET-12861,ORD-521514,Wrong Item,4288.56,Approved
RET-12862,ORD-521527,Damaged in Transit,31784.12,Pending
RET-12863,ORD-521529,Late Delivery,26712.66,Approved
RET-12864,ORD-521541,Size Issue,6665.47,Pending
RET-12865,ORD-521556,Customer Dissatisfaction,82293.13,Approved
RET-12866,ORD-521563,Defective Product,96963.29,Approved
RET-12867,ORD-521567,Customer Dissatisfaction,2731.12,Pending
RET-12868,ORD-521576,Customer Dissatisfaction,12799.63,Pending
RET-12869,ORD-521579,Late Delivery,65437.93,Approved
RET-12870,ORD-521580,Wrong Item,0.0,Rejected
RET-12871,ORD-521583,Late Delivery,5510.16,Approved
RET-12872,ORD-521595,Customer Dissatisfaction,13189.5,Approved
RET-12873,ORD-521602,Size Issue,679.53,Approved
RET-12874,ORD-521608,Defective Product,0.0,Rejected
RET-12875,ORD-521623,Wrong Item,11622.27,Pending
RET-12876,ORD-521628,Customer Dissatisfaction,16887.93,Approved
RET-12877,ORD-521641,Size Issue,189731.36,Approved
RET-12878,ORD-521648,Size Issue,181726.58,Approved
RET-12879,ORD-521656,Damaged in Transit,31374.23,Approved
RET-12880,ORD-521662,Late Delivery,3947.78,Pending
RET-12881,ORD-521663,Defective Product,47094.57,Approved
RET-12882,ORD-521664,Size Issue,126995.33,Pending
RET-12883,ORD-521666,Wrong Item,1096.36,Approved
RET-12884,ORD-521682,Wrong Item,35240.85,Approved
RET-12885,ORD-521688,Size Issue,19020.26,Approved
RET-12886,ORD-521692,Damaged in Transit,120195.62,Approved
RET-12887,ORD-521697,,18850.24,Approved
RET-12888,ORD-521699,Defective Product,17493.1,Approved
RET-12889,ORD-521707,Size Issue,9015.49,Pending
RET-12890,ORD-521711,Wrong Item,207299.85,Approved
RET-12891,ORD-521720,Late Delivery,16833.06,Approved
RET-12892,ORD-521735,Defective Product,27718.77,Approved
RET-12893,ORD-521746,Wrong Item,9218.5,Approved
RET-12894,ORD-521751,Wrong Item,13923.87,Approved
RET-12895,ORD-521761,Customer Dissatisfaction,87768.44,Approved
RET-12896,ORD-521770,Defective Product,18863.13,Approved
RET-12897,ORD-521781,Defective Product,30128.34,Pending
RET-12898,ORD-521843,Defective Product,3969.62,Approved
RET-12899,ORD-521853,Customer Dissatisfaction,77700.87,Approved
RET-12900,ORD-521858,Late Delivery,99709.23,Approved
RET-12901,ORD-521870,Customer Dissatisfaction,340636.15,Approved
RET-12902,ORD-521876,Size Issue,11834.3,Approved
RET-12903,ORD-521888,Size Issue,131787.16,Approved
RET-12904,ORD-521891,Late Delivery,0.0,Rejected
RET-12905,ORD-521897,Size Issue,11610.12,Approved
RET-12906,ORD-521903,Late Delivery,59638.26,Approved
RET-12907,ORD-521917,Late Delivery,142852.09,Approved
RET-12908,ORD-521921,Wrong Item,2273.12,Pending
RET-12909,ORD-521927,Defective Product,1474.56,Pending
RET-12910,ORD-521930,Size Issue,2583.85,Approved
RET-12911,ORD-521944,Customer Dissatisfaction,17336.95,Approved
RET-12912,ORD-521959,Late Delivery,10401.66,Approved
RET-12913,ORD-521964,Damaged in Transit,0.0,Rejected
RET-12914,ORD-521965,Defective Product,52334.24,Approved
RET-12915,ORD-521971,Damaged in Transit,0.0,Rejected
RET-12916,ORD-521972,Wrong Item,16409.13,Pending
RET-12917,ORD-521977,Wrong Item,4024.25,Approved
RET-12918,ORD-521984,Defective Product,12492.07,Approved
RET-12919,ORD-521993,Damaged in Transit,5578.85,Approved
RET-12920,ORD-522008,Damaged in Transit,13226.67,Approved
RET-12921,ORD-522020,Damaged in Transit,10720.17,Approved
RET-12922,ORD-522030,Late Delivery,799.92,Approved
RET-12923,ORD-522057,Late Delivery,20128.62,Approved
RET-12924,ORD-522092,Customer Dissatisfaction,292816.19,Approved
RET-12925,ORD-522109,Late Delivery,50574.4,Approved
RET-12926,ORD-522111,Defective Product,54895.5,Approved
RET-12927,ORD-522114,,11076.64,Approved
RET-12928,ORD-522120,Late Delivery,27372.74,Approved
RET-12929,ORD-522123,Damaged in Transit,17695.41,Approved
RET-12930,ORD-522146,Damaged in Transit,155571.71,Approved
RET-12931,ORD-522147,Wrong Item,2604.62,Approved
RET-12932,ORD-522151,Defective Product,41296.12,Approved
RET-12933,ORD-522159,Damaged in Transit,3450.99,Approved
RET-12934,ORD-522160,Size Issue,76724.65,Approved
RET-12935,ORD-522171,Size Issue,68793.44,Approved
RET-12936,ORD-522173,Customer Dissatisfaction,0.0,Rejected
RET-12937,ORD-522174,Damaged in Transit,192954.13,Approved
RET-12938,ORD-522178,Customer Dissatisfaction,21876.46,Approved
RET-12939,ORD-522192,Wrong Item,0.0,Rejected
RET-12940,ORD-522195,Defective Product,0.0,Rejected
RET-12941,ORD-522199,Wrong Item,736.78,Approved
RET-12942,ORD-522200,Damaged in Transit,12963.99,Approved
RET-12943,ORD-522217,Wrong Item,55.26,Approved
RET-12944,ORD-522223,Damaged in Transit,74733.83,Pending
RET-12945,ORD-522228,Size Issue,0.0,Rejected
RET-12946,ORD-522235,Customer Dissatisfaction,0.0,Rejected
RET-12947,ORD-522244,Customer Dissatisfaction,0.0,Rejected
RET-12948,ORD-522252,Wrong Item,2218.82,Pending
RET-12949,ORD-522262,Size Issue,47689.39,Pending
RET-12950,ORD-522267,Wrong Item,10662.68,Approved
RET-12951,ORD-522272,Defective Product,36520.27,Approved
RET-12952,ORD-522273,Customer Dissatisfaction,33.99,Approved
RET-12953,ORD-522284,Wrong Item,92129.98,Approved
RET-12954,ORD-522287,Defective Product,51804.98,Approved
RET-12955,ORD-522299,Damaged in Transit,2478.22,Approved
RET-12956,ORD-522300,Damaged in Transit,15025.72,Approved
RET-12957,ORD-522302,Wrong Item,146438.77,Approved
RET-12958,ORD-522331,Size Issue,6992.21,Approved
RET-12959,ORD-522338,Late Delivery,12035.4,Pending
RET-12960,ORD-522340,Size Issue,182789.68,Approved
RET-12961,ORD-522358,Defective Product,15535.09,Approved
RET-12962,ORD-522361,Customer Dissatisfaction,11647.62,Pending
RET-12963,ORD-522366,Customer Dissatisfaction,48438.47,Approved
RET-12964,ORD-522371,Defective Product,10926.35,Approved
RET-12965,ORD-522380,Wrong Item,83322.77,Pending
RET-12966,ORD-522391,Late Delivery,57602.73,Approved
RET-12967,ORD-522395,Size Issue,3331.67,Approved
RET-12968,ORD-522408,Customer Dissatisfaction,0.0,Rejected
RET-12969,ORD-522410,Defective Product,39066.39,Approved
RET-12970,ORD-522421,Wrong Item,0.0,Rejected
RET-12971,ORD-522445,Defective Product,0.0,Rejected
RET-12972,ORD-522456,Customer Dissatisfaction,491.24,Approved
RET-12973,ORD-522457,Wrong Item,1613.17,Approved
RET-12974,ORD-522459,Customer Dissatisfaction,201682.96,Approved
RET-12975,ORD-522467,Damaged in Transit,6700.74,Approved
RET-12976,ORD-522469,Customer Dissatisfaction,64479.91,Approved
RET-12977,ORD-522480,Size Issue,18900.44,Approved
RET-12978,ORD-522488,Size Issue,24560.18,Approved
RET-12979,ORD-522492,Customer Dissatisfaction,106309.25,Pending
RET-12980,ORD-522497,Defective Product,1595.44,Approved
RET-12981,ORD-522498,Customer Dissatisfaction,23908.61,Approved
RET-12982,ORD-522504,Wrong Item,19775.01,Approved
RET-12983,ORD-522518,Size Issue,3442.84,Approved
RET-12984,ORD-522527,Defective Product,5379.25,Approved
RET-12985,ORD-522529,Wrong Item,19356.76,Approved
RET-12986,ORD-522544,Damaged in Transit,1149.54,Approved
RET-12987,ORD-522567,Defective Product,82077.34,Approved
RET-12988,ORD-522570,Size Issue,25903.38,Approved
RET-12989,ORD-522573,Wrong Item,690.61,Approved
RET-12990,ORD-522578,Size Issue,34223.98,Approved
RET-12991,ORD-522581,Late Delivery,10709.06,Approved
RET-12992,ORD-522597,Late Delivery,41850.53,Approved
RET-12993,ORD-522600,Defective Product,8441.59,Approved
RET-12994,ORD-522604,Customer Dissatisfaction,44323.38,Pending
RET-12995,ORD-522612,Wrong Item,151941.67,Pending
RET-12996,ORD-522613,Customer Dissatisfaction,10454.2,Approved
RET-12997,ORD-522656,Defective Product,212048.78,Approved
RET-12998,ORD-522665,Customer Dissatisfaction,2800.09,Approved
RET-12999,ORD-522666,Wrong Item,17987.29,Pending
RET-13000,ORD-522683,Customer Dissatisfaction,156004.03,Approved
RET-13001,ORD-522696,Wrong Item,60012.56,Approved
RET-13002,ORD-522703,Wrong Item,26683.87,Approved
RET-13003,ORD-522716,Wrong Item,117306.66,Pending
RET-13004,ORD-522718,Wrong Item,7881.09,Approved
RET-13005,ORD-522741,Damaged in Transit,43030.99,Approved
RET-13006,ORD-522744,Defective Product,120545.23,Approved
RET-13007,ORD-522779,Size Issue,2198.0,Approved
RET-13008,ORD-522789,Customer Dissatisfaction,0.0,Rejected
RET-13009,ORD-522803,Size Issue,135866.18,Approved
RET-13010,ORD-522816,Late Delivery,7493.85,Approved
RET-13011,ORD-522829,Customer Dissatisfaction,11038.05,Approved
RET-13012,ORD-522844,Damaged in Transit,70911.83,Approved
RET-13013,ORD-522845,Late Delivery,3319.44,Approved
RET-13014,ORD-522850,Wrong Item,43078.92,Approved
RET-13015,ORD-522854,Customer Dissatisfaction,33114.56,Approved
RET-13016,ORD-522857,Customer Dissatisfaction,125391.83,Approved
RET-13017,ORD-522860,Customer Dissatisfaction,28851.53,Pending
RET-13018,ORD-522873,Size Issue,1654.67,Approved
RET-13019,ORD-522890,Defective Product,25416.44,Approved
RET-13020,ORD-522891,Damaged in Transit,1388.24,Pending
RET-13021,ORD-522894,Damaged in Transit,495685.7,Approved
RET-13022,ORD-522902,Wrong Item,0.0,Rejected
RET-13023,ORD-522912,Wrong Item,116638.93,Approved
RET-13024,ORD-522924,Defective Product,24444.09,Approved
RET-13025,ORD-522940,Late Delivery,8642.97,Approved
RET-13026,ORD-522952,Damaged in Transit,58394.98,Approved
RET-13027,ORD-522953,Customer Dissatisfaction,31205.61,Approved
RET-13028,ORD-522961,Customer Dissatisfaction,31705.07,Approved
RET-13029,ORD-522978,Size Issue,3627.56,Approved
RET-13030,ORD-522979,Wrong Item,3831.6,Approved
RET-13031,ORD-522992,Late Delivery,5421.51,Approved
RET-13032,ORD-522993,Damaged in Transit,0.0,Rejected
RET-13033,ORD-523006,Damaged in Transit,10962.41,Approved
RET-13034,ORD-523016,Customer Dissatisfaction,17703.96,Approved
RET-13035,ORD-523019,Wrong Item,4966.89,Approved
RET-13036,ORD-523033,,230776.59,Approved
RET-13037,ORD-523037,Late Delivery,151569.08,Approved
RET-13038,ORD-523043,Defective Product,119196.83,Approved
RET-13039,ORD-523077,Defective Product,30802.12,Approved
RET-13040,ORD-523085,Customer Dissatisfaction,2297.95,Approved
RET-13041,ORD-523096,Late Delivery,0.0,Rejected
RET-13042,ORD-523098,Size Issue,75207.93,Approved
RET-13043,ORD-523110,Customer Dissatisfaction,9804.99,Approved
RET-13044,ORD-523113,Damaged in Transit,24829.12,Approved
RET-13045,ORD-523124,Late Delivery,9352.39,Approved
RET-13046,ORD-523133,Defective Product,32081.51,Approved
RET-13047,ORD-523147,Wrong Item,75018.58,Approved
RET-13048,ORD-523160,Damaged in Transit,18100.74,Pending
RET-13049,ORD-523182,Damaged in Transit,2170.81,Pending
RET-13050,ORD-523188,Defective Product,26556.21,Approved
RET-13051,ORD-523198,Damaged in Transit,27183.48,Approved
RET-13052,ORD-523209,Damaged in Transit,66795.55,Approved
RET-13053,ORD-523235,Damaged in Transit,0.0,Rejected
RET-13054,ORD-523266,Late Delivery,16927.8,Approved
RET-13055,ORD-523278,Damaged in Transit,15355.83,Approved
RET-13056,ORD-523283,Defective Product,11904.63,Approved
RET-13057,ORD-523287,Defective Product,146950.13,Approved
RET-13058,ORD-523301,Size Issue,42438.57,Pending
RET-13059,ORD-523309,Customer Dissatisfaction,71047.09,Approved
RET-13060,ORD-523313,Customer Dissatisfaction,3587.93,Approved
RET-13061,ORD-523314,Defective Product,2828.59,Pending
RET-13062,ORD-523315,Customer Dissatisfaction,49272.42,Approved
RET-13063,ORD-523331,Customer Dissatisfaction,513.8,Approved
RET-13064,ORD-523353,Defective Product,15485.1,Approved
RET-13065,ORD-523354,Customer Dissatisfaction,17516.72,Pending
RET-13066,ORD-523361,Late Delivery,217295.31,Approved
RET-13067,ORD-523365,Late Delivery,4277.31,Approved
RET-13068,ORD-523369,Customer Dissatisfaction,7491.64,Approved
RET-13069,ORD-523371,Damaged in Transit,55712.61,Approved
RET-13070,ORD-523390,Defective Product,2527.58,Approved
RET-13071,ORD-523396,Damaged in Transit,12659.67,Approved
RET-13072,ORD-523397,Size Issue,10867.91,Approved
RET-13073,ORD-523419,Late Delivery,81024.84,Approved
RET-13074,ORD-523427,Damaged in Transit,48548.09,Approved
RET-13075,ORD-523440,Wrong Item,12452.51,Approved
RET-13076,ORD-523458,Size Issue,27435.91,Approved
RET-13077,ORD-523459,Defective Product,56832.55,Approved
RET-13078,ORD-523491,Defective Product,1268.53,Approved
RET-13079,ORD-523506,Defective Product,2622.32,Approved
RET-13080,ORD-523509,Wrong Item,101856.46,Approved
RET-13081,ORD-523510,Defective Product,23665.75,Approved
RET-13082,ORD-523511,Defective Product,13821.28,Approved
RET-13083,ORD-523513,Defective Product,122959.41,Pending
RET-13084,ORD-523529,Size Issue,6335.38,Approved
RET-13085,ORD-523530,Damaged in Transit,7722.15,Pending
RET-13086,ORD-523531,Damaged in Transit,20078.71,Approved
RET-13087,ORD-523546,Wrong Item,36185.01,Approved
RET-13088,ORD-523548,Damaged in Transit,30834.62,Pending
RET-13089,ORD-523553,Late Delivery,56517.34,Pending
RET-13090,ORD-523558,Late Delivery,8918.24,Approved
RET-13091,ORD-523561,Defective Product,9367.05,Approved
RET-13092,ORD-523568,Wrong Item,13668.39,Approved
RET-13093,ORD-523572,Wrong Item,4577.09,Pending
RET-13094,ORD-523580,Wrong Item,78450.79,Approved
RET-13095,ORD-523581,Wrong Item,19383.13,Approved
RET-13096,ORD-523584,Late Delivery,98795.42,Approved
RET-13097,ORD-523595,Damaged in Transit,0.0,Rejected
RET-13098,ORD-523607,Size Issue,10546.37,Approved
RET-13099,ORD-523612,Wrong Item,1443.51,Approved
RET-13100,ORD-523617,Wrong Item,2338.94,Approved
RET-13101,ORD-523621,Damaged in Transit,3141.11,Approved
RET-13102,ORD-523624,Damaged in Transit,221147.11,Approved
RET-13103,ORD-523626,Damaged in Transit,0.0,Rejected
RET-13104,ORD-523631,,6136.87,Pending
RET-13105,ORD-523639,Defective Product,138084.9,Approved
RET-13106,ORD-523642,Size Issue,116414.65,Approved
RET-13107,ORD-523643,Damaged in Transit,40683.86,Pending
RET-13108,ORD-523650,Wrong Item,0.0,Rejected
RET-13109,ORD-523653,Damaged in Transit,11614.52,Approved
RET-13110,ORD-523658,Size Issue,89238.84,Approved
RET-13111,ORD-523659,Customer Dissatisfaction,15707.92,Approved
RET-13112,ORD-523675,Defective Product,11976.59,Approved
RET-13113,ORD-523691,Defective Product,7357.65,Approved
RET-13114,ORD-523696,Size Issue,2211.71,Approved
RET-13115,ORD-523700,Defective Product,49429.37,Approved
RET-13116,ORD-523714,Defective Product,111377.37,Approved
RET-13117,ORD-523719,Damaged in Transit,21287.44,Approved
RET-13118,ORD-523727,Defective Product,7864.71,Approved
RET-13119,ORD-523740,Late Delivery,201580.86,Approved
RET-13120,ORD-523760,Defective Product,0.0,Rejected
RET-13121,ORD-523761,Wrong Item,2694.98,Approved
RET-13122,ORD-523772,Damaged in Transit,3831.32,Approved
RET-13123,ORD-523774,Late Delivery,0.0,Rejected
RET-13124,ORD-523792,Damaged in Transit,30711.37,Approved
RET-13125,ORD-523793,Customer Dissatisfaction,0.0,Rejected
RET-13126,ORD-523796,Late Delivery,3547.84,Approved
RET-13127,ORD-523808,Size Issue,19026.78,Approved
RET-13128,ORD-523810,Damaged in Transit,118536.52,Approved
RET-13129,ORD-523835,Defective Product,28134.57,Approved
RET-13130,ORD-523837,Late Delivery,22147.78,Approved
RET-13131,ORD-523838,Size Issue,2589.48,Approved
RET-13132,ORD-523847,Size Issue,145347.17,Approved
RET-13133,ORD-523849,Size Issue,70710.97,Approved
RET-13134,ORD-523851,Size Issue,0.0,Rejected
RET-13135,ORD-523852,Late Delivery,156691.06,Approved
RET-13136,ORD-523867,Late Delivery,971.7,Approved
RET-13137,ORD-523883,Wrong Item,75048.97,Approved
RET-13138,ORD-523884,Customer Dissatisfaction,16440.05,Approved
RET-13139,ORD-523895,Wrong Item,77055.04,Approved
RET-13140,ORD-523903,Customer Dissatisfaction,7126.87,Approved
RET-13141,ORD-523911,Wrong Item,15524.13,Pending
RET-13142,ORD-523913,Damaged in Transit,12188.64,Approved
RET-13143,ORD-523915,Defective Product,24255.35,Approved
RET-13144,ORD-523921,Damaged in Transit,63139.03,Approved
RET-13145,ORD-523923,Wrong Item,0.0,Rejected
RET-13146,ORD-523932,Wrong Item,69151.03,Pending
RET-13147,ORD-523937,Defective Product,0.0,Rejected
RET-13148,ORD-523942,Wrong Item,0.0,Rejected
RET-13149,ORD-523956,Defective Product,18801.07,Approved
RET-13150,ORD-523965,Damaged in Transit,378.39,Approved
RET-13151,ORD-523973,Damaged in Transit,102442.35,Approved
RET-13152,ORD-523977,Defective Product,0.0,Rejected
RET-13153,ORD-523982,Wrong Item,0.0,Rejected
RET-13154,ORD-523985,Damaged in Transit,11190.35,Approved
RET-13155,ORD-523998,Damaged in Transit,1578.55,Pending
RET-13156,ORD-523999,Size Issue,6266.99,Approved
RET-13157,ORD-524003,Late Delivery,980.15,Approved
RET-13158,ORD-524015,Customer Dissatisfaction,10548.66,Approved
RET-13159,ORD-524027,Defective Product,0.0,Rejected
RET-13160,ORD-524032,Wrong Item,6640.63,Pending
RET-13161,ORD-524036,Customer Dissatisfaction,2231.05,Approved
RET-13162,ORD-524042,Size Issue,11111.12,Approved
RET-13163,ORD-524062,Damaged in Transit,83778.3,Approved
RET-13164,ORD-524068,Customer Dissatisfaction,32333.07,Approved
RET-13165,ORD-524069,Defective Product,4169.29,Approved
RET-13166,ORD-524082,Wrong Item,0.0,Rejected
RET-13167,ORD-524085,Size Issue,9314.92,Approved
RET-13168,ORD-524095,Customer Dissatisfaction,3291.16,Approved
RET-13169,ORD-524096,Wrong Item,178.19,Pending
RET-13170,ORD-524107,Size Issue,3729.96,Pending
RET-13171,ORD-524110,Defective Product,91609.78,Approved
RET-13172,ORD-524121,Damaged in Transit,0.0,Rejected
RET-13173,ORD-524127,Late Delivery,10086.34,Approved
RET-13174,ORD-524141,Defective Product,20769.86,Approved
RET-13175,ORD-524150,Size Issue,9366.08,Approved
RET-13176,ORD-524160,Size Issue,61945.05,Pending
RET-13177,ORD-524163,Defective Product,50554.74,Approved
RET-13178,ORD-524164,Size Issue,59561.89,Pending
RET-13179,ORD-524175,Damaged in Transit,9171.63,Pending
RET-13180,ORD-524193,Late Delivery,23326.68,Pending
RET-13181,ORD-524231,Damaged in Transit,30071.7,Approved
RET-13182,ORD-524251,Damaged in Transit,5822.77,Approved
RET-13183,ORD-524254,Damaged in Transit,11882.38,Approved
RET-13184,ORD-524258,Wrong Item,2126.92,Pending
RET-13185,ORD-524265,Defective Product,6285.51,Approved
RET-13186,ORD-524267,Customer Dissatisfaction,44175.22,Approved
RET-13187,ORD-524268,Defective Product,22799.34,Pending
RET-13188,ORD-524274,Defective Product,154439.69,Approved
RET-13189,ORD-524277,Size Issue,86101.04,Approved
RET-13190,ORD-524298,Wrong Item,7419.76,Approved
RET-13191,ORD-524304,Wrong Item,48489.24,Approved
RET-13192,ORD-524325,Wrong Item,3058.59,Pending
RET-13193,ORD-524331,Size Issue,155569.45,Approved
RET-13194,ORD-524336,Customer Dissatisfaction,14585.7,Approved
RET-13195,ORD-524339,Size Issue,571.08,Approved
RET-13196,ORD-524340,Late Delivery,0.0,Rejected
RET-13197,ORD-524342,Wrong Item,2373.51,Approved
RET-13198,ORD-524348,Defective Product,10938.47,Approved
RET-13199,ORD-524353,Wrong Item,5429.35,Approved
RET-13200,ORD-524361,Damaged in Transit,75079.32,Pending
RET-13201,ORD-524371,Defective Product,21753.28,Approved
RET-13202,ORD-524385,Customer Dissatisfaction,2455.19,Approved
RET-13203,ORD-524387,Size Issue,511857.03,Approved
RET-13204,ORD-524389,Late Delivery,27309.26,Approved
RET-13205,ORD-524391,Size Issue,0.0,Rejected
RET-13206,ORD-524398,Wrong Item,2555.78,Approved
RET-13207,ORD-524405,Size Issue,18379.36,Approved
RET-13208,ORD-524418,Customer Dissatisfaction,0.0,Rejected
RET-13209,ORD-524455,Size Issue,19232.81,Pending
RET-13210,ORD-524470,Wrong Item,61150.21,Pending
RET-13211,ORD-524474,Damaged in Transit,2192.8,Approved
RET-13212,ORD-524484,Damaged in Transit,0.0,Rejected
RET-13213,ORD-524486,Customer Dissatisfaction,0.0,Rejected
RET-13214,ORD-524490,Damaged in Transit,26717.66,Pending
RET-13215,ORD-524494,Customer Dissatisfaction,67894.77,Approved
RET-13216,ORD-524523,Late Delivery,6327.88,Approved
RET-13217,ORD-524529,Wrong Item,6397.57,Approved
RET-13218,ORD-524532,Defective Product,2144.49,Pending
RET-13219,ORD-524539,Customer Dissatisfaction,29895.46,Approved
RET-13220,ORD-524567,Size Issue,36991.97,Approved
RET-13221,ORD-524577,Late Delivery,10519.55,Pending
RET-13222,ORD-524579,Defective Product,48173.87,Approved
RET-13223,ORD-524586,Defective Product,88701.31,Approved
RET-13224,ORD-524602,Size Issue,0.0,Rejected
RET-13225,ORD-524604,Customer Dissatisfaction,39388.82,Approved
RET-13226,ORD-524607,Defective Product,1604.29,Approved
RET-13227,ORD-524616,Size Issue,13403.36,Approved
RET-13228,ORD-524620,Defective Product,30491.41,Approved
RET-13229,ORD-524623,Size Issue,3964.56,Approved
RET-13230,ORD-524634,Defective Product,59600.03,Approved
RET-13231,ORD-524637,Size Issue,1539.93,Approved
RET-13232,ORD-524656,Size Issue,462028.47,Approved
RET-13233,ORD-524658,Defective Product,8121.75,Approved
RET-13234,ORD-524666,Wrong Item,37744.1,Pending
RET-13235,ORD-524667,Size Issue,6483.99,Approved
RET-13236,ORD-524693,Wrong Item,33729.12,Approved
RET-13237,ORD-524705,Defective Product,14011.84,Approved
RET-13238,ORD-524720,Wrong Item,28487.25,Pending
RET-13239,ORD-524725,Defective Product,4254.09,Approved
RET-13240,ORD-524746,Damaged in Transit,82518.95,Approved
RET-13241,ORD-524772,Defective Product,7268.98,Approved
RET-13242,ORD-524773,Late Delivery,6753.77,Pending
RET-13243,ORD-524795,Customer Dissatisfaction,4579.48,Approved
RET-13244,ORD-524801,Damaged in Transit,0.0,Rejected
RET-13245,ORD-524813,Defective Product,21524.85,Approved
RET-13246,ORD-524819,Defective Product,10900.14,Pending
RET-13247,ORD-524820,Damaged in Transit,2316.86,Approved
RET-13248,ORD-524838,Defective Product,2119.57,Approved
RET-13249,ORD-524855,Damaged in Transit,22152.71,Approved
RET-13250,ORD-524856,Customer Dissatisfaction,21423.95,Approved
RET-13251,ORD-524863,Wrong Item,9219.31,Approved
RET-13252,ORD-524866,Customer Dissatisfaction,935.7,Pending
RET-13253,ORD-524871,Size Issue,36479.14,Approved
RET-13254,ORD-524873,Customer Dissatisfaction,118268.85,Pending
RET-13255,ORD-524878,Damaged in Transit,16005.12,Approved
RET-13256,ORD-524882,Damaged in Transit,488551.75,Approved
RET-13257,ORD-524883,Defective Product,21874.93,Approved
RET-13258,ORD-524889,Damaged in Transit,52380.18,Pending
RET-13259,ORD-524897,Customer Dissatisfaction,2751.05,Approved
RET-13260,ORD-524903,Wrong Item,35433.32,Approved
RET-13261,ORD-524906,Customer Dissatisfaction,19560.8,Approved
RET-13262,ORD-524910,Customer Dissatisfaction,8700.96,Pending
RET-13263,ORD-524911,Defective Product,75234.23,Approved
RET-13264,ORD-524922,Size Issue,41793.64,Pending
RET-13265,ORD-524925,Damaged in Transit,86810.23,Approved
RET-13266,ORD-524926,Late Delivery,2487.62,Approved
RET-13267,ORD-524931,Customer Dissatisfaction,14583.46,Approved
RET-13268,ORD-524935,Wrong Item,22508.09,Approved
RET-13269,ORD-524937,Customer Dissatisfaction,12584.57,Approved
RET-13270,ORD-524942,Customer Dissatisfaction,17781.94,Pending
RET-13271,ORD-524950,Damaged in Transit,4058.74,Pending
RET-13272,ORD-524966,Late Delivery,38726.77,Approved
RET-13273,ORD-524983,Size Issue,128882.33,Approved
RET-13274,ORD-524995,Size Issue,3324.84,Approved
RET-13275,ORD-524999,Customer Dissatisfaction,29046.02,Approved
RET-13276,ORD-525011,Customer Dissatisfaction,7201.87,Approved
RET-13277,ORD-525012,Customer Dissatisfaction,18802.67,Approved
RET-13278,ORD-525020,Defective Product,4746.44,Approved
RET-13279,ORD-525030,Size Issue,17337.26,Approved
RET-13280,ORD-525031,Customer Dissatisfaction,20749.36,Approved
RET-13281,ORD-525045,Late Delivery,48727.58,Approved
RET-13282,ORD-525084,Damaged in Transit,4170.28,Approved
RET-13283,ORD-525097,Defective Product,62503.16,Approved
RET-13284,ORD-525099,Customer Dissatisfaction,0.0,Rejected
RET-13285,ORD-525100,Wrong Item,8162.21,Pending
RET-13286,ORD-525102,Late Delivery,699.55,Approved
RET-13287,ORD-525113,Customer Dissatisfaction,24292.96,Pending
RET-13288,ORD-525121,Customer Dissatisfaction,12262.84,Approved
RET-13289,ORD-525122,Customer Dissatisfaction,61091.13,Approved
RET-13290,ORD-525134,Size Issue,38827.86,Approved
RET-13291,ORD-525137,Customer Dissatisfaction,27620.0,Approved
RET-13292,ORD-525139,Wrong Item,4968.87,Approved
RET-13293,ORD-525141,Customer Dissatisfaction,4147.66,Approved
RET-13294,ORD-525148,,1457.57,Approved
RET-13295,ORD-525166,Late Delivery,6868.28,Approved
RET-13296,ORD-525168,Size Issue,8431.63,Pending
RET-13297,ORD-525169,Customer Dissatisfaction,32148.22,Approved
RET-13298,ORD-525184,Damaged in Transit,43665.47,Approved
RET-13299,ORD-525187,Defective Product,118154.69,Pending
RET-13300,ORD-525189,Damaged in Transit,3008.04,Pending
RET-13301,ORD-525202,Late Delivery,24648.75,Approved
RET-13302,ORD-525208,Customer Dissatisfaction,0.0,Rejected
RET-13303,ORD-525225,Defective Product,3473.89,Approved
RET-13304,ORD-525229,Wrong Item,1144.2,Pending
RET-13305,ORD-525233,Size Issue,10173.06,Approved
RET-13306,ORD-525234,Wrong Item,19477.19,Pending
RET-13307,ORD-525247,Wrong Item,81709.46,Approved
RET-13308,ORD-525251,Customer Dissatisfaction,0.0,Rejected
RET-13309,ORD-525256,Size Issue,949.99,Pending
RET-13310,ORD-525278,Late Delivery,477.05,Pending
RET-13311,ORD-525284,Customer Dissatisfaction,3495.19,Approved
RET-13312,ORD-525288,Defective Product,1932.57,Approved
RET-13313,ORD-525302,Wrong Item,52593.4,Approved
RET-13314,ORD-525304,Size Issue,144170.57,Approved
RET-13315,ORD-525317,Late Delivery,138992.42,Approved
RET-13316,ORD-525318,Size Issue,9936.3,Pending
RET-13317,ORD-525326,Late Delivery,50003.43,Approved
RET-13318,ORD-525331,Late Delivery,73729.88,Approved
RET-13319,ORD-525359,Wrong Item,9304.3,Approved
RET-13320,ORD-525362,Defective Product,3845.49,Approved
RET-13321,ORD-525396,Wrong Item,0.0,Rejected
RET-13322,ORD-525400,Defective Product,11171.62,Approved
RET-13323,ORD-525401,Wrong Item,0.0,Rejected
RET-13324,ORD-525412,Damaged in Transit,3414.84,Pending
RET-13325,ORD-525438,Customer Dissatisfaction,4126.1,Approved
RET-13326,ORD-525452,Customer Dissatisfaction,16057.41,Pending
RET-13327,ORD-525458,Damaged in Transit,46908.72,Approved
RET-13328,ORD-525459,Damaged in Transit,8143.16,Approved
RET-13329,ORD-525465,Defective Product,64276.31,Approved
RET-13330,ORD-525470,Customer Dissatisfaction,159793.43,Approved
RET-13331,ORD-525483,Defective Product,61215.44,Approved
RET-13332,ORD-525510,Late Delivery,16014.54,Approved
RET-13333,ORD-525522,Defective Product,327028.8,Approved
RET-13334,ORD-525525,Defective Product,139781.45,Approved
RET-13335,ORD-525530,Defective Product,560.16,Approved
RET-13336,ORD-525533,Wrong Item,3502.29,Approved
RET-13337,ORD-525535,Defective Product,33296.31,Approved
RET-13338,ORD-525536,Size Issue,45366.47,Approved
RET-13339,ORD-525539,Size Issue,13163.2,Approved
RET-13340,ORD-525540,Late Delivery,26737.85,Approved
RET-13341,ORD-525545,Customer Dissatisfaction,44478.71,Approved
RET-13342,ORD-525548,Late Delivery,169876.3,Approved
RET-13343,ORD-525550,Customer Dissatisfaction,110457.15,Approved
RET-13344,ORD-525555,Customer Dissatisfaction,14170.05,Approved
RET-13345,ORD-525562,Damaged in Transit,1371.16,Approved
RET-13346,ORD-525568,Size Issue,9854.72,Approved
RET-13347,ORD-525569,Wrong Item,2586.93,Approved
RET-13348,ORD-525573,Defective Product,180083.92,Approved
RET-13349,ORD-525578,Damaged in Transit,29931.98,Approved
RET-13350,ORD-525580,Defective Product,2868.89,Approved
RET-13351,ORD-525586,Customer Dissatisfaction,12344.13,Approved
RET-13352,ORD-525602,Late Delivery,13426.3,Approved
RET-13353,ORD-525606,Late Delivery,43107.27,Approved
RET-13354,ORD-525610,Size Issue,38403.51,Approved
RET-13355,ORD-525616,Damaged in Transit,139764.33,Approved
RET-13356,ORD-525628,Defective Product,2550.7,Approved
RET-13357,ORD-525636,Size Issue,0.0,Rejected
RET-13358,ORD-525638,Late Delivery,3027.88,Pending
RET-13359,ORD-525645,Customer Dissatisfaction,82425.73,Approved
RET-13360,ORD-525656,Late Delivery,20150.74,Approved
RET-13361,ORD-525661,Wrong Item,64848.5,Approved
RET-13362,ORD-525663,Size Issue,196063.33,Approved
RET-13363,ORD-525664,Size Issue,0.0,Rejected
RET-13364,ORD-525666,Late Delivery,10560.53,Approved
RET-13365,ORD-525667,Damaged in Transit,2806.85,Approved
RET-13366,ORD-525678,Late Delivery,4786.6,Approved
RET-13367,ORD-525680,Defective Product,0.0,Rejected
RET-13368,ORD-525692,Customer Dissatisfaction,57763.27,Approved
RET-13369,ORD-525702,Late Delivery,1224.57,Approved
RET-13370,ORD-525707,Wrong Item,18255.75,Pending
RET-13371,ORD-525716,Size Issue,23587.99,Approved
RET-13372,ORD-525719,Damaged in Transit,4964.16,Approved
RET-13373,ORD-525737,Size Issue,1266.52,Pending
RET-13374,ORD-525744,Size Issue,21357.64,Approved
RET-13375,ORD-525761,Size Issue,2525.97,Pending
RET-13376,ORD-525766,Damaged in Transit,5597.07,Approved
RET-13377,ORD-525768,Wrong Item,32306.77,Approved
RET-13378,ORD-525775,Customer Dissatisfaction,0.0,Rejected
RET-13379,ORD-525777,Defective Product,8686.69,Approved
RET-13380,ORD-525782,Wrong Item,20045.97,Approved
RET-13381,ORD-525788,Damaged in Transit,0.0,Rejected
RET-13382,ORD-525809,Defective Product,0.0,Rejected
RET-13383,ORD-525814,Customer Dissatisfaction,32714.14,Approved
RET-13384,ORD-525815,Late Delivery,59851.48,Approved
RET-13385,ORD-525818,Late Delivery,180167.19,Pending
RET-13386,ORD-525819,Defective Product,16881.37,Approved
RET-13387,ORD-525826,Wrong Item,102902.96,Approved
RET-13388,ORD-525840,Wrong Item,41837.55,Approved
RET-13389,ORD-525842,Defective Product,9388.02,Approved
RET-13390,ORD-525847,Wrong Item,13478.63,Pending
RET-13391,ORD-525853,Size Issue,10455.67,Pending
RET-13392,ORD-525856,Wrong Item,32652.22,Approved
RET-13393,ORD-525857,Late Delivery,15432.97,Approved
RET-13394,ORD-525862,Wrong Item,122102.89,Approved
RET-13395,ORD-525863,Customer Dissatisfaction,2947.15,Approved
RET-13396,ORD-525864,Late Delivery,110486.03,Approved
RET-13397,ORD-525884,Wrong Item,9044.42,Approved
RET-13398,ORD-525885,Customer Dissatisfaction,11752.39,Approved
RET-13399,ORD-525887,Defective Product,0.0,Rejected
RET-13400,ORD-525888,Late Delivery,97307.67,Approved
RET-13401,ORD-525989,Late Delivery,3670.13,Pending
RET-13402,ORD-525990,Size Issue,12080.95,Approved
RET-13403,ORD-525995,Late Delivery,70991.31,Approved
RET-13404,ORD-525997,Damaged in Transit,3935.58,Pending
RET-13405,ORD-526002,Customer Dissatisfaction,17403.8,Approved
RET-13406,ORD-526003,Damaged in Transit,304778.38,Approved
RET-13407,ORD-526021,Late Delivery,70675.42,Approved
RET-13408,ORD-526026,Size Issue,42996.47,Approved
RET-13409,ORD-526045,Late Delivery,5326.82,Approved
RET-13410,ORD-526046,Late Delivery,132569.88,Approved
RET-13411,ORD-526050,Customer Dissatisfaction,0.0,Rejected
RET-13412,ORD-526057,Damaged in Transit,15277.86,Pending
RET-13413,ORD-526059,Customer Dissatisfaction,39532.5,Approved
RET-13414,ORD-526070,Wrong Item,42519.92,Approved
RET-13415,ORD-526074,Defective Product,290774.32,Approved
RET-13416,ORD-526078,Customer Dissatisfaction,18614.99,Approved
RET-13417,ORD-526084,Defective Product,72822.29,Approved
RET-13418,ORD-526089,Wrong Item,51482.8,Approved
RET-13419,ORD-526096,Wrong Item,229662.04,Approved
RET-13420,ORD-526122,Size Issue,41866.45,Approved
RET-13421,ORD-526136,Size Issue,25389.15,Approved
RET-13422,ORD-526149,Size Issue,45055.37,Approved
RET-13423,ORD-526154,Customer Dissatisfaction,23220.41,Approved
RET-13424,ORD-526174,Damaged in Transit,0.0,Rejected
RET-13425,ORD-526177,Wrong Item,0.0,Rejected
RET-13426,ORD-526179,Wrong Item,676.87,Approved
RET-13427,ORD-526182,Size Issue,4023.97,Approved
RET-13428,ORD-526185,Size Issue,4608.06,Approved
RET-13429,ORD-526201,Defective Product,0.0,Rejected
RET-13430,ORD-526209,Defective Product,42120.67,Approved
RET-13431,ORD-526212,Size Issue,15303.45,Pending
RET-13432,ORD-526228,Size Issue,4182.23,Approved
RET-13433,ORD-526229,Size Issue,33143.38,Approved
RET-13434,ORD-526240,Defective Product,2639.36,Approved
RET-13435,ORD-526262,Late Delivery,7554.82,Pending
RET-13436,ORD-526297,Customer Dissatisfaction,8265.92,Approved
RET-13437,ORD-526298,Size Issue,102672.62,Approved
RET-13438,ORD-526301,Damaged in Transit,5592.67,Approved
RET-13439,ORD-526316,Wrong Item,4123.22,Approved
RET-13440,ORD-526321,Size Issue,18484.47,Pending
RET-13441,ORD-526323,Size Issue,120.01,Approved
RET-13442,ORD-526331,Size Issue,2400.63,Approved
RET-13443,ORD-526369,Late Delivery,1385.44,Approved
RET-13444,ORD-526375,Damaged in Transit,0.0,Rejected
RET-13445,ORD-526391,Wrong Item,56963.42,Approved
RET-13446,ORD-526392,Damaged in Transit,0.0,Rejected
RET-13447,ORD-526394,Late Delivery,2323.96,Approved
RET-13448,ORD-526398,Size Issue,32090.94,Approved
RET-13449,ORD-526401,Damaged in Transit,18206.97,Approved
RET-13450,ORD-526429,Wrong Item,63454.28,Approved
RET-13451,ORD-526430,Defective Product,2172.17,Approved
RET-13452,ORD-526435,Damaged in Transit,50399.79,Approved
RET-13453,ORD-526438,Damaged in Transit,25679.98,Approved
RET-13454,ORD-526439,Damaged in Transit,1494.83,Approved
RET-13455,ORD-526443,Defective Product,0.0,Rejected
RET-13456,ORD-526449,Defective Product,1605.47,Approved
RET-13457,ORD-526450,Customer Dissatisfaction,64286.16,Approved
RET-13458,ORD-526452,Defective Product,6884.7,Approved
RET-13459,ORD-526460,Wrong Item,0.0,Rejected
RET-13460,ORD-526468,Defective Product,0.0,Rejected
RET-13461,ORD-526478,Defective Product,600.33,Approved
RET-13462,ORD-526479,Late Delivery,0.0,Rejected
RET-13463,ORD-526481,Wrong Item,9151.37,Approved
RET-13464,ORD-526490,Defective Product,1935.52,Approved
RET-13465,ORD-526491,Wrong Item,6491.48,Pending
RET-13466,ORD-526511,Wrong Item,0.0,Rejected
RET-13467,ORD-526522,Late Delivery,164388.52,Approved
RET-13468,ORD-526531,,23390.49,Approved
RET-13469,ORD-526538,Damaged in Transit,14368.48,Pending
RET-13470,ORD-526544,Wrong Item,28041.73,Approved
RET-13471,ORD-526554,Customer Dissatisfaction,3967.82,Approved
RET-13472,ORD-526556,Customer Dissatisfaction,0.0,Rejected
RET-13473,ORD-526558,Damaged in Transit,0.0,Rejected
RET-13474,ORD-526560,Late Delivery,61677.84,Pending
RET-13475,ORD-526568,Defective Product,22554.69,Approved
RET-13476,ORD-526585,Customer Dissatisfaction,106894.71,Approved
RET-13477,ORD-526587,Late Delivery,8367.77,Approved
RET-13478,ORD-526601,Customer Dissatisfaction,209024.07,Approved
RET-13479,ORD-526605,Damaged in Transit,518.3,Approved
RET-13480,ORD-526612,Size Issue,19627.4,Approved
RET-13481,ORD-526617,Damaged in Transit,62252.5,Pending
RET-13482,ORD-526627,Damaged in Transit,158574.51,Pending
RET-13483,ORD-526632,Damaged in Transit,81694.07,Pending
RET-13484,ORD-526634,Late Delivery,188183.82,Approved
RET-13485,ORD-526643,Defective Product,83891.68,Approved
RET-13486,ORD-526645,Damaged in Transit,80411.48,Approved
RET-13487,ORD-526652,Late Delivery,54563.82,Approved
RET-13488,ORD-526660,Wrong Item,8791.63,Pending
RET-13489,ORD-526666,Customer Dissatisfaction,0.0,Rejected
RET-13490,ORD-526673,Wrong Item,0.0,Rejected
RET-13491,ORD-526679,Defective Product,24152.65,Approved
RET-13492,ORD-526687,Late Delivery,2012.54,Approved
RET-13493,ORD-526689,Late Delivery,13111.91,Approved
RET-13494,ORD-526692,Late Delivery,2060.19,Approved
RET-13495,ORD-526706,Wrong Item,108833.93,Approved
RET-13496,ORD-526716,Customer Dissatisfaction,146684.37,Approved
RET-13497,ORD-526725,Wrong Item,18249.35,Approved
RET-13498,ORD-526730,Customer Dissatisfaction,16284.79,Approved
RET-13499,ORD-526732,Customer Dissatisfaction,17701.59,Approved
RET-13500,ORD-526746,Late Delivery,1624.99,Approved
RET-13501,ORD-526753,Late Delivery,73477.99,Approved
RET-13502,ORD-526772,Customer Dissatisfaction,4335.78,Approved
RET-13503,ORD-526774,Customer Dissatisfaction,15839.45,Pending
RET-13504,ORD-526779,Damaged in Transit,101461.57,Approved
RET-13505,ORD-526794,Defective Product,13190.46,Approved
RET-13506,ORD-526802,Defective Product,265882.23,Approved
RET-13507,ORD-526803,Damaged in Transit,4984.52,Approved
RET-13508,ORD-526806,Late Delivery,197590.59,Approved
RET-13509,ORD-526814,Defective Product,22997.44,Approved
RET-13510,ORD-526816,Customer Dissatisfaction,2299.2,Approved
RET-13511,ORD-526818,Wrong Item,1268.55,Pending
RET-13512,ORD-526819,Customer Dissatisfaction,13302.6,Approved
RET-13513,ORD-526820,Size Issue,0.0,Rejected
RET-13514,ORD-526824,Damaged in Transit,4878.12,Approved
RET-13515,ORD-526830,Customer Dissatisfaction,135749.21,Approved
RET-13516,ORD-526835,Size Issue,215.9,Pending
RET-13517,ORD-526837,Late Delivery,7401.48,Approved
RET-13518,ORD-526848,Late Delivery,1201.48,Approved
RET-13519,ORD-526849,Damaged in Transit,0.0,Rejected
RET-13520,ORD-526851,Damaged in Transit,10412.33,Approved
RET-13521,ORD-526851,Wrong Item,14496.26,Approved
RET-13522,ORD-526869,Late Delivery,4730.76,Pending
RET-13523,ORD-526880,Late Delivery,5874.21,Pending
RET-13524,ORD-526882,Defective Product,2842.98,Approved
RET-13525,ORD-526884,Defective Product,78613.86,Pending
RET-13526,ORD-526888,Defective Product,0.0,Rejected
RET-13527,ORD-526907,Customer Dissatisfaction,0.0,Rejected
RET-13528,ORD-526913,Size Issue,5389.21,Approved
RET-13529,ORD-526918,Defective Product,13842.76,Pending
RET-13530,ORD-526920,Size Issue,31406.56,Approved
RET-13531,ORD-526944,Customer Dissatisfaction,62164.44,Approved
RET-13532,ORD-526946,Size Issue,165390.78,Approved
RET-13533,ORD-526956,Wrong Item,3336.86,Approved
RET-13534,ORD-526958,Size Issue,1759.58,Approved
RET-13535,ORD-526958,Damaged in Transit,4031.1,Approved
RET-13536,ORD-526963,Customer Dissatisfaction,459.2,Approved
RET-13537,ORD-526970,Wrong Item,106932.15,Approved
RET-13538,ORD-526976,Wrong Item,25650.28,Approved
RET-13539,ORD-526981,Defective Product,13736.0,Approved
RET-13540,ORD-526986,Size Issue,58203.33,Pending
RET-13541,ORD-526991,Wrong Item,3581.71,Approved
RET-13542,ORD-527009,Wrong Item,4786.84,Approved
RET-13543,ORD-527020,Late Delivery,45422.94,Pending
RET-13544,ORD-527027,Damaged in Transit,0.0,Rejected
RET-13545,ORD-527034,Damaged in Transit,56046.8,Approved
RET-13546,ORD-527038,Size Issue,26017.87,Approved
RET-13547,ORD-527047,Wrong Item,3083.75,Approved
RET-13548,ORD-527051,Wrong Item,9221.26,Approved
RET-13549,ORD-527056,Customer Dissatisfaction,0.0,Rejected
RET-13550,ORD-527062,Wrong Item,36779.49,Approved
RET-13551,ORD-527088,Late Delivery,0.0,Rejected
RET-13552,ORD-527094,Wrong Item,26078.33,Approved
RET-13553,ORD-527097,Damaged in Transit,16222.1,Pending
RET-13554,ORD-527118,Size Issue,5409.13,Approved
RET-13555,ORD-527123,Late Delivery,154251.54,Pending
RET-13556,ORD-527126,Wrong Item,5657.68,Approved
RET-13557,ORD-527129,Customer Dissatisfaction,2018.58,Approved
RET-13558,ORD-527144,Damaged in Transit,2585.9,Pending
RET-13559,ORD-527145,Customer Dissatisfaction,61478.53,Pending
RET-13560,ORD-527156,Late Delivery,56746.08,Approved
RET-13561,ORD-527169,Defective Product,5775.95,Approved
RET-13562,ORD-527184,Customer Dissatisfaction,0.0,Rejected
RET-13563,ORD-527197,Defective Product,0.0,Rejected
RET-13564,ORD-527200,Size Issue,7782.01,Pending
RET-13565,ORD-527211,Wrong Item,12909.17,Approved
RET-13566,ORD-527215,Size Issue,109373.04,Approved
RET-13567,ORD-527225,Wrong Item,11483.9,Pending
RET-13568,ORD-527247,Damaged in Transit,28723.27,Approved
RET-13569,ORD-527253,Late Delivery,37319.27,Approved
RET-13570,ORD-527257,Damaged in Transit,17126.24,Approved
RET-13571,ORD-527261,Size Issue,114054.68,Approved
RET-13572,ORD-527270,Late Delivery,99710.75,Approved
RET-13573,ORD-527272,Defective Product,12854.53,Approved
RET-13574,ORD-527274,Size Issue,70918.33,Approved
RET-13575,ORD-527277,Damaged in Transit,1617.75,Approved
RET-13576,ORD-527278,Defective Product,10609.08,Approved
RET-13577,ORD-527279,Size Issue,11910.63,Approved
RET-13578,ORD-527281,Wrong Item,1148.93,Approved
RET-13579,ORD-527282,Customer Dissatisfaction,8541.12,Approved
RET-13580,ORD-527286,Damaged in Transit,12019.06,Approved
RET-13581,ORD-527296,Wrong Item,1741.8,Approved
RET-13582,ORD-527300,Defective Product,27800.93,Approved
RET-13583,ORD-527306,Defective Product,11345.3,Pending
RET-13584,ORD-527311,Customer Dissatisfaction,0.0,Rejected
RET-13585,ORD-527314,Customer Dissatisfaction,3925.03,Pending
RET-13586,ORD-527333,Damaged in Transit,2058.12,Approved
RET-13587,ORD-527339,Defective Product,56118.58,Approved
RET-13588,ORD-527352,Defective Product,23397.14,Approved
RET-13589,ORD-527357,Customer Dissatisfaction,0.0,Rejected
RET-13590,ORD-527358,Late Delivery,130088.63,Approved
RET-13591,ORD-527361,Damaged in Transit,0.0,Rejected
RET-13592,ORD-527373,Defective Product,95164.65,Pending
RET-13593,ORD-527377,Customer Dissatisfaction,5774.15,Approved
RET-13594,ORD-527379,Late Delivery,5738.36,Approved
RET-13595,ORD-527382,,65906.46,Approved
RET-13596,ORD-527386,Defective Product,3958.29,Approved
RET-13597,ORD-527394,Size Issue,3433.13,Pending
RET-13598,ORD-527395,Late Delivery,0.0,Rejected
RET-13599,ORD-527406,Defective Product,0.0,Rejected
RET-13600,ORD-527415,Damaged in Transit,1880.4,Approved
RET-13601,ORD-527419,Customer Dissatisfaction,562.15,Pending
RET-13602,ORD-527430,Late Delivery,16060.99,Approved
RET-13603,ORD-527450,Defective Product,18850.62,Approved
RET-13604,ORD-527451,Damaged in Transit,12407.39,Approved
RET-13605,ORD-527452,Defective Product,152224.43,Approved
RET-13606,ORD-527454,Customer Dissatisfaction,18640.45,Approved
RET-13607,ORD-527459,Defective Product,6298.21,Approved
RET-13608,ORD-527460,Wrong Item,0.0,Rejected
RET-13609,ORD-527465,Customer Dissatisfaction,35065.82,Approved
RET-13610,ORD-527467,Size Issue,0.0,Rejected
RET-13611,ORD-527468,Damaged in Transit,9599.68,Approved
RET-13612,ORD-527487,Defective Product,152806.01,Approved
RET-13613,ORD-527498,Defective Product,3272.06,Approved
RET-13614,ORD-527505,Late Delivery,188955.79,Approved
RET-13615,ORD-527510,Customer Dissatisfaction,10901.16,Pending
RET-13616,ORD-527520,Damaged in Transit,19118.62,Pending
RET-13617,ORD-527525,Size Issue,2210.63,Pending
RET-13618,ORD-527545,Defective Product,2290.13,Pending
RET-13619,ORD-527557,Defective Product,3421.81,Approved
RET-13620,ORD-527582,Customer Dissatisfaction,25809.34,Approved
RET-13621,ORD-527583,Size Issue,43019.63,Approved
RET-13622,ORD-527592,Size Issue,69697.94,Approved
RET-13623,ORD-527601,Wrong Item,14463.38,Pending
RET-13624,ORD-527625,Damaged in Transit,8843.94,Approved
RET-13625,ORD-527627,Customer Dissatisfaction,2913.49,Approved
RET-13626,ORD-527642,Wrong Item,3129.51,Approved
RET-13627,ORD-527664,Size Issue,1791.42,Approved
RET-13628,ORD-527686,Late Delivery,0.0,Rejected
RET-13629,ORD-527688,Damaged in Transit,1484510.6,Approved
RET-13630,ORD-527692,Size Issue,0.0,Rejected
RET-13631,ORD-527696,Late Delivery,48380.01,Approved
RET-13632,ORD-527701,Late Delivery,2823.72,Pending
RET-13633,ORD-527703,Customer Dissatisfaction,51234.28,Approved
RET-13634,ORD-527707,Customer Dissatisfaction,6186.92,Approved
RET-13635,ORD-527712,Size Issue,166641.99,Approved
RET-13636,ORD-527719,Damaged in Transit,16544.5,Pending
RET-13637,ORD-527722,Customer Dissatisfaction,2890.14,Pending
RET-13638,ORD-527727,Wrong Item,135534.1,Approved
RET-13639,ORD-527733,Customer Dissatisfaction,111938.94,Approved
RET-13640,ORD-527739,Customer Dissatisfaction,17214.1,Approved
RET-13641,ORD-527743,Damaged in Transit,13174.82,Approved
RET-13642,ORD-527744,Late Delivery,139993.03,Approved
RET-13643,ORD-527766,Damaged in Transit,7625.06,Approved
RET-13644,ORD-527776,Size Issue,184.96,Pending
RET-13645,ORD-527783,Wrong Item,39800.99,Approved
RET-13646,ORD-527785,Late Delivery,83008.73,Approved
RET-13647,ORD-527795,Defective Product,3836.19,Approved
RET-13648,ORD-527814,Customer Dissatisfaction,7705.78,Approved
RET-13649,ORD-527821,Wrong Item,467.08,Pending
RET-13650,ORD-527823,Defective Product,3562.87,Approved
RET-13651,ORD-527824,Customer Dissatisfaction,19415.75,Approved
RET-13652,ORD-527825,Late Delivery,95181.34,Approved
RET-13653,ORD-527826,Defective Product,1962.59,Approved
RET-13654,ORD-527831,Size Issue,8929.62,Pending
RET-13655,ORD-527837,Late Delivery,76579.85,Pending
RET-13656,ORD-527839,,99297.95,Approved
RET-13657,ORD-527845,Customer Dissatisfaction,0.0,Rejected
RET-13658,ORD-527852,Defective Product,15643.18,Approved
RET-13659,ORD-527860,Damaged in Transit,84816.59,Pending
RET-13660,ORD-527863,Damaged in Transit,45923.91,Approved
RET-13661,ORD-527865,Size Issue,9336.8,Pending
RET-13662,ORD-527867,Late Delivery,1915.54,Pending
RET-13663,ORD-527870,Defective Product,8483.15,Approved
RET-13664,ORD-527881,Late Delivery,730.97,Approved
RET-13665,ORD-527886,Size Issue,57923.41,Pending
RET-13666,ORD-527894,Size Issue,32975.99,Pending
RET-13667,ORD-527904,Size Issue,10342.23,Pending
RET-13668,ORD-527908,Customer Dissatisfaction,71963.39,Approved
RET-13669,ORD-527916,Customer Dissatisfaction,10803.89,Pending
RET-13670,ORD-527927,Late Delivery,27069.56,Approved
RET-13671,ORD-527936,Damaged in Transit,5348.05,Approved
RET-13672,ORD-527943,Size Issue,57305.87,Approved
RET-13673,ORD-527949,Defective Product,0.0,Rejected
RET-13674,ORD-527965,Customer Dissatisfaction,2849.07,Approved
RET-13675,ORD-527972,Wrong Item,21215.31,Approved
RET-13676,ORD-527975,Defective Product,39658.67,Approved
RET-13677,ORD-527983,Customer Dissatisfaction,10924.49,Approved
RET-13678,ORD-527986,Defective Product,11398.0,Approved
RET-13679,ORD-527991,Wrong Item,74871.39,Approved
RET-13680,ORD-528005,Wrong Item,5493.12,Approved
RET-13681,ORD-528006,Damaged in Transit,14181.83,Approved
RET-13682,ORD-528011,Customer Dissatisfaction,305.92,Approved
RET-13683,ORD-528020,Customer Dissatisfaction,316090.47,Approved
RET-13684,ORD-528024,Size Issue,0.0,Rejected
RET-13685,ORD-528039,Late Delivery,15517.69,Approved
RET-13686,ORD-528043,Wrong Item,4269.48,Approved
RET-13687,ORD-528057,Size Issue,3031.23,Approved
RET-13688,ORD-528058,Defective Product,63514.01,Approved
RET-13689,ORD-528060,Size Issue,5341.65,Approved
RET-13690,ORD-528061,Size Issue,4093.21,Approved
RET-13691,ORD-528065,Defective Product,0.0,Rejected
RET-13692,ORD-528078,Damaged in Transit,34390.71,Approved
RET-13693,ORD-528079,Damaged in Transit,176250.07,Approved
RET-13694,ORD-528089,Defective Product,36665.79,Approved
RET-13695,ORD-528091,Size Issue,42934.58,Approved
RET-13696,ORD-528099,Defective Product,86625.21,Approved
RET-13697,ORD-528140,Customer Dissatisfaction,124645.34,Approved
RET-13698,ORD-528146,Wrong Item,0.0,Rejected
RET-13699,ORD-528150,Late Delivery,0.0,Rejected
RET-13700,ORD-528151,Size Issue,21173.35,Approved
RET-13701,ORD-528178,Wrong Item,0.0,Rejected
RET-13702,ORD-528188,Size Issue,12221.1,Approved
RET-13703,ORD-528189,Damaged in Transit,3765.23,Approved
RET-13704,ORD-528190,Size Issue,217580.06,Approved
RET-13705,ORD-528194,Size Issue,15981.12,Approved
RET-13706,ORD-528200,Customer Dissatisfaction,40372.54,Approved
RET-13707,ORD-528207,Defective Product,554.1,Approved
RET-13708,ORD-528216,Damaged in Transit,209346.32,Approved
RET-13709,ORD-528227,Customer Dissatisfaction,54681.13,Approved
RET-13710,ORD-528228,Customer Dissatisfaction,0.0,Rejected
RET-13711,ORD-528231,Damaged in Transit,4276.65,Approved
RET-13712,ORD-528232,Defective Product,0.0,Rejected
RET-13713,ORD-528247,Late Delivery,3376.93,Approved
RET-13714,ORD-528254,Size Issue,31353.68,Approved
RET-13715,ORD-528255,Wrong Item,45645.48,Approved
RET-13716,ORD-528261,Customer Dissatisfaction,48191.94,Approved
RET-13717,ORD-528267,Defective Product,6458.5,Approved
RET-13718,ORD-528270,Wrong Item,278.91,Approved
RET-13719,ORD-528281,Defective Product,44263.66,Pending
RET-13720,ORD-528290,Defective Product,1384.6,Pending
RET-13721,ORD-528293,Damaged in Transit,20124.63,Approved
RET-13722,ORD-528300,Size Issue,23041.66,Approved
RET-13723,ORD-528303,Defective Product,52745.98,Approved
RET-13724,ORD-528312,Late Delivery,0.0,Rejected
RET-13725,ORD-528313,Late Delivery,25572.43,Approved
RET-13726,ORD-528314,Wrong Item,3824.25,Approved
RET-13727,ORD-528323,Late Delivery,1029.13,Approved
RET-13728,ORD-528327,Late Delivery,3426.67,Approved
RET-13729,ORD-528328,Damaged in Transit,55275.35,Approved
RET-13730,ORD-528336,Late Delivery,32.0,Approved
RET-13731,ORD-528337,Wrong Item,3375.47,Approved
RET-13732,ORD-528344,Defective Product,5320.79,Approved
RET-13733,ORD-528345,Wrong Item,292528.53,Approved
RET-13734,ORD-528347,Damaged in Transit,1187.99,Pending
RET-13735,ORD-528349,Defective Product,15929.88,Approved
RET-13736,ORD-528355,Damaged in Transit,1655.86,Pending
RET-13737,ORD-528358,Damaged in Transit,0.0,Rejected
RET-13738,ORD-528360,Damaged in Transit,0.0,Rejected
RET-13739,ORD-528361,Size Issue,131072.53,Approved
RET-13740,ORD-528370,Late Delivery,0.0,Rejected
RET-13741,ORD-528383,Damaged in Transit,55047.09,Approved
RET-13742,ORD-528384,Wrong Item,153993.95,Approved
RET-13743,ORD-528385,Defective Product,25035.45,Approved
RET-13744,ORD-528388,Customer Dissatisfaction,7285.5,Approved
RET-13745,ORD-528389,Defective Product,4086.2,Approved
RET-13746,ORD-528405,Customer Dissatisfaction,261755.96,Approved
RET-13747,ORD-528406,Wrong Item,51177.19,Approved
RET-13748,ORD-528417,Damaged in Transit,34723.75,Approved
RET-13749,ORD-528421,Late Delivery,9620.33,Approved
RET-13750,ORD-528441,Damaged in Transit,61419.57,Approved
RET-13751,ORD-528445,Customer Dissatisfaction,12582.54,Approved
RET-13752,ORD-528447,Customer Dissatisfaction,24608.21,Pending
RET-13753,ORD-528451,Wrong Item,2241.29,Approved
RET-13754,ORD-528452,Customer Dissatisfaction,2726.73,Approved
RET-13755,ORD-528452,Size Issue,3270.05,Approved
RET-13756,ORD-528456,Damaged in Transit,12983.93,Pending
RET-13757,ORD-528464,Size Issue,11811.6,Pending
RET-13758,ORD-528475,Late Delivery,5957.56,Approved
RET-13759,ORD-528478,Late Delivery,47241.07,Pending
RET-13760,ORD-528482,Late Delivery,16107.79,Approved
RET-13761,ORD-528490,Wrong Item,10170.09,Pending
RET-13762,ORD-528497,Size Issue,2240.87,Approved
RET-13763,ORD-528504,Late Delivery,0.0,Rejected
RET-13764,ORD-528506,Damaged in Transit,0.0,Rejected
RET-13765,ORD-528514,Defective Product,7561.15,Approved
RET-13766,ORD-528527,Defective Product,11528.11,Approved
RET-13767,ORD-528528,Size Issue,40003.56,Approved
RET-13768,ORD-528529,Customer Dissatisfaction,20364.52,Approved
RET-13769,ORD-528538,Size Issue,62159.26,Approved
RET-13770,ORD-528574,Customer Dissatisfaction,5722.88,Approved
RET-13771,ORD-528575,Defective Product,824.13,Pending
RET-13772,ORD-528583,Customer Dissatisfaction,783.63,Approved
RET-13773,ORD-528607,Damaged in Transit,39411.66,Approved
RET-13774,ORD-528610,Size Issue,3320.57,Approved
RET-13775,ORD-528616,Damaged in Transit,11916.29,Approved
RET-13776,ORD-528623,Customer Dissatisfaction,25665.85,Approved
RET-13777,ORD-528633,Customer Dissatisfaction,313994.44,Approved
RET-13778,ORD-528639,Customer Dissatisfaction,19077.2,Approved
RET-13779,ORD-528640,Customer Dissatisfaction,26549.65,Approved
RET-13780,ORD-528643,Size Issue,4575.79,Pending
RET-13781,ORD-528646,Late Delivery,9911.49,Pending
RET-13782,ORD-528652,Wrong Item,0.0,Rejected
RET-13783,ORD-528658,Customer Dissatisfaction,10851.51,Approved
RET-13784,ORD-528659,Defective Product,8966.42,Approved
RET-13785,ORD-528660,Customer Dissatisfaction,14184.79,Approved
RET-13786,ORD-528681,Late Delivery,9530.91,Approved
RET-13787,ORD-528685,Damaged in Transit,64973.13,Approved
RET-13788,ORD-528690,Wrong Item,3385.3,Pending
RET-13789,ORD-528716,Wrong Item,13456.5,Approved
RET-13790,ORD-528720,Size Issue,76788.43,Approved
RET-13791,ORD-528732,Customer Dissatisfaction,7762.96,Approved
RET-13792,ORD-528745,Late Delivery,10541.49,Approved
RET-13793,ORD-528746,Customer Dissatisfaction,23238.91,Pending
RET-13794,ORD-528757,Defective Product,0.0,Rejected
RET-13795,ORD-528759,Wrong Item,54533.99,Approved
RET-13796,ORD-528768,Wrong Item,155028.19,Approved
RET-13797,ORD-528770,Defective Product,4285.17,Approved
RET-13798,ORD-528779,Defective Product,13189.14,Approved
RET-13799,ORD-528782,Wrong Item,154231.62,Approved
RET-13800,ORD-528785,Wrong Item,37156.19,Approved
RET-13801,ORD-528795,Wrong Item,99049.74,Approved
RET-13802,ORD-528799,Size Issue,22235.99,Approved
RET-13803,ORD-528828,Size Issue,24645.2,Approved
RET-13804,ORD-528855,Customer Dissatisfaction,76866.29,Approved
RET-13805,ORD-528857,Wrong Item,24212.91,Approved
RET-13806,ORD-528858,Damaged in Transit,5331.35,Pending
RET-13807,ORD-528860,Customer Dissatisfaction,9909.23,Approved
RET-13808,ORD-528895,Customer Dissatisfaction,1638.97,Approved
RET-13809,ORD-528897,Defective Product,49034.56,Approved
RET-13810,ORD-528898,Late Delivery,735.14,Approved
RET-13811,ORD-528899,Customer Dissatisfaction,1107.12,Pending
RET-13812,ORD-528905,Customer Dissatisfaction,13281.23,Approved
RET-13813,ORD-528910,Defective Product,55865.17,Approved
RET-13814,ORD-528920,Size Issue,59220.66,Approved
RET-13815,ORD-528922,Wrong Item,557.96,Approved
RET-13816,ORD-528937,Late Delivery,9230.44,Approved
RET-13817,ORD-528945,Damaged in Transit,4131.89,Approved
RET-13818,ORD-528947,Size Issue,1531.56,Approved
RET-13819,ORD-528949,Late Delivery,2798.38,Approved
RET-13820,ORD-528952,Wrong Item,37233.47,Approved
RET-13821,ORD-528958,Size Issue,2757.88,Approved
RET-13822,ORD-528965,Customer Dissatisfaction,125448.28,Approved
RET-13823,ORD-528966,Late Delivery,62069.18,Approved
RET-13824,ORD-528975,Wrong Item,72213.47,Approved
RET-13825,ORD-528978,Damaged in Transit,5968.03,Approved
RET-13826,ORD-528982,Late Delivery,0.0,Rejected
RET-13827,ORD-528984,Late Delivery,3825.46,Pending
RET-13828,ORD-529004,Customer Dissatisfaction,0.0,Rejected
RET-13829,ORD-529005,Size Issue,0.0,Rejected
RET-13830,ORD-529018,Size Issue,0.0,Rejected
RET-13831,ORD-529038,Damaged in Transit,12324.39,Pending
RET-13832,ORD-529039,,29289.73,Approved
RET-13833,ORD-529049,Customer Dissatisfaction,95973.94,Approved
RET-13834,ORD-529058,Wrong Item,0.0,Rejected
RET-13835,ORD-529070,Defective Product,39125.64,Approved
RET-13836,ORD-529076,Size Issue,0.0,Rejected
RET-13837,ORD-529081,Defective Product,0.0,Rejected
RET-13838,ORD-529089,Late Delivery,2468.45,Approved
RET-13839,ORD-529110,Size Issue,55810.48,Approved
RET-13840,ORD-529111,Wrong Item,2577.15,Pending
RET-13841,ORD-529113,Wrong Item,1305.61,Approved
RET-13842,ORD-529114,Size Issue,61346.89,Pending
RET-13843,ORD-529116,Customer Dissatisfaction,63858.56,Approved
RET-13844,ORD-529121,Size Issue,15558.68,Approved
RET-13845,ORD-529155,Size Issue,2756.78,Approved
RET-13846,ORD-529158,Size Issue,2923.51,Approved
RET-13847,ORD-529159,Defective Product,30602.65,Approved
RET-13848,ORD-529163,Customer Dissatisfaction,2005.2,Pending
RET-13849,ORD-529164,Customer Dissatisfaction,5037.2,Approved
RET-13850,ORD-529174,Late Delivery,17939.27,Approved
RET-13851,ORD-529184,Size Issue,2780.39,Pending
RET-13852,ORD-529186,Wrong Item,9061.27,Pending
RET-13853,ORD-529188,Damaged in Transit,3300.96,Approved
RET-13854,ORD-529191,Late Delivery,13671.14,Approved
RET-13855,ORD-529196,Size Issue,4035.93,Approved
RET-13856,ORD-529198,Wrong Item,1897.59,Approved
RET-13857,ORD-529199,Defective Product,47022.9,Approved
RET-13858,ORD-529214,Damaged in Transit,142387.55,Approved
RET-13859,ORD-529222,Wrong Item,137142.42,Approved
RET-13860,ORD-529225,Damaged in Transit,25170.24,Approved
RET-13861,ORD-529232,Wrong Item,112964.08,Approved
RET-13862,ORD-529243,Damaged in Transit,169781.48,Approved
RET-13863,ORD-529253,Customer Dissatisfaction,5415.92,Approved
RET-13864,ORD-529253,Size Issue,3129.28,Pending
RET-13865,ORD-529257,Late Delivery,0.0,Rejected
RET-13866,ORD-529274,Damaged in Transit,11724.47,Approved
RET-13867,ORD-529278,Customer Dissatisfaction,11289.16,Approved
RET-13868,ORD-529279,Defective Product,86284.81,Approved
RET-13869,ORD-529282,Late Delivery,95270.12,Approved
RET-13870,ORD-529301,Late Delivery,67264.34,Approved
RET-13871,ORD-529310,Customer Dissatisfaction,1226.71,Pending
RET-13872,ORD-529316,Late Delivery,220.17,Approved
RET-13873,ORD-529337,Defective Product,0.0,Rejected
RET-13874,ORD-529346,Wrong Item,0.0,Rejected
RET-13875,ORD-529363,Late Delivery,0.0,Rejected
RET-13876,ORD-529368,Defective Product,12097.32,Approved
RET-13877,ORD-529372,Size Issue,103883.52,Approved
RET-13878,ORD-529383,Defective Product,45676.28,Approved
RET-13879,ORD-529386,Customer Dissatisfaction,41512.46,Approved
RET-13880,ORD-529393,Size Issue,0.0,Rejected
RET-13881,ORD-529402,Late Delivery,9609.12,Approved
RET-13882,ORD-529404,Late Delivery,38108.01,Pending
RET-13883,ORD-529407,Damaged in Transit,1733.39,Pending
RET-13884,ORD-529409,Defective Product,5204.94,Approved
RET-13885,ORD-529425,Damaged in Transit,12343.9,Approved
RET-13886,ORD-529463,Wrong Item,173131.83,Approved
RET-13887,ORD-529476,Wrong Item,21008.51,Approved
RET-13888,ORD-529478,Late Delivery,3166.66,Pending
RET-13889,ORD-529482,Wrong Item,292.18,Pending
RET-13890,ORD-529486,Customer Dissatisfaction,3073.29,Approved
RET-13891,ORD-529490,Size Issue,4832.71,Approved
RET-13892,ORD-529497,Wrong Item,7698.12,Approved
RET-13893,ORD-529502,Wrong Item,0.0,Rejected
RET-13894,ORD-529515,Customer Dissatisfaction,105300.19,Approved
RET-13895,ORD-529535,Late Delivery,64615.11,Approved
RET-13896,ORD-529545,Wrong Item,178013.65,Approved
RET-13897,ORD-529550,Size Issue,19480.69,Pending
RET-13898,ORD-529558,Defective Product,20246.2,Approved
RET-13899,ORD-529561,Wrong Item,22910.77,Pending
RET-13900,ORD-529562,Damaged in Transit,0.0,Rejected
RET-13901,ORD-529566,Late Delivery,278971.35,Approved
RET-13902,ORD-529569,Damaged in Transit,2210.36,Approved
RET-13903,ORD-529574,Customer Dissatisfaction,60485.51,Approved
RET-13904,ORD-529579,Size Issue,24188.27,Approved
RET-13905,ORD-529584,Defective Product,1082.23,Approved
RET-13906,ORD-529587,Damaged in Transit,17728.18,Approved
RET-13907,ORD-529594,Damaged in Transit,7459.61,Approved
RET-13908,ORD-529620,Customer Dissatisfaction,14368.68,Pending
RET-13909,ORD-529621,Customer Dissatisfaction,23994.75,Approved
RET-13910,ORD-529628,Size Issue,33282.47,Approved
RET-13911,ORD-529638,Customer Dissatisfaction,222673.34,Approved
RET-13912,ORD-529657,Damaged in Transit,7532.26,Approved
RET-13913,ORD-529657,Wrong Item,4902.12,Pending
RET-13914,ORD-529659,Damaged in Transit,6333.07,Approved
RET-13915,ORD-529662,Size Issue,154.58,Pending
RET-13916,ORD-529667,Size Issue,0.0,Rejected
RET-13917,ORD-529669,Damaged in Transit,119240.42,Approved
RET-13918,ORD-529673,Defective Product,0.0,Rejected
RET-13919,ORD-529683,Wrong Item,128128.06,Approved
RET-13920,ORD-529687,Damaged in Transit,292806.56,Approved
RET-13921,ORD-529693,Defective Product,2979.12,Approved
RET-13922,ORD-529695,Damaged in Transit,0.0,Rejected
RET-13923,ORD-529711,Customer Dissatisfaction,16381.39,Approved
RET-13924,ORD-529725,Damaged in Transit,12316.9,Approved
RET-13925,ORD-529736,Wrong Item,4366.58,Approved
RET-13926,ORD-529736,Wrong Item,4553.41,Approved
RET-13927,ORD-529742,Size Issue,177875.11,Approved
RET-13928,ORD-529746,Size Issue,156353.7,Approved
RET-13929,ORD-529757,Customer Dissatisfaction,125237.68,Approved
RET-13930,ORD-529764,Defective Product,242523.35,Approved
RET-13931,ORD-529765,Customer Dissatisfaction,68105.21,Approved
RET-13932,ORD-529769,Defective Product,7753.01,Approved
RET-13933,ORD-529774,Size Issue,7363.91,Approved
RET-13934,ORD-529777,Late Delivery,633.55,Approved
RET-13935,ORD-529779,Damaged in Transit,188143.44,Approved
RET-13936,ORD-529788,Damaged in Transit,4182.2,Approved
RET-13937,ORD-529804,Late Delivery,4682.65,Pending
RET-13938,ORD-529807,Wrong Item,2911.17,Approved
RET-13939,ORD-529817,Wrong Item,18035.26,Approved
RET-13940,ORD-529828,Damaged in Transit,710.69,Approved
RET-13941,ORD-529839,Defective Product,44330.18,Approved
RET-13942,ORD-529846,Damaged in Transit,0.0,Rejected
RET-13943,ORD-529847,Size Issue,8938.85,Approved
RET-13944,ORD-529878,Customer Dissatisfaction,37617.75,Pending
RET-13945,ORD-529885,Defective Product,1807.92,Approved
RET-13946,ORD-529897,Customer Dissatisfaction,10886.76,Approved
RET-13947,ORD-529917,Late Delivery,7791.1,Approved
RET-13948,ORD-529918,Late Delivery,14630.84,Approved
RET-13949,ORD-529923,Customer Dissatisfaction,2798.05,Pending
RET-13950,ORD-529935,Wrong Item,54818.21,Approved
RET-13951,ORD-529939,Defective Product,271591.63,Approved
RET-13952,ORD-529967,Customer Dissatisfaction,0.0,Rejected
RET-13953,ORD-529971,Size Issue,13603.44,Approved
RET-13954,ORD-529975,Customer Dissatisfaction,7693.07,Pending
RET-13955,ORD-529983,Defective Product,46621.25,Approved
RET-13956,ORD-529996,Size Issue,0.0,Rejected
RET-13957,ORD-530004,Damaged in Transit,0.0,Rejected
RET-13958,ORD-530011,Defective Product,0.0,Rejected
RET-13959,ORD-530012,Wrong Item,1288.65,Approved
RET-13960,ORD-530014,Damaged in Transit,2529.59,Approved
RET-13961,ORD-530046,Late Delivery,50092.09,Approved
RET-13962,ORD-530054,Wrong Item,36167.21,Approved
RET-13963,ORD-530061,Defective Product,31358.66,Approved
RET-13964,ORD-530080,Wrong Item,0.0,Rejected
RET-13965,ORD-530101,Late Delivery,11576.74,Approved
RET-13966,ORD-530110,Size Issue,0.0,Rejected
RET-13967,ORD-530113,Late Delivery,52603.3,Approved
RET-13968,ORD-530121,Defective Product,63157.64,Approved
RET-13969,ORD-530125,Damaged in Transit,158189.65,Approved
RET-13970,ORD-530133,Late Delivery,5494.06,Approved
RET-13971,ORD-530149,Size Issue,48147.06,Approved
RET-13972,ORD-530156,Late Delivery,102672.81,Approved
RET-13973,ORD-530158,Wrong Item,4294.1,Pending
RET-13974,ORD-530169,Damaged in Transit,104568.18,Approved
RET-13975,ORD-530175,Defective Product,67340.88,Pending
RET-13976,ORD-530182,Wrong Item,23608.9,Approved
RET-13977,ORD-530183,Damaged in Transit,2921.95,Approved
RET-13978,ORD-530195,Size Issue,8006.62,Approved
RET-13979,ORD-530198,Late Delivery,2211.0,Approved
RET-13980,ORD-530200,Damaged in Transit,4825.41,Approved
RET-13981,ORD-530206,Late Delivery,0.0,Rejected
RET-13982,ORD-530214,Size Issue,10909.64,Approved
RET-13983,ORD-530219,Size Issue,2743.48,Pending
RET-13984,ORD-530238,Damaged in Transit,84952.29,Approved
RET-13985,ORD-530249,Size Issue,1547.26,Approved
RET-13986,ORD-530251,Damaged in Transit,3194.11,Approved
RET-13987,ORD-530252,Size Issue,109404.41,Pending
RET-13988,ORD-530264,Size Issue,24783.22,Approved
RET-13989,ORD-530280,Late Delivery,60878.11,Approved
RET-13990,ORD-530287,Damaged in Transit,0.0,Rejected
RET-13991,ORD-530289,Wrong Item,1977.58,Approved
RET-13992,ORD-530290,Wrong Item,742.91,Pending
RET-13993,ORD-530305,Customer Dissatisfaction,3166.72,Approved
RET-13994,ORD-530314,Customer Dissatisfaction,0.0,Rejected
RET-13995,ORD-530328,Wrong Item,27429.68,Pending
RET-13996,ORD-530338,Size Issue,34060.3,Approved
RET-13997,ORD-530353,Size Issue,2363.68,Approved
RET-13998,ORD-530364,Late Delivery,19731.52,Approved
RET-13999,ORD-530366,Wrong Item,79386.5,Approved
RET-14000,ORD-530372,Damaged in Transit,83046.79,Approved
RET-14001,ORD-530378,Customer Dissatisfaction,50520.73,Approved
RET-14002,ORD-530379,Damaged in Transit,3196.42,Approved
RET-14003,ORD-530382,Late Delivery,8127.85,Pending
RET-14004,ORD-530388,Size Issue,11850.55,Approved
RET-14005,ORD-530401,Defective Product,108317.06,Approved
RET-14006,ORD-530408,Defective Product,1051.42,Pending
RET-14007,ORD-530413,Customer Dissatisfaction,6304.16,Approved
RET-14008,ORD-530426,Size Issue,12397.5,Approved
RET-14009,ORD-530428,Defective Product,108722.29,Approved
RET-14010,ORD-530450,Late Delivery,102479.73,Approved
RET-14011,ORD-530454,Customer Dissatisfaction,16858.41,Approved
RET-14012,ORD-530463,Wrong Item,28228.98,Approved
RET-14013,ORD-530464,Damaged in Transit,26621.3,Pending
RET-14014,ORD-530475,Damaged in Transit,81575.83,Approved
RET-14015,ORD-530491,Damaged in Transit,6954.16,Approved
RET-14016,ORD-530502,Defective Product,23186.65,Approved
RET-14017,ORD-530503,Customer Dissatisfaction,29105.62,Approved
RET-14018,ORD-530507,Damaged in Transit,9747.14,Pending
RET-14019,ORD-530512,Size Issue,878.81,Approved
RET-14020,ORD-530514,Size Issue,14495.49,Approved
RET-14021,ORD-530525,Size Issue,14346.39,Approved
RET-14022,ORD-530547,Late Delivery,4847.7,Approved
RET-14023,ORD-530553,Wrong Item,36254.06,Approved
RET-14024,ORD-530559,Defective Product,28764.44,Approved
RET-14025,ORD-530567,Damaged in Transit,99813.38,Approved
RET-14026,ORD-530575,Wrong Item,20199.23,Approved
RET-14027,ORD-530576,Damaged in Transit,25037.69,Approved
RET-14028,ORD-530581,Size Issue,14567.16,Pending
RET-14029,ORD-530590,Damaged in Transit,0.0,Rejected
RET-14030,ORD-530601,Defective Product,78705.71,Approved
RET-14031,ORD-530606,Size Issue,5866.22,Pending
RET-14032,ORD-530607,Damaged in Transit,12524.91,Approved
RET-14033,ORD-530615,Late Delivery,1939.94,Approved
RET-14034,ORD-530625,Late Delivery,11432.18,Pending
RET-14035,ORD-530636,Wrong Item,26486.41,Approved
RET-14036,ORD-530669,Defective Product,286159.33,Approved
RET-14037,ORD-530671,Damaged in Transit,541.11,Pending
RET-14038,ORD-530681,Defective Product,29970.87,Approved
RET-14039,ORD-530710,Late Delivery,33015.39,Approved
RET-14040,ORD-530717,Wrong Item,199357.71,Approved
RET-14041,ORD-530719,Size Issue,0.0,Rejected
RET-14042,ORD-530724,Defective Product,2905.83,Pending
RET-14043,ORD-530731,Late Delivery,0.0,Rejected
RET-14044,ORD-530733,Wrong Item,2522.68,Pending
RET-14045,ORD-530736,Late Delivery,0.0,Rejected
RET-14046,ORD-530757,Wrong Item,23416.47,Pending
RET-14047,ORD-530758,Wrong Item,28897.29,Approved
RET-14048,ORD-530765,Wrong Item,9042.78,Pending
RET-14049,ORD-530776,Damaged in Transit,13067.09,Approved
RET-14050,ORD-530789,Size Issue,17719.27,Approved
RET-14051,ORD-530790,Customer Dissatisfaction,0.0,Rejected
RET-14052,ORD-530808,Customer Dissatisfaction,88798.24,Pending
RET-14053,ORD-530815,Size Issue,8464.14,Approved
RET-14054,ORD-530821,Defective Product,38402.36,Approved
RET-14055,ORD-530831,Wrong Item,194176.34,Approved
RET-14056,ORD-530833,Late Delivery,0.0,Rejected
RET-14057,ORD-530836,Size Issue,115146.4,Approved
RET-14058,ORD-530859,Size Issue,62580.6,Pending
RET-14059,ORD-530866,Damaged in Transit,3428.85,Approved
RET-14060,ORD-530869,Size Issue,22057.99,Approved
RET-14061,ORD-530874,Damaged in Transit,21609.25,Approved
RET-14062,ORD-530881,Defective Product,112950.16,Approved
RET-14063,ORD-530892,Defective Product,175411.13,Approved
RET-14064,ORD-530899,Size Issue,44153.09,Pending
RET-14065,ORD-530917,Defective Product,0.0,Rejected
RET-14066,ORD-530939,,4417.05,Approved
RET-14067,ORD-530941,Wrong Item,15045.78,Pending
RET-14068,ORD-530942,Size Issue,99211.52,Approved
RET-14069,ORD-530943,Damaged in Transit,24686.39,Pending
RET-14070,ORD-530955,Damaged in Transit,95179.24,Pending
RET-14071,ORD-530976,Defective Product,1742.77,Approved
RET-14072,ORD-530983,Customer Dissatisfaction,447.33,Pending
RET-14073,ORD-530994,Damaged in Transit,0.0,Rejected
RET-14074,ORD-531006,Defective Product,0.0,Rejected
RET-14075,ORD-531007,Size Issue,26291.84,Approved
RET-14076,ORD-531014,Late Delivery,13779.48,Approved
RET-14077,ORD-531021,Wrong Item,182979.77,Approved
RET-14078,ORD-531030,Customer Dissatisfaction,53872.31,Approved
RET-14079,ORD-531031,Wrong Item,20681.13,Approved
RET-14080,ORD-531053,Late Delivery,1297.98,Approved
RET-14081,ORD-531059,Late Delivery,14595.41,Approved
RET-14082,ORD-531060,Defective Product,410387.98,Approved
RET-14083,ORD-531067,Wrong Item,17081.94,Pending
RET-14084,ORD-531068,Defective Product,205004.38,Approved
RET-14085,ORD-531074,Customer Dissatisfaction,13647.27,Approved
RET-14086,ORD-531076,Damaged in Transit,0.0,Rejected
RET-14087,ORD-531092,Damaged in Transit,141845.31,Approved
RET-14088,ORD-531106,Customer Dissatisfaction,45576.9,Approved
RET-14089,ORD-531109,Customer Dissatisfaction,16421.87,Approved
RET-14090,ORD-531129,Defective Product,0.0,Rejected
RET-14091,ORD-531142,Size Issue,995.55,Approved
RET-14092,ORD-531149,Size Issue,18239.52,Pending
RET-14093,ORD-531156,Damaged in Transit,14137.74,Approved
RET-14094,ORD-531163,Defective Product,13365.67,Pending
RET-14095,ORD-531169,Customer Dissatisfaction,0.0,Rejected
RET-14096,ORD-531171,Customer Dissatisfaction,56203.43,Approved
RET-14097,ORD-531193,Defective Product,14358.27,Pending
RET-14098,ORD-531198,Defective Product,6175.4,Approved
RET-14099,ORD-531218,Size Issue,0.0,Rejected
RET-14100,ORD-531226,Size Issue,68314.06,Approved
RET-14101,ORD-531227,Wrong Item,0.0,Rejected
RET-14102,ORD-531243,Defective Product,5642.2,Approved
RET-14103,ORD-531246,Customer Dissatisfaction,35155.33,Approved
RET-14104,ORD-531254,Size Issue,662.84,Approved
RET-14105,ORD-531267,Defective Product,0.0,Rejected
RET-14106,ORD-531267,Late Delivery,4253.87,Approved
RET-14107,ORD-531278,Damaged in Transit,40328.47,Approved
RET-14108,ORD-531286,Late Delivery,66651.02,Approved
RET-14109,ORD-531289,Size Issue,6144.87,Approved
RET-14110,ORD-531296,Customer Dissatisfaction,13099.95,Approved
RET-14111,ORD-531297,Defective Product,3744.1,Approved
RET-14112,ORD-531304,,33773.99,Approved
RET-14113,ORD-531320,Late Delivery,0.0,Rejected
RET-14114,ORD-531321,Late Delivery,3868.03,Approved
RET-14115,ORD-531322,Late Delivery,9468.73,Pending
RET-14116,ORD-531327,Customer Dissatisfaction,16525.51,Approved
RET-14117,ORD-531331,Damaged in Transit,15482.62,Approved
RET-14118,ORD-531335,Customer Dissatisfaction,294100.77,Approved
RET-14119,ORD-531344,Damaged in Transit,1588.69,Approved
RET-14120,ORD-531357,Late Delivery,2253.84,Approved
RET-14121,ORD-531369,Customer Dissatisfaction,0.0,Rejected
RET-14122,ORD-531370,Damaged in Transit,65116.15,Approved
RET-14123,ORD-531376,Wrong Item,280381.54,Approved
RET-14124,ORD-531396,Damaged in Transit,19281.4,Approved
RET-14125,ORD-531410,Customer Dissatisfaction,0.0,Rejected
RET-14126,ORD-531414,Customer Dissatisfaction,27610.45,Approved
RET-14127,ORD-531418,Defective Product,0.0,Rejected
RET-14128,ORD-531435,Late Delivery,81376.05,Approved
RET-14129,ORD-531471,Damaged in Transit,13581.94,Approved
RET-14130,ORD-531491,Customer Dissatisfaction,16853.71,Approved
RET-14131,ORD-531506,Defective Product,1979.6,Approved
RET-14132,ORD-531522,Customer Dissatisfaction,88356.88,Approved
RET-14133,ORD-531525,Defective Product,11868.59,Approved
RET-14134,ORD-531549,Defective Product,1919.45,Approved
RET-14135,ORD-531552,Customer Dissatisfaction,2157.29,Approved
RET-14136,ORD-531553,Wrong Item,143962.83,Approved
RET-14137,ORD-531565,Wrong Item,19790.18,Approved
RET-14138,ORD-531568,Defective Product,0.0,Rejected
RET-14139,ORD-531586,Customer Dissatisfaction,9332.1,Approved
RET-14140,ORD-531606,Size Issue,193735.07,Approved
RET-14141,ORD-531612,Size Issue,20757.34,Approved
RET-14142,ORD-531633,Size Issue,530611.46,Approved
RET-14143,ORD-531634,Defective Product,323155.58,Approved
RET-14144,ORD-531639,Damaged in Transit,793.51,Approved
RET-14145,ORD-531644,Late Delivery,17296.23,Pending
RET-14146,ORD-531645,Defective Product,0.0,Rejected
RET-14147,ORD-531647,Wrong Item,5521.73,Approved
RET-14148,ORD-531670,Damaged in Transit,428.78,Pending
RET-14149,ORD-531673,Size Issue,687.27,Approved
RET-14150,ORD-531674,Size Issue,20479.35,Pending
RET-14151,ORD-531679,Defective Product,482.27,Approved
RET-14152,ORD-531707,Wrong Item,16181.91,Approved
RET-14153,ORD-531716,Size Issue,825.34,Approved
RET-14154,ORD-531718,Damaged in Transit,6275.87,Approved
RET-14155,ORD-531721,Defective Product,7260.92,Approved
RET-14156,ORD-531737,Customer Dissatisfaction,2474.11,Approved
RET-14157,ORD-531754,Wrong Item,16337.19,Approved
RET-14158,ORD-531771,Damaged in Transit,0.0,Rejected
RET-14159,ORD-531772,Defective Product,5087.66,Pending
RET-14160,ORD-531781,Damaged in Transit,25830.96,Pending
RET-14161,ORD-531784,Customer Dissatisfaction,40307.16,Approved
RET-14162,ORD-531789,Customer Dissatisfaction,64885.99,Approved
RET-14163,ORD-531790,Damaged in Transit,14780.78,Approved
RET-14164,ORD-531801,Wrong Item,18799.43,Approved
RET-14165,ORD-531804,Damaged in Transit,23849.72,Approved
RET-14166,ORD-531805,Damaged in Transit,17056.3,Approved
RET-14167,ORD-531815,Wrong Item,0.0,Rejected
RET-14168,ORD-531817,Damaged in Transit,22324.17,Approved
RET-14169,ORD-531818,Customer Dissatisfaction,2344.94,Approved
RET-14170,ORD-531826,Wrong Item,11321.47,Pending
RET-14171,ORD-531843,Customer Dissatisfaction,74318.54,Approved
RET-14172,ORD-531856,Size Issue,2147.69,Approved
RET-14173,ORD-531871,Defective Product,6701.81,Approved
RET-14174,ORD-531874,Damaged in Transit,122324.0,Approved
RET-14175,ORD-531885,Defective Product,12232.64,Approved
RET-14176,ORD-531895,Damaged in Transit,93683.02,Approved
RET-14177,ORD-531896,Late Delivery,21114.85,Approved
RET-14178,ORD-531904,Customer Dissatisfaction,6565.27,Approved
RET-14179,ORD-531922,Wrong Item,0.0,Rejected
RET-14180,ORD-531939,Late Delivery,0.0,Rejected
RET-14181,ORD-531950,Late Delivery,10638.39,Approved
RET-14182,ORD-531955,Defective Product,1173.56,Pending
RET-14183,ORD-531956,Size Issue,373.74,Approved
RET-14184,ORD-531960,Defective Product,1858.77,Approved
RET-14185,ORD-531961,Customer Dissatisfaction,52760.34,Approved
RET-14186,ORD-531962,Defective Product,21145.84,Approved
RET-14187,ORD-531969,Wrong Item,8127.94,Approved
RET-14188,ORD-531974,Customer Dissatisfaction,36963.84,Pending
RET-14189,ORD-531991,Wrong Item,87018.23,Approved
RET-14190,ORD-532003,Damaged in Transit,5669.71,Approved
RET-14191,ORD-532032,Damaged in Transit,2348.14,Approved
RET-14192,ORD-532041,Customer Dissatisfaction,59491.95,Approved
RET-14193,ORD-532043,Wrong Item,16387.13,Approved
RET-14194,ORD-532047,Damaged in Transit,1257.7,Pending
RET-14195,ORD-532049,Size Issue,26077.0,Approved
RET-14196,ORD-532052,Wrong Item,4324.91,Pending
RET-14197,ORD-532060,Late Delivery,17486.89,Approved
RET-14198,ORD-532066,Wrong Item,17713.97,Approved
RET-14199,ORD-532087,Size Issue,0.0,Rejected
RET-14200,ORD-532096,Late Delivery,5669.99,Approved
RET-14201,ORD-532103,Customer Dissatisfaction,4025.54,Pending
RET-14202,ORD-532105,Size Issue,193254.87,Approved
RET-14203,ORD-532106,Defective Product,1180.97,Pending
RET-14204,ORD-532108,Wrong Item,202581.34,Approved
RET-14205,ORD-532110,Size Issue,971.47,Approved
RET-14206,ORD-532120,Wrong Item,7223.16,Pending
RET-14207,ORD-532135,Damaged in Transit,3960.2,Pending
RET-14208,ORD-532139,Late Delivery,232068.92,Approved
RET-14209,ORD-532149,Size Issue,5748.89,Approved
RET-14210,ORD-532155,Defective Product,132116.71,Approved
RET-14211,ORD-532165,Wrong Item,13615.2,Approved
RET-14212,ORD-532167,Wrong Item,90125.03,Approved
RET-14213,ORD-532172,Late Delivery,5983.95,Approved
RET-14214,ORD-532173,Late Delivery,9842.96,Approved
RET-14215,ORD-532175,Wrong Item,0.0,Rejected
RET-14216,ORD-532185,Size Issue,29943.74,Pending
RET-14217,ORD-532193,Wrong Item,44846.52,Pending
RET-14218,ORD-532194,Defective Product,9121.8,Approved
RET-14219,ORD-532197,Late Delivery,0.0,Rejected
RET-14220,ORD-532205,Wrong Item,15817.85,Approved
RET-14221,ORD-532218,Damaged in Transit,14518.84,Approved
RET-14222,ORD-532221,Late Delivery,4008.88,Approved
RET-14223,ORD-532226,Late Delivery,7080.68,Approved
RET-14224,ORD-532263,Customer Dissatisfaction,158413.35,Approved
RET-14225,ORD-532274,Late Delivery,522.95,Approved
RET-14226,ORD-532276,Late Delivery,0.0,Rejected
RET-14227,ORD-532277,Damaged in Transit,2600.56,Approved
RET-14228,ORD-532280,Wrong Item,32314.87,Approved
RET-14229,ORD-532293,Damaged in Transit,8962.42,Approved
RET-14230,ORD-532294,,17793.0,Approved
RET-14231,ORD-532298,Wrong Item,6240.34,Approved
RET-14232,ORD-532311,Defective Product,11305.08,Approved
RET-14233,ORD-532314,Size Issue,0.0,Rejected
RET-14234,ORD-532326,Defective Product,20939.38,Approved
RET-14235,ORD-532327,Damaged in Transit,0.0,Rejected
RET-14236,ORD-532338,Customer Dissatisfaction,2959.99,Approved
RET-14237,ORD-532344,Late Delivery,5281.73,Approved
RET-14238,ORD-532346,Damaged in Transit,5560.23,Approved
RET-14239,ORD-532355,Defective Product,170616.44,Approved
RET-14240,ORD-532384,Damaged in Transit,2601.75,Pending
RET-14241,ORD-532387,Size Issue,50945.86,Approved
RET-14242,ORD-532392,Size Issue,0.0,Rejected
RET-14243,ORD-532403,Defective Product,2901.05,Approved
RET-14244,ORD-532404,Customer Dissatisfaction,66176.4,Approved
RET-14245,ORD-532418,Damaged in Transit,7937.74,Pending
RET-14246,ORD-532419,Defective Product,50672.87,Approved
RET-14247,ORD-532439,Damaged in Transit,7294.93,Approved
RET-14248,ORD-532444,Late Delivery,9049.66,Approved
RET-14249,ORD-532447,Defective Product,30778.35,Approved
RET-14250,ORD-532450,Late Delivery,12152.71,Approved
RET-14251,ORD-532451,Damaged in Transit,2109.02,Approved
RET-14252,ORD-532452,Customer Dissatisfaction,9019.91,Approved
RET-14253,ORD-532457,Defective Product,607.66,Approved
RET-14254,ORD-532460,Size Issue,8196.7,Approved
RET-14255,ORD-532484,Customer Dissatisfaction,9735.33,Pending
RET-14256,ORD-532489,Late Delivery,10968.04,Approved
RET-14257,ORD-532491,Customer Dissatisfaction,3309.12,Approved
RET-14258,ORD-532507,Damaged in Transit,43296.24,Approved
RET-14259,ORD-532510,Size Issue,1650.58,Approved
RET-14260,ORD-532520,Late Delivery,1832.88,Pending
RET-14261,ORD-532521,Customer Dissatisfaction,21060.23,Approved
RET-14262,ORD-532529,Defective Product,38295.51,Approved
RET-14263,ORD-532551,Size Issue,0.0,Rejected
RET-14264,ORD-532552,Defective Product,0.0,Rejected
RET-14265,ORD-532570,Customer Dissatisfaction,18292.72,Pending
RET-14266,ORD-532592,Size Issue,2957.05,Pending
RET-14267,ORD-532597,Damaged in Transit,81549.28,Approved
RET-14268,ORD-532599,Defective Product,96344.94,Approved
RET-14269,ORD-532614,Customer Dissatisfaction,934.88,Pending
RET-14270,ORD-532617,Damaged in Transit,6612.27,Approved
RET-14271,ORD-532619,Late Delivery,56346.67,Approved
RET-14272,ORD-532638,Customer Dissatisfaction,17908.37,Approved
RET-14273,ORD-532648,Wrong Item,5341.27,Approved
RET-14274,ORD-532649,Wrong Item,3864.36,Approved
RET-14275,ORD-532657,Defective Product,44886.79,Approved
RET-14276,ORD-532660,Damaged in Transit,7192.08,Approved
RET-14277,ORD-532664,Late Delivery,61436.41,Approved
RET-14278,ORD-532665,Size Issue,78587.44,Approved
RET-14279,ORD-532666,Late Delivery,1129.67,Pending
RET-14280,ORD-532680,Defective Product,159193.1,Approved
RET-14281,ORD-532682,Size Issue,11514.68,Approved
RET-14282,ORD-532687,Wrong Item,9445.18,Approved
RET-14283,ORD-532695,Size Issue,0.0,Rejected
RET-14284,ORD-532698,Damaged in Transit,298.6,Approved
RET-14285,ORD-532707,Customer Dissatisfaction,0.0,Rejected
RET-14286,ORD-532713,Defective Product,0.0,Rejected
RET-14287,ORD-532743,Defective Product,541.49,Approved
RET-14288,ORD-532759,Wrong Item,136642.23,Approved
RET-14289,ORD-532777,Late Delivery,131683.2,Approved
RET-14290,ORD-532779,Customer Dissatisfaction,41117.75,Approved
RET-14291,ORD-532787,Defective Product,28216.72,Approved
RET-14292,ORD-532793,Customer Dissatisfaction,0.0,Rejected
RET-14293,ORD-532815,Wrong Item,3348.53,Approved
RET-14294,ORD-532820,Wrong Item,2707.44,Pending
RET-14295,ORD-532821,Late Delivery,15212.47,Approved
RET-14296,ORD-532824,Customer Dissatisfaction,104712.07,Approved
RET-14297,ORD-532829,Customer Dissatisfaction,207513.38,Approved
RET-14298,ORD-532833,Defective Product,18416.51,Approved
RET-14299,ORD-532838,Customer Dissatisfaction,0.0,Rejected
RET-14300,ORD-532839,Defective Product,17127.21,Approved
RET-14301,ORD-532841,Wrong Item,5141.88,Approved
RET-14302,ORD-532848,Late Delivery,32584.48,Approved
RET-14303,ORD-532853,Size Issue,12217.28,Approved
RET-14304,ORD-532862,Damaged in Transit,0.0,Rejected
RET-14305,ORD-532863,Late Delivery,0.0,Rejected
RET-14306,ORD-532879,Defective Product,10856.82,Approved
RET-14307,ORD-532895,Customer Dissatisfaction,1323.94,Approved
RET-14308,ORD-532896,Customer Dissatisfaction,2288.8,Pending
RET-14309,ORD-532900,Damaged in Transit,3691.18,Approved
RET-14310,ORD-532903,Size Issue,27318.32,Approved
RET-14311,ORD-532904,Size Issue,3415.23,Pending
RET-14312,ORD-532908,Defective Product,0.0,Rejected
RET-14313,ORD-532909,Late Delivery,16122.33,Pending
RET-14314,ORD-532918,Defective Product,1373.91,Pending
RET-14315,ORD-532924,Damaged in Transit,9092.29,Pending
RET-14316,ORD-532954,Size Issue,151457.99,Approved
RET-14317,ORD-532961,Damaged in Transit,19751.19,Approved
RET-14318,ORD-532968,Defective Product,12192.6,Approved
RET-14319,ORD-532970,Size Issue,93900.53,Approved
RET-14320,ORD-532971,Wrong Item,4053.21,Approved
RET-14321,ORD-532977,Late Delivery,6154.86,Pending
RET-14322,ORD-532979,Customer Dissatisfaction,24963.5,Approved
RET-14323,ORD-532984,Damaged in Transit,6662.81,Approved
RET-14324,ORD-532990,Size Issue,166116.51,Approved
RET-14325,ORD-533002,Wrong Item,13101.53,Approved
RET-14326,ORD-533003,Damaged in Transit,16860.33,Pending
RET-14327,ORD-533010,Wrong Item,5828.97,Approved
RET-14328,ORD-533014,Wrong Item,143546.66,Approved
RET-14329,ORD-533017,Damaged in Transit,14588.05,Approved
RET-14330,ORD-533017,Customer Dissatisfaction,12222.08,Pending
RET-14331,ORD-533027,Damaged in Transit,8320.54,Approved
RET-14332,ORD-533029,Customer Dissatisfaction,19807.9,Approved
RET-14333,ORD-533030,Customer Dissatisfaction,10932.04,Approved
RET-14334,ORD-533033,Wrong Item,8380.8,Approved
RET-14335,ORD-533043,Wrong Item,56475.9,Approved
RET-14336,ORD-533069,Late Delivery,7910.67,Approved
RET-14337,ORD-533076,Size Issue,6698.17,Approved
RET-14338,ORD-533078,Defective Product,16402.41,Pending
RET-14339,ORD-533084,Wrong Item,84242.53,Approved
RET-14340,ORD-533085,Size Issue,4749.6,Approved
RET-14341,ORD-533089,Customer Dissatisfaction,7522.15,Approved
RET-14342,ORD-533105,Customer Dissatisfaction,23530.93,Pending
RET-14343,ORD-533119,Damaged in Transit,6940.7,Approved
RET-14344,ORD-533124,Customer Dissatisfaction,9636.94,Pending
RET-14345,ORD-533134,Damaged in Transit,14327.7,Approved
RET-14346,ORD-533138,Defective Product,32887.9,Approved
RET-14347,ORD-533142,Damaged in Transit,14397.44,Approved
RET-14348,ORD-533146,Customer Dissatisfaction,11881.56,Approved
RET-14349,ORD-533150,Defective Product,0.0,Rejected
RET-14350,ORD-533152,Customer Dissatisfaction,8158.39,Approved
RET-14351,ORD-533164,Wrong Item,54734.4,Approved
RET-14352,ORD-533169,Wrong Item,1578.68,Pending
RET-14353,ORD-533170,Size Issue,6414.29,Approved
RET-14354,ORD-533183,Late Delivery,31336.5,Approved
RET-14355,ORD-533190,Damaged in Transit,0.0,Rejected
RET-14356,ORD-533209,Size Issue,44875.44,Approved
RET-14357,ORD-533211,Size Issue,5182.56,Pending
RET-14358,ORD-533215,Late Delivery,10362.76,Approved
RET-14359,ORD-533222,Customer Dissatisfaction,16720.22,Approved
RET-14360,ORD-533225,Defective Product,5673.08,Pending
RET-14361,ORD-533225,Damaged in Transit,11424.29,Approved
RET-14362,ORD-533229,Damaged in Transit,5173.07,Approved
RET-14363,ORD-533230,Wrong Item,21156.67,Approved
RET-14364,ORD-533243,Customer Dissatisfaction,60113.02,Approved
RET-14365,ORD-533247,Defective Product,14365.62,Approved
RET-14366,ORD-533251,Defective Product,74745.47,Approved
RET-14367,ORD-533262,Wrong Item,6243.57,Approved
RET-14368,ORD-533287,Damaged in Transit,20544.42,Approved
RET-14369,ORD-533288,Defective Product,12453.81,Approved
RET-14370,ORD-533317,Damaged in Transit,27417.29,Approved
RET-14371,ORD-533330,Defective Product,767.97,Pending
RET-14372,ORD-533331,Size Issue,18809.1,Approved
RET-14373,ORD-533341,Wrong Item,3601.07,Pending
RET-14374,ORD-533364,Customer Dissatisfaction,16181.08,Pending
RET-14375,ORD-533378,Defective Product,100126.48,Approved
RET-14376,ORD-533382,Size Issue,13263.19,Approved
RET-14377,ORD-533387,Wrong Item,9422.05,Pending
RET-14378,ORD-533394,Customer Dissatisfaction,1784.22,Approved
RET-14379,ORD-533405,Wrong Item,44946.38,Approved
RET-14380,ORD-533411,Wrong Item,150278.23,Approved
RET-14381,ORD-533414,Damaged in Transit,6890.36,Approved
RET-14382,ORD-533415,Customer Dissatisfaction,205663.55,Approved
RET-14383,ORD-533421,Customer Dissatisfaction,224234.77,Approved
RET-14384,ORD-533438,Late Delivery,12440.93,Approved
RET-14385,ORD-533445,Wrong Item,11944.74,Approved
RET-14386,ORD-533450,Size Issue,46564.0,Approved
RET-14387,ORD-533452,Late Delivery,166258.99,Approved
RET-14388,ORD-533460,Customer Dissatisfaction,41481.94,Approved
RET-14389,ORD-533461,Late Delivery,1615.68,Pending
RET-14390,ORD-533466,Customer Dissatisfaction,97137.65,Approved
RET-14391,ORD-533470,Defective Product,32445.34,Approved
RET-14392,ORD-533479,Damaged in Transit,13541.0,Approved
RET-14393,ORD-533495,Late Delivery,22012.75,Approved
RET-14394,ORD-533518,Size Issue,2467.56,Approved
RET-14395,ORD-533529,,4893.53,Approved
RET-14396,ORD-533530,Wrong Item,0.0,Rejected
RET-14397,ORD-533532,Customer Dissatisfaction,1525.51,Approved
RET-14398,ORD-533534,Wrong Item,26805.14,Pending
RET-14399,ORD-533536,Customer Dissatisfaction,184548.23,Approved
RET-14400,ORD-533543,Size Issue,823.72,Pending
RET-14401,ORD-533555,Customer Dissatisfaction,37855.96,Approved
RET-14402,ORD-533560,Wrong Item,39382.24,Approved
RET-14403,ORD-533566,Wrong Item,22905.85,Pending
RET-14404,ORD-533571,Damaged in Transit,81994.77,Approved
RET-14405,ORD-533600,Wrong Item,7925.03,Approved
RET-14406,ORD-533610,Late Delivery,12206.92,Approved
RET-14407,ORD-533617,Size Issue,3675.11,Approved
RET-14408,ORD-533620,Damaged in Transit,12794.33,Approved
RET-14409,ORD-533622,Wrong Item,1234.01,Pending
RET-14410,ORD-533623,Damaged in Transit,187827.21,Approved
RET-14411,ORD-533636,Customer Dissatisfaction,2425.38,Approved
RET-14412,ORD-533637,Size Issue,6096.37,Pending
RET-14413,ORD-533644,Defective Product,0.0,Rejected
RET-14414,ORD-533657,Size Issue,96609.09,Approved
RET-14415,ORD-533660,Damaged in Transit,13291.89,Approved
RET-14416,ORD-533674,Wrong Item,12735.41,Pending
RET-14417,ORD-533677,Damaged in Transit,144302.83,Approved
RET-14418,ORD-533686,Late Delivery,9915.62,Approved
RET-14419,ORD-533688,Size Issue,3980.46,Approved
RET-14420,ORD-533693,Customer Dissatisfaction,7788.18,Approved
RET-14421,ORD-533702,Wrong Item,14321.08,Pending
RET-14422,ORD-533712,Wrong Item,2363.27,Approved
RET-14423,ORD-533719,Size Issue,4991.45,Approved
RET-14424,ORD-533721,Size Issue,96026.15,Approved
RET-14425,ORD-533727,Late Delivery,6948.15,Approved
RET-14426,ORD-533745,Damaged in Transit,5474.99,Pending
RET-14427,ORD-533750,Customer Dissatisfaction,125366.36,Approved
RET-14428,ORD-533768,Size Issue,37406.52,Approved
RET-14429,ORD-533772,Size Issue,0.0,Rejected
RET-14430,ORD-533777,Size Issue,49607.6,Approved
RET-14431,ORD-533791,Defective Product,9041.35,Approved
RET-14432,ORD-533795,Size Issue,9067.19,Approved
RET-14433,ORD-533806,Customer Dissatisfaction,637.53,Approved
RET-14434,ORD-533815,Size Issue,220755.96,Approved
RET-14435,ORD-533830,Customer Dissatisfaction,14942.51,Approved
RET-14436,ORD-533831,Late Delivery,57794.14,Approved
RET-14437,ORD-533837,Size Issue,554.84,Approved
RET-14438,ORD-533840,Size Issue,25773.59,Approved
RET-14439,ORD-533841,Damaged in Transit,4029.83,Approved
RET-14440,ORD-533855,Damaged in Transit,0.0,Rejected
RET-14441,ORD-533869,Late Delivery,1535.69,Pending
RET-14442,ORD-533880,Damaged in Transit,164715.54,Approved
RET-14443,ORD-533889,Customer Dissatisfaction,20796.85,Approved
RET-14444,ORD-533912,Wrong Item,2406.84,Approved
RET-14445,ORD-533913,Wrong Item,1152.13,Approved
RET-14446,ORD-533920,Wrong Item,0.0,Rejected
RET-14447,ORD-533924,Size Issue,6110.05,Approved
RET-14448,ORD-533933,Defective Product,0.0,Rejected
RET-14449,ORD-533964,Late Delivery,1102.31,Approved
RET-14450,ORD-533970,Defective Product,619.76,Approved
RET-14451,ORD-533987,Wrong Item,828.67,Pending
RET-14452,ORD-534010,Size Issue,22193.75,Approved
RET-14453,ORD-534021,Damaged in Transit,29675.5,Approved
RET-14454,ORD-534027,Size Issue,51654.18,Approved
RET-14455,ORD-534031,Wrong Item,5898.17,Approved
RET-14456,ORD-534042,Defective Product,223.88,Approved
RET-14457,ORD-534059,Size Issue,13731.54,Approved
RET-14458,ORD-534071,Damaged in Transit,152457.88,Approved
RET-14459,ORD-534072,Customer Dissatisfaction,53951.88,Approved
RET-14460,ORD-534077,Wrong Item,17698.8,Approved
RET-14461,ORD-534079,Defective Product,153398.35,Approved
RET-14462,ORD-534080,Defective Product,784.26,Pending
RET-14463,ORD-534091,Defective Product,118892.33,Approved
RET-14464,ORD-534105,Size Issue,2328.17,Approved
RET-14465,ORD-534116,Wrong Item,114679.15,Approved
RET-14466,ORD-534119,Damaged in Transit,10971.95,Approved
RET-14467,ORD-534123,Late Delivery,0.0,Rejected
RET-14468,ORD-534125,Damaged in Transit,1754.41,Approved
RET-14469,ORD-534130,Damaged in Transit,70312.26,Approved
RET-14470,ORD-534137,Damaged in Transit,0.0,Rejected
RET-14471,ORD-534173,Wrong Item,11307.55,Approved
RET-14472,ORD-534175,Size Issue,9760.12,Pending
RET-14473,ORD-534176,Damaged in Transit,24002.36,Approved
RET-14474,ORD-534179,Wrong Item,4535.43,Pending
RET-14475,ORD-534186,Size Issue,4820.45,Pending
RET-14476,ORD-534191,Defective Product,25251.38,Approved
RET-14477,ORD-534195,Wrong Item,70271.75,Approved
RET-14478,ORD-534202,Late Delivery,1992.35,Approved
RET-14479,ORD-534204,Wrong Item,137217.67,Approved
RET-14480,ORD-534206,Late Delivery,4249.86,Pending
RET-14481,ORD-534212,Wrong Item,83038.95,Approved
RET-14482,ORD-534217,Wrong Item,6276.08,Approved
RET-14483,ORD-534219,Wrong Item,534.1,Pending
RET-14484,ORD-534223,Customer Dissatisfaction,7067.01,Pending
RET-14485,ORD-534228,Customer Dissatisfaction,0.0,Rejected
RET-14486,ORD-534230,Customer Dissatisfaction,18234.08,Pending
RET-14487,ORD-534236,Late Delivery,2214.98,Approved
RET-14488,ORD-534242,Defective Product,211940.52,Pending
RET-14489,ORD-534248,Customer Dissatisfaction,10936.33,Pending
RET-14490,ORD-534251,Late Delivery,2615.54,Pending
RET-14491,ORD-534256,Size Issue,1861.15,Approved
RET-14492,ORD-534257,Damaged in Transit,95054.75,Approved
RET-14493,ORD-534262,Late Delivery,65320.64,Approved
RET-14494,ORD-534263,Customer Dissatisfaction,2163.5,Approved
RET-14495,ORD-534264,Wrong Item,1749.85,Pending
RET-14496,ORD-534269,Late Delivery,386.46,Approved
RET-14497,ORD-534270,Late Delivery,4754.63,Approved
RET-14498,ORD-534284,Wrong Item,0.0,Rejected
RET-14499,ORD-534289,Customer Dissatisfaction,4974.11,Approved
RET-14500,ORD-534293,Damaged in Transit,51097.4,Approved
RET-14501,ORD-534295,Late Delivery,159733.11,Approved
RET-14502,ORD-534301,Size Issue,81038.49,Approved
RET-14503,ORD-534306,Size Issue,33643.67,Approved
RET-14504,ORD-534322,Wrong Item,162333.03,Approved
RET-14505,ORD-534345,Customer Dissatisfaction,2061.35,Approved
RET-14506,ORD-534347,Size Issue,0.0,Rejected
RET-14507,ORD-534353,Defective Product,581.49,Approved
RET-14508,ORD-534356,Defective Product,49714.67,Approved
RET-14509,ORD-534373,Wrong Item,0.0,Rejected
RET-14510,ORD-534381,Wrong Item,24236.06,Pending
RET-14511,ORD-534388,Late Delivery,21276.64,Approved
RET-14512,ORD-534396,Wrong Item,237882.83,Approved
RET-14513,ORD-534400,Damaged in Transit,0.0,Rejected
RET-14514,ORD-534402,Defective Product,23936.68,Approved
RET-14515,ORD-534409,Size Issue,3955.5,Approved
RET-14516,ORD-534412,Size Issue,26707.51,Approved
RET-14517,ORD-534415,Defective Product,4974.84,Pending
RET-14518,ORD-534421,Wrong Item,14684.97,Approved
RET-14519,ORD-534436,Wrong Item,0.0,Rejected
RET-14520,ORD-534441,Customer Dissatisfaction,8944.57,Approved
RET-14521,ORD-534464,Wrong Item,88101.37,Approved
RET-14522,ORD-534474,Size Issue,260613.99,Approved
RET-14523,ORD-534475,Late Delivery,39807.61,Approved
RET-14524,ORD-534478,Size Issue,42915.08,Approved
RET-14525,ORD-534479,Damaged in Transit,5606.72,Pending
RET-14526,ORD-534490,Late Delivery,704.55,Approved
RET-14527,ORD-534493,Damaged in Transit,173446.37,Approved
RET-14528,ORD-534495,Wrong Item,0.0,Rejected
RET-14529,ORD-534496,Damaged in Transit,99962.17,Approved
RET-14530,ORD-534510,Defective Product,4734.57,Approved
RET-14531,ORD-534519,Wrong Item,0.0,Rejected
RET-14532,ORD-534520,Size Issue,42722.76,Approved
RET-14533,ORD-534523,Customer Dissatisfaction,2172.76,Approved
RET-14534,ORD-534550,Size Issue,22457.24,Approved
RET-14535,ORD-534559,Damaged in Transit,10477.09,Pending
RET-14536,ORD-534568,Size Issue,1984.41,Approved
RET-14537,ORD-534579,Damaged in Transit,1283.12,Pending
RET-14538,ORD-534592,Size Issue,16284.75,Approved
RET-14539,ORD-534597,Wrong Item,4055.85,Approved
RET-14540,ORD-534608,Late Delivery,265025.86,Approved
RET-14541,ORD-534629,Late Delivery,3349.67,Approved
RET-14542,ORD-534631,Wrong Item,23816.57,Approved
RET-14543,ORD-534633,Customer Dissatisfaction,0.0,Rejected
RET-14544,ORD-534637,Size Issue,35002.07,Approved
RET-14545,ORD-534645,Damaged in Transit,6287.83,Approved
RET-14546,ORD-534650,Damaged in Transit,2467.56,Approved
RET-14547,ORD-534662,Damaged in Transit,3663.36,Approved
RET-14548,ORD-534674,Size Issue,0.0,Rejected
RET-14549,ORD-534676,Size Issue,21480.69,Approved
RET-14550,ORD-534706,Damaged in Transit,9589.29,Approved
RET-14551,ORD-534717,Customer Dissatisfaction,65236.3,Approved
RET-14552,ORD-534726,,2047.88,Approved
RET-14553,ORD-534751,Customer Dissatisfaction,0.0,Rejected
RET-14554,ORD-534763,Size Issue,4108.59,Approved
RET-14555,ORD-534766,Size Issue,2814.0,Approved
RET-14556,ORD-534792,Wrong Item,113253.95,Approved
RET-14557,ORD-534798,Size Issue,7076.22,Approved
RET-14558,ORD-534801,Customer Dissatisfaction,13498.53,Pending
RET-14559,ORD-534804,Size Issue,233956.9,Approved
RET-14560,ORD-534806,Customer Dissatisfaction,114953.39,Approved
RET-14561,ORD-534809,Late Delivery,3327.12,Pending
RET-14562,ORD-534817,Customer Dissatisfaction,298316.44,Approved
RET-14563,ORD-534819,Defective Product,6346.88,Approved
RET-14564,ORD-534823,Customer Dissatisfaction,6253.6,Approved
RET-14565,ORD-534829,Size Issue,237557.56,Approved
RET-14566,ORD-534840,Late Delivery,5903.46,Approved
RET-14567,ORD-534842,Wrong Item,1633.43,Pending
RET-14568,ORD-534853,Late Delivery,0.0,Rejected
RET-14569,ORD-534859,Customer Dissatisfaction,12840.52,Pending
RET-14570,ORD-534873,Customer Dissatisfaction,1242.64,Pending
RET-14571,ORD-534877,Wrong Item,90943.63,Approved
RET-14572,ORD-534880,Size Issue,45217.24,Approved
RET-14573,ORD-534890,Size Issue,13703.58,Approved
RET-14574,ORD-534897,Size Issue,32678.21,Approved
RET-14575,ORD-534903,Late Delivery,0.0,Rejected
RET-14576,ORD-534907,Customer Dissatisfaction,134705.02,Approved
RET-14577,ORD-534910,Late Delivery,7469.69,Pending
RET-14578,ORD-534924,Wrong Item,30831.94,Approved
RET-14579,ORD-534925,Size Issue,57069.05,Approved
RET-14580,ORD-534928,Customer Dissatisfaction,12895.83,Approved
RET-14581,ORD-534929,Defective Product,65558.57,Approved
RET-14582,ORD-534938,Late Delivery,120414.68,Pending
RET-14583,ORD-534945,Late Delivery,0.0,Rejected
RET-14584,ORD-534961,Wrong Item,12592.78,Pending
RET-14585,ORD-534963,Late Delivery,4391.96,Approved
RET-14586,ORD-534964,Late Delivery,10116.24,Approved
RET-14587,ORD-534984,Defective Product,4340.39,Approved
RET-14588,ORD-534987,Customer Dissatisfaction,6834.21,Approved
RET-14589,ORD-534988,Defective Product,0.0,Rejected
RET-14590,ORD-534989,Late Delivery,66082.5,Pending
RET-14591,ORD-535014,Customer Dissatisfaction,0.0,Rejected
RET-14592,ORD-535015,Wrong Item,18718.26,Approved
RET-14593,ORD-535028,Customer Dissatisfaction,3427.19,Approved
RET-14594,ORD-535035,Late Delivery,17672.98,Approved
RET-14595,ORD-535060,Wrong Item,81706.3,Approved
RET-14596,ORD-535071,Wrong Item,21790.4,Approved
RET-14597,ORD-535074,,1078.96,Pending
RET-14598,ORD-535080,Late Delivery,232256.31,Approved
RET-14599,ORD-535084,Damaged in Transit,13074.33,Approved
RET-14600,ORD-535088,Late Delivery,0.0,Rejected
RET-14601,ORD-535109,Damaged in Transit,180792.74,Approved
RET-14602,ORD-535110,Damaged in Transit,37606.25,Approved
RET-14603,ORD-535120,Size Issue,3710.59,Pending
RET-14604,ORD-535122,Size Issue,114224.76,Approved
RET-14605,ORD-535123,Damaged in Transit,3005.23,Approved
RET-14606,ORD-535132,Damaged in Transit,166441.39,Approved
RET-14607,ORD-535137,Size Issue,0.0,Rejected
RET-14608,ORD-535162,Defective Product,79897.27,Approved
RET-14609,ORD-535183,Size Issue,0.0,Rejected
RET-14610,ORD-535185,Damaged in Transit,40510.51,Pending
RET-14611,ORD-535189,Customer Dissatisfaction,0.0,Rejected
RET-14612,ORD-535192,Size Issue,16038.01,Approved
RET-14613,ORD-535197,Damaged in Transit,9810.01,Pending
RET-14614,ORD-535198,Customer Dissatisfaction,1768.97,Approved
RET-14615,ORD-535226,Size Issue,0.0,Rejected
RET-14616,ORD-535231,Late Delivery,134847.94,Approved
RET-14617,ORD-535235,Late Delivery,20745.68,Approved
RET-14618,ORD-535238,Late Delivery,0.0,Rejected
RET-14619,ORD-535239,Late Delivery,122316.42,Approved
RET-14620,ORD-535250,Size Issue,654.68,Pending
RET-14621,ORD-535251,Damaged in Transit,0.0,Rejected
RET-14622,ORD-535261,Defective Product,14404.72,Approved
RET-14623,ORD-535284,Late Delivery,44551.35,Approved
RET-14624,ORD-535288,Size Issue,39420.42,Pending
RET-14625,ORD-535295,Late Delivery,12181.27,Pending
RET-14626,ORD-535308,Late Delivery,7069.1,Approved
RET-14627,ORD-535323,Customer Dissatisfaction,3578.54,Approved
RET-14628,ORD-535328,Defective Product,27979.76,Approved
RET-14629,ORD-535355,Customer Dissatisfaction,58180.57,Approved
RET-14630,ORD-535357,Damaged in Transit,4179.11,Approved
RET-14631,ORD-535361,Defective Product,7445.99,Pending
RET-14632,ORD-535366,Damaged in Transit,0.0,Rejected
RET-14633,ORD-535377,Late Delivery,6056.57,Approved
RET-14634,ORD-535381,Damaged in Transit,1190653.61,Approved
RET-14635,ORD-535385,Wrong Item,2239.66,Approved
RET-14636,ORD-535394,Defective Product,3497.68,Approved
RET-14637,ORD-535398,Size Issue,5890.44,Approved
RET-14638,ORD-535401,Wrong Item,9937.22,Pending
RET-14639,ORD-535402,Damaged in Transit,32862.14,Pending
RET-14640,ORD-535407,Customer Dissatisfaction,9878.47,Approved
RET-14641,ORD-535421,Customer Dissatisfaction,0.0,Rejected
RET-14642,ORD-535425,Damaged in Transit,153760.11,Approved
RET-14643,ORD-535451,Customer Dissatisfaction,42535.35,Approved
RET-14644,ORD-535457,Size Issue,3843.02,Approved
RET-14645,ORD-535460,Customer Dissatisfaction,71893.25,Approved
RET-14646,ORD-535476,Customer Dissatisfaction,7449.6,Pending
RET-14647,ORD-535477,Wrong Item,48843.89,Approved
RET-14648,ORD-535483,Customer Dissatisfaction,21029.98,Approved
RET-14649,ORD-535490,Customer Dissatisfaction,11700.43,Pending
RET-14650,ORD-535491,Wrong Item,4678.11,Approved
RET-14651,ORD-535495,Wrong Item,17713.78,Approved
RET-14652,ORD-535498,Size Issue,887.46,Approved
RET-14653,ORD-535530,Wrong Item,0.0,Rejected
RET-14654,ORD-535533,Wrong Item,5740.81,Approved
RET-14655,ORD-535539,Customer Dissatisfaction,22632.37,Approved
RET-14656,ORD-535559,Customer Dissatisfaction,54160.35,Approved
RET-14657,ORD-535560,Defective Product,420659.66,Approved
RET-14658,ORD-535569,Wrong Item,192358.2,Approved
RET-14659,ORD-535582,Wrong Item,0.0,Rejected
RET-14660,ORD-535584,Customer Dissatisfaction,143650.66,Approved
RET-14661,ORD-535587,Size Issue,0.0,Rejected
RET-14662,ORD-535588,Late Delivery,43975.11,Approved
RET-14663,ORD-535589,Damaged in Transit,27819.37,Approved
RET-14664,ORD-535592,Customer Dissatisfaction,2292.99,Approved
RET-14665,ORD-535596,Customer Dissatisfaction,1719.24,Pending
RET-14666,ORD-535605,Wrong Item,47106.18,Pending
RET-14667,ORD-535610,Defective Product,4826.85,Pending
RET-14668,ORD-535610,Customer Dissatisfaction,9312.34,Approved
RET-14669,ORD-535615,Customer Dissatisfaction,7627.06,Approved
RET-14670,ORD-535616,Late Delivery,37235.02,Approved
RET-14671,ORD-535630,Customer Dissatisfaction,1813.72,Approved
RET-14672,ORD-535643,Customer Dissatisfaction,13230.0,Approved
RET-14673,ORD-535663,Defective Product,730.37,Approved
RET-14674,ORD-535668,Customer Dissatisfaction,71184.15,Pending
RET-14675,ORD-535675,Size Issue,1837.96,Approved
RET-14676,ORD-535676,Wrong Item,5935.41,Approved
RET-14677,ORD-535696,Customer Dissatisfaction,4537.45,Pending
RET-14678,ORD-535698,Wrong Item,7816.04,Approved
RET-14679,ORD-535707,Wrong Item,10815.54,Pending
RET-14680,ORD-535712,Damaged in Transit,0.0,Rejected
RET-14681,ORD-535719,Wrong Item,2556.36,Pending
RET-14682,ORD-535733,Customer Dissatisfaction,5726.0,Pending
RET-14683,ORD-535742,Defective Product,0.0,Rejected
RET-14684,ORD-535751,Defective Product,15669.15,Pending
RET-14685,ORD-535761,Size Issue,0.0,Rejected
RET-14686,ORD-535762,Customer Dissatisfaction,7460.78,Approved
RET-14687,ORD-535778,Wrong Item,41852.39,Approved
RET-14688,ORD-535780,Defective Product,19547.12,Approved
RET-14689,ORD-535784,Damaged in Transit,4504.13,Approved
RET-14690,ORD-535788,Size Issue,37771.09,Approved
RET-14691,ORD-535816,Size Issue,75071.54,Pending
RET-14692,ORD-535820,Late Delivery,0.0,Rejected
RET-14693,ORD-535821,Defective Product,11134.47,Approved
RET-14694,ORD-535840,Wrong Item,39552.63,Approved
RET-14695,ORD-535842,Wrong Item,4019.21,Approved
RET-14696,ORD-535844,Late Delivery,93000.5,Approved
RET-14697,ORD-535847,Wrong Item,105042.41,Approved
RET-14698,ORD-535854,Late Delivery,27609.22,Pending
RET-14699,ORD-535855,Size Issue,5581.88,Approved
RET-14700,ORD-535867,Defective Product,0.0,Rejected
RET-14701,ORD-535868,Size Issue,962.75,Approved
RET-14702,ORD-535871,Defective Product,11930.41,Approved
RET-14703,ORD-535875,Wrong Item,5426.39,Approved
RET-14704,ORD-535888,Wrong Item,7373.84,Approved
RET-14705,ORD-535902,Size Issue,23995.55,Approved
RET-14706,ORD-535911,Size Issue,13475.76,Approved
RET-14707,ORD-535922,Size Issue,14722.18,Pending
RET-14708,ORD-535923,Damaged in Transit,34762.1,Approved
RET-14709,ORD-535924,Size Issue,823.96,Pending
RET-14710,ORD-535927,Size Issue,3466.52,Approved
RET-14711,ORD-535932,Defective Product,0.0,Rejected
RET-14712,ORD-535933,Damaged in Transit,44088.62,Approved
RET-14713,ORD-535943,Defective Product,7331.59,Approved
RET-14714,ORD-535944,Customer Dissatisfaction,0.0,Rejected
RET-14715,ORD-535944,Size Issue,21186.03,Approved
RET-14716,ORD-535948,Late Delivery,2839.22,Approved
RET-14717,ORD-535959,Customer Dissatisfaction,31943.05,Pending
RET-14718,ORD-535963,Defective Product,4384.29,Approved
RET-14719,ORD-535986,Size Issue,51415.91,Approved
RET-14720,ORD-535991,Size Issue,67799.62,Approved
RET-14721,ORD-536010,Damaged in Transit,26020.91,Approved
RET-14722,ORD-536011,Defective Product,51567.12,Approved
RET-14723,ORD-536014,Defective Product,31180.17,Approved
RET-14724,ORD-536024,Wrong Item,5323.24,Approved
RET-14725,ORD-536027,Size Issue,12475.17,Approved
RET-14726,ORD-536028,Wrong Item,7995.07,Approved
RET-14727,ORD-536040,,0.0,Rejected
RET-14728,ORD-536052,Defective Product,6064.84,Approved
RET-14729,ORD-536053,Wrong Item,1929.34,Approved
RET-14730,ORD-536055,Damaged in Transit,6534.7,Pending
RET-14731,ORD-536060,Wrong Item,0.0,Rejected
RET-14732,ORD-536061,Customer Dissatisfaction,6906.43,Approved
RET-14733,ORD-536063,Customer Dissatisfaction,8642.22,Approved
RET-14734,ORD-536068,Damaged in Transit,11616.33,Approved
RET-14735,ORD-536075,Wrong Item,14342.61,Approved
RET-14736,ORD-536078,Size Issue,216666.78,Approved
RET-14737,ORD-536084,Late Delivery,25883.71,Approved
RET-14738,ORD-536086,Defective Product,7141.72,Approved
RET-14739,ORD-536098,Defective Product,53269.39,Pending
RET-14740,ORD-536102,Late Delivery,18262.87,Approved
RET-14741,ORD-536108,Wrong Item,18144.55,Approved
RET-14742,ORD-536119,Defective Product,14958.93,Pending
RET-14743,ORD-536121,Damaged in Transit,401169.32,Approved
RET-14744,ORD-536152,Damaged in Transit,35134.84,Approved
RET-14745,ORD-536154,Defective Product,212383.43,Approved
RET-14746,ORD-536155,Wrong Item,0.0,Rejected
RET-14747,ORD-536166,Customer Dissatisfaction,95734.23,Approved
RET-14748,ORD-536174,Damaged in Transit,0.0,Rejected
RET-14749,ORD-536176,Customer Dissatisfaction,2939.61,Approved
RET-14750,ORD-536182,Customer Dissatisfaction,4510.81,Pending
RET-14751,ORD-536192,Late Delivery,106634.96,Approved
RET-14752,ORD-536194,Damaged in Transit,12214.86,Approved
RET-14753,ORD-536200,Size Issue,645.03,Pending
RET-14754,ORD-536209,Customer Dissatisfaction,0.0,Rejected
RET-14755,ORD-536213,Size Issue,162113.49,Approved
RET-14756,ORD-536220,Defective Product,3368.81,Pending
RET-14757,ORD-536229,Wrong Item,0.0,Rejected
RET-14758,ORD-536231,Defective Product,11330.58,Approved
RET-14759,ORD-536234,Wrong Item,43545.91,Approved
RET-14760,ORD-536236,Late Delivery,99201.19,Approved
RET-14761,ORD-536237,Defective Product,21134.4,Approved
RET-14762,ORD-536265,Damaged in Transit,2285.27,Approved
RET-14763,ORD-536268,,0.0,Rejected
RET-14764,ORD-536275,Late Delivery,23614.43,Approved
RET-14765,ORD-536286,,0.0,Rejected
RET-14766,ORD-536298,Defective Product,16078.63,Approved
RET-14767,ORD-536301,Wrong Item,26104.71,Approved
RET-14768,ORD-536306,Late Delivery,85199.74,Approved
RET-14769,ORD-536311,Late Delivery,26022.65,Pending
RET-14770,ORD-536315,Late Delivery,0.0,Rejected
RET-14771,ORD-536319,Late Delivery,3847.06,Approved
RET-14772,ORD-536339,Damaged in Transit,6760.4,Approved
RET-14773,ORD-536347,Defective Product,4274.96,Pending
RET-14774,ORD-536350,Defective Product,42021.16,Approved
RET-14775,ORD-536353,Late Delivery,42742.19,Approved
RET-14776,ORD-536355,Damaged in Transit,14581.91,Approved
RET-14777,ORD-536356,Late Delivery,9765.42,Approved
RET-14778,ORD-536360,Late Delivery,26416.18,Approved
RET-14779,ORD-536379,Late Delivery,32433.7,Pending
RET-14780,ORD-536383,Damaged in Transit,20650.11,Approved
RET-14781,ORD-536387,Customer Dissatisfaction,8749.13,Approved
RET-14782,ORD-536388,Defective Product,133757.3,Approved
RET-14783,ORD-536404,Customer Dissatisfaction,15648.4,Pending
RET-14784,ORD-536406,Customer Dissatisfaction,33065.16,Approved
RET-14785,ORD-536426,Defective Product,2313.16,Approved
RET-14786,ORD-536445,Late Delivery,0.0,Rejected
RET-14787,ORD-536447,Size Issue,0.0,Rejected
RET-14788,ORD-536451,Customer Dissatisfaction,54794.58,Approved
RET-14789,ORD-536454,Late Delivery,33568.94,Approved
RET-14790,ORD-536463,Late Delivery,16452.67,Approved
RET-14791,ORD-536464,Damaged in Transit,150935.72,Approved
RET-14792,ORD-536467,Defective Product,145114.79,Approved
RET-14793,ORD-536475,Customer Dissatisfaction,21589.46,Approved
RET-14794,ORD-536477,Customer Dissatisfaction,29029.08,Approved
RET-14795,ORD-536479,Customer Dissatisfaction,0.0,Rejected
RET-14796,ORD-536485,Customer Dissatisfaction,86484.97,Approved
RET-14797,ORD-536489,Customer Dissatisfaction,171939.1,Approved
RET-14798,ORD-536492,Wrong Item,1149.33,Approved
RET-14799,ORD-536503,Size Issue,5784.31,Pending
RET-14800,ORD-536505,Damaged in Transit,192256.73,Approved
RET-14801,ORD-536513,Wrong Item,11553.53,Approved
RET-14802,ORD-536522,Late Delivery,8972.76,Approved
RET-14803,ORD-536529,Size Issue,3367.37,Approved
RET-14804,ORD-536538,Size Issue,42259.8,Approved
RET-14805,ORD-536544,Damaged in Transit,7392.84,Approved
RET-14806,ORD-536547,Size Issue,559004.6,Approved
RET-14807,ORD-536558,Wrong Item,5485.89,Approved
RET-14808,ORD-536567,Wrong Item,0.0,Rejected
RET-14809,ORD-536574,Defective Product,1583.0,Approved
RET-14810,ORD-536584,Late Delivery,14261.73,Pending
RET-14811,ORD-536597,Size Issue,10881.75,Approved
RET-14812,ORD-536604,Late Delivery,21000.74,Approved
RET-14813,ORD-536609,Customer Dissatisfaction,567.98,Approved
RET-14814,ORD-536647,Customer Dissatisfaction,24212.12,Approved
RET-14815,ORD-536658,Size Issue,8775.58,Approved
RET-14816,ORD-536659,Late Delivery,0.0,Rejected
RET-14817,ORD-536662,Customer Dissatisfaction,770.99,Approved
RET-14818,ORD-536664,Late Delivery,47944.33,Pending
RET-14819,ORD-536670,Customer Dissatisfaction,0.0,Rejected
RET-14820,ORD-536683,Damaged in Transit,269311.94,Approved
RET-14821,ORD-536686,Late Delivery,768.24,Approved
RET-14822,ORD-536687,Size Issue,452.72,Approved
RET-14823,ORD-536692,Customer Dissatisfaction,1643.08,Pending
RET-14824,ORD-536708,Wrong Item,59407.74,Approved
RET-14825,ORD-536739,Defective Product,11560.88,Approved
RET-14826,ORD-536744,Size Issue,6196.76,Approved
RET-14827,ORD-536749,Late Delivery,0.0,Rejected
RET-14828,ORD-536751,Damaged in Transit,678.65,Approved
RET-14829,ORD-536752,Damaged in Transit,113917.08,Approved
RET-14830,ORD-536758,Customer Dissatisfaction,33135.58,Approved
RET-14831,ORD-536765,Wrong Item,22781.17,Pending
RET-14832,ORD-536779,Defective Product,6681.17,Approved
RET-14833,ORD-536785,Size Issue,245907.26,Approved
RET-14834,ORD-536791,Wrong Item,4034.3,Pending
RET-14835,ORD-536795,Defective Product,6273.05,Pending
RET-14836,ORD-536798,Damaged in Transit,376414.23,Approved
RET-14837,ORD-536818,,911.32,Pending
RET-14838,ORD-536819,Size Issue,201.55,Approved
RET-14839,ORD-536820,Late Delivery,27916.38,Approved
RET-14840,ORD-536839,Customer Dissatisfaction,60552.03,Approved
RET-14841,ORD-536859,Damaged in Transit,14902.7,Pending
RET-14842,ORD-536890,Wrong Item,83696.69,Approved
RET-14843,ORD-536895,Customer Dissatisfaction,26793.71,Pending
RET-14844,ORD-536896,Defective Product,844.45,Approved
RET-14845,ORD-536897,Defective Product,0.0,Rejected
RET-14846,ORD-536901,Defective Product,12150.48,Approved
RET-14847,ORD-536909,Customer Dissatisfaction,3769.08,Approved
RET-14848,ORD-536910,Late Delivery,9276.39,Approved
RET-14849,ORD-536914,Damaged in Transit,7950.19,Approved
RET-14850,ORD-536916,Defective Product,18449.92,Approved
RET-14851,ORD-536945,Damaged in Transit,23285.05,Pending
RET-14852,ORD-536946,Wrong Item,0.0,Rejected
RET-14853,ORD-536954,Size Issue,45942.5,Approved
RET-14854,ORD-536955,Size Issue,2605.27,Pending
RET-14855,ORD-536963,Late Delivery,143752.57,Approved
RET-14856,ORD-536988,Damaged in Transit,0.0,Rejected
RET-14857,ORD-536992,Late Delivery,6516.27,Approved
RET-14858,ORD-537013,Customer Dissatisfaction,11190.08,Approved
RET-14859,ORD-537021,Customer Dissatisfaction,73166.23,Approved
RET-14860,ORD-537022,Late Delivery,6367.96,Approved
RET-14861,ORD-537026,Size Issue,1275.8,Approved
RET-14862,ORD-537032,Damaged in Transit,0.0,Rejected
RET-14863,ORD-537034,Defective Product,12044.03,Approved
RET-14864,ORD-537039,Defective Product,140891.15,Approved
RET-14865,ORD-537046,Wrong Item,0.0,Rejected
RET-14866,ORD-537050,Wrong Item,17403.12,Approved
RET-14867,ORD-537067,Customer Dissatisfaction,63545.13,Approved
RET-14868,ORD-537070,Size Issue,21915.84,Approved
RET-14869,ORD-537073,Damaged in Transit,216248.69,Approved
RET-14870,ORD-537077,Late Delivery,94239.67,Approved
RET-14871,ORD-537094,Defective Product,17915.51,Pending
RET-14872,ORD-537108,,71030.38,Approved
RET-14873,ORD-537111,Defective Product,53376.69,Approved
RET-14874,ORD-537116,Late Delivery,46379.06,Approved
RET-14875,ORD-537120,Size Issue,26137.33,Approved
RET-14876,ORD-537122,Wrong Item,0.0,Rejected
RET-14877,ORD-537134,Defective Product,108125.37,Approved
RET-14878,ORD-537141,Damaged in Transit,220027.11,Approved
RET-14879,ORD-537159,Wrong Item,9391.85,Pending
RET-14880,ORD-537167,Late Delivery,22708.54,Approved
RET-14881,ORD-537183,Size Issue,15369.76,Approved
RET-14882,ORD-537186,Damaged in Transit,42922.47,Approved
RET-14883,ORD-537196,Wrong Item,0.0,Rejected
RET-14884,ORD-537201,Defective Product,37937.94,Approved
RET-14885,ORD-537210,Late Delivery,0.0,Rejected
RET-14886,ORD-537215,Defective Product,5816.52,Pending
RET-14887,ORD-537241,Damaged in Transit,12618.33,Approved
RET-14888,ORD-537244,Size Issue,2440.18,Pending
RET-14889,ORD-537264,Size Issue,13168.47,Approved
RET-14890,ORD-537275,Defective Product,0.0,Rejected
RET-14891,ORD-537290,Damaged in Transit,30783.18,Approved
RET-14892,ORD-537291,Customer Dissatisfaction,26597.78,Approved
RET-14893,ORD-537301,Defective Product,68724.55,Pending
RET-14894,ORD-537314,Customer Dissatisfaction,2339.51,Approved
RET-14895,ORD-537344,Damaged in Transit,15050.73,Approved
RET-14896,ORD-537346,Customer Dissatisfaction,12684.59,Approved
RET-14897,ORD-537347,Customer Dissatisfaction,0.0,Rejected
RET-14898,ORD-537352,Damaged in Transit,0.0,Rejected
RET-14899,ORD-537356,Late Delivery,4995.82,Approved
RET-14900,ORD-537359,Size Issue,0.0,Rejected
RET-14901,ORD-537360,Wrong Item,1654.03,Pending
RET-14902,ORD-537373,Customer Dissatisfaction,10222.21,Approved
RET-14903,ORD-537384,Defective Product,0.0,Rejected
RET-14904,ORD-537385,Size Issue,76209.02,Pending
RET-14905,ORD-537394,Wrong Item,0.0,Rejected
RET-14906,ORD-537396,Customer Dissatisfaction,0.0,Rejected
RET-14907,ORD-537415,Defective Product,2624.43,Approved
RET-14908,ORD-537417,Size Issue,3657.1,Approved
RET-14909,ORD-537424,Customer Dissatisfaction,1010.13,Approved
RET-14910,ORD-537427,Size Issue,24199.58,Approved
RET-14911,ORD-537435,Defective Product,71616.58,Approved
RET-14912,ORD-537442,Customer Dissatisfaction,36981.01,Approved
RET-14913,ORD-537447,Late Delivery,15572.0,Approved
RET-14914,ORD-537452,Late Delivery,14249.73,Approved
RET-14915,ORD-537454,Customer Dissatisfaction,1124.7,Pending
RET-14916,ORD-537462,Defective Product,12439.36,Approved
RET-14917,ORD-537463,Customer Dissatisfaction,4472.38,Approved
RET-14918,ORD-537469,Customer Dissatisfaction,3772.48,Pending
RET-14919,ORD-537478,,5013.83,Approved
RET-14920,ORD-537493,Defective Product,166034.68,Approved
RET-14921,ORD-537495,Late Delivery,37267.32,Pending
RET-14922,ORD-537506,Wrong Item,84437.56,Approved
RET-14923,ORD-537511,Wrong Item,5348.72,Approved
RET-14924,ORD-537519,Damaged in Transit,4159.9,Approved
RET-14925,ORD-537528,Defective Product,11428.68,Approved
RET-14926,ORD-537530,Customer Dissatisfaction,0.0,Rejected
RET-14927,ORD-537533,Size Issue,26888.19,Approved
RET-14928,ORD-537539,Defective Product,1916.01,Pending
RET-14929,ORD-537546,Defective Product,17972.02,Approved
RET-14930,ORD-537558,Wrong Item,33751.04,Approved
RET-14931,ORD-537562,Customer Dissatisfaction,0.0,Rejected
RET-14932,ORD-537566,Late Delivery,40616.67,Approved
RET-14933,ORD-537570,Size Issue,28282.28,Pending
RET-14934,ORD-537595,Size Issue,14031.22,Approved
RET-14935,ORD-537599,Defective Product,13256.68,Approved
RET-14936,ORD-537603,Wrong Item,7015.67,Approved
RET-14937,ORD-537610,Customer Dissatisfaction,118911.48,Approved
RET-14938,ORD-537621,Defective Product,8434.16,Approved
RET-14939,ORD-537625,Customer Dissatisfaction,27887.83,Approved
RET-14940,ORD-537648,Size Issue,0.0,Rejected
RET-14941,ORD-537653,Defective Product,1304.72,Approved
RET-14942,ORD-537658,Customer Dissatisfaction,0.0,Rejected
RET-14943,ORD-537661,Defective Product,187784.8,Approved
RET-14944,ORD-537673,Defective Product,1931.1,Pending
RET-14945,ORD-537674,Size Issue,113596.13,Approved
RET-14946,ORD-537676,Wrong Item,25136.36,Approved
RET-14947,ORD-537683,Late Delivery,0.0,Rejected
RET-14948,ORD-537692,Customer Dissatisfaction,230653.54,Approved
RET-14949,ORD-537694,Late Delivery,4431.25,Approved
RET-14950,ORD-537698,Size Issue,10154.0,Pending
RET-14951,ORD-537705,Late Delivery,0.0,Rejected
RET-14952,ORD-537710,Size Issue,5988.01,Pending
RET-14953,ORD-537718,Customer Dissatisfaction,98650.55,Pending
RET-14954,ORD-537726,Defective Product,10528.62,Pending
RET-14955,ORD-537733,Customer Dissatisfaction,53864.45,Approved
RET-14956,ORD-537735,Size Issue,13896.0,Approved
RET-14957,ORD-537741,Damaged in Transit,431.99,Pending
RET-14958,ORD-537753,Damaged in Transit,36427.52,Approved
RET-14959,ORD-537763,Defective Product,5396.9,Approved
RET-14960,ORD-537795,Wrong Item,59735.95,Approved
RET-14961,ORD-537807,Customer Dissatisfaction,8009.7,Approved
RET-14962,ORD-537810,Late Delivery,33100.15,Approved
RET-14963,ORD-537819,Late Delivery,3320.47,Pending
RET-14964,ORD-537826,Customer Dissatisfaction,0.0,Rejected
RET-14965,ORD-537842,Size Issue,147731.46,Approved
RET-14966,ORD-537859,Late Delivery,14126.17,Approved
RET-14967,ORD-537864,Late Delivery,3981.49,Approved
RET-14968,ORD-537874,Size Issue,21092.99,Approved
RET-14969,ORD-537883,Wrong Item,36007.72,Approved
RET-14970,ORD-537888,Size Issue,27280.44,Approved
RET-14971,ORD-537889,Damaged in Transit,75643.8,Approved
RET-14972,ORD-537901,Late Delivery,45.87,Pending
RET-14973,ORD-537909,Customer Dissatisfaction,1102.97,Pending
RET-14974,ORD-537930,Defective Product,8500.35,Approved
RET-14975,ORD-537942,Defective Product,6841.12,Approved
RET-14976,ORD-537945,Wrong Item,4459.96,Pending
RET-14977,ORD-537953,Defective Product,8513.86,Approved
RET-14978,ORD-537957,Customer Dissatisfaction,109572.42,Approved
RET-14979,ORD-537958,Size Issue,12206.19,Pending
RET-14980,ORD-537959,Size Issue,152005.1,Approved
RET-14981,ORD-537961,Late Delivery,24594.55,Approved
RET-14982,ORD-537964,Size Issue,98120.62,Approved
RET-14983,ORD-537966,Defective Product,9917.65,Approved
RET-14984,ORD-537967,Customer Dissatisfaction,9014.86,Approved
RET-14985,ORD-537986,Customer Dissatisfaction,2523.11,Approved
RET-14986,ORD-537988,Damaged in Transit,5471.06,Approved
RET-14987,ORD-537992,Defective Product,1834.18,Approved
RET-14988,ORD-537997,Wrong Item,2601.02,Approved
RET-14989,ORD-537998,Defective Product,2402.92,Approved
RET-14990,ORD-538016,Wrong Item,308408.5,Approved
RET-14991,ORD-538040,Size Issue,160685.76,Approved
RET-14992,ORD-538052,Customer Dissatisfaction,67760.81,Approved
RET-14993,ORD-538061,Defective Product,9374.92,Pending
RET-14994,ORD-538062,Late Delivery,20935.15,Approved
RET-14995,ORD-538070,Late Delivery,6568.53,Approved
RET-14996,ORD-538075,Customer Dissatisfaction,17467.99,Approved
RET-14997,ORD-538084,Wrong Item,32288.45,Approved
RET-14998,ORD-538089,Late Delivery,2667.22,Approved
RET-14999,ORD-538096,Size Issue,2717.81,Pending
RET-15000,ORD-538097,Defective Product,12559.51,Approved
RET-15001,ORD-538101,Damaged in Transit,8698.66,Approved
RET-15002,ORD-538120,Wrong Item,21752.06,Pending
RET-15003,ORD-538121,Size Issue,6740.36,Approved
RET-15004,ORD-538127,Customer Dissatisfaction,19046.61,Approved
RET-15005,ORD-538128,Customer Dissatisfaction,2552.29,Approved
RET-15006,ORD-538134,Late Delivery,1289.26,Approved
RET-15007,ORD-538157,Size Issue,765.93,Approved
RET-15008,ORD-538172,Wrong Item,15345.1,Approved
RET-15009,ORD-538177,Late Delivery,12391.37,Pending
RET-15010,ORD-538196,Damaged in Transit,191382.0,Approved
RET-15011,ORD-538210,Wrong Item,14419.66,Approved
RET-15012,ORD-538212,Defective Product,41394.89,Approved
RET-15013,ORD-538213,Wrong Item,45182.31,Approved
RET-15014,ORD-538215,Wrong Item,121937.08,Approved
RET-15015,ORD-538222,Wrong Item,13278.59,Approved
RET-15016,ORD-538224,Late Delivery,18523.77,Approved
RET-15017,ORD-538227,Customer Dissatisfaction,0.0,Rejected
RET-15018,ORD-538246,Defective Product,47420.51,Approved
RET-15019,ORD-538252,Late Delivery,1404.69,Pending
RET-15020,ORD-538272,Late Delivery,1054.73,Approved
RET-15021,ORD-538275,Customer Dissatisfaction,7107.87,Pending
RET-15022,ORD-538286,Defective Product,0.0,Rejected
RET-15023,ORD-538290,Customer Dissatisfaction,43140.34,Approved
RET-15024,ORD-538294,Late Delivery,5761.6,Pending
RET-15025,ORD-538299,Damaged in Transit,32252.89,Approved
RET-15026,ORD-538300,Customer Dissatisfaction,35977.92,Approved
RET-15027,ORD-538302,Defective Product,594.66,Pending
RET-15028,ORD-538313,Defective Product,6056.3,Pending
RET-15029,ORD-538318,Customer Dissatisfaction,1119.98,Approved
RET-15030,ORD-538319,Defective Product,87469.01,Approved
RET-15031,ORD-538322,Size Issue,4009.29,Pending
RET-15032,ORD-538347,Wrong Item,383.95,Pending
RET-15033,ORD-538350,Size Issue,22831.68,Approved
RET-15034,ORD-538355,Damaged in Transit,9174.49,Approved
RET-15035,ORD-538357,Customer Dissatisfaction,157529.65,Approved
RET-15036,ORD-538365,Size Issue,0.0,Rejected
RET-15037,ORD-538381,Wrong Item,1422.21,Approved
RET-15038,ORD-538387,Defective Product,0.0,Rejected
RET-15039,ORD-538392,Damaged in Transit,17634.63,Pending
RET-15040,ORD-538399,Wrong Item,13442.54,Pending
RET-15041,ORD-538408,Size Issue,0.0,Rejected
RET-15042,ORD-538411,Customer Dissatisfaction,61014.7,Approved
RET-15043,ORD-538412,Customer Dissatisfaction,1701.78,Pending
RET-15044,ORD-538416,Size Issue,33023.67,Approved
RET-15045,ORD-538444,Size Issue,63848.12,Approved
RET-15046,ORD-538450,Damaged in Transit,48398.85,Approved
RET-15047,ORD-538472,Size Issue,54063.2,Pending
RET-15048,ORD-538474,Customer Dissatisfaction,212679.84,Pending
RET-15049,ORD-538475,Size Issue,9898.48,Approved
RET-15050,ORD-538483,Late Delivery,155049.25,Approved
RET-15051,ORD-538486,Damaged in Transit,6679.56,Approved
RET-15052,ORD-538489,Size Issue,1904.71,Approved
RET-15053,ORD-538503,Customer Dissatisfaction,7396.27,Approved
RET-15054,ORD-538504,Defective Product,25168.45,Approved
RET-15055,ORD-538512,Wrong Item,1613.84,Approved
RET-15056,ORD-538517,Defective Product,11166.13,Approved
RET-15057,ORD-538521,Late Delivery,17591.48,Approved
RET-15058,ORD-538536,Defective Product,41763.22,Approved
RET-15059,ORD-538538,Late Delivery,3941.54,Approved
RET-15060,ORD-538541,Late Delivery,79646.21,Approved
RET-15061,ORD-538543,Defective Product,54684.12,Approved
RET-15062,ORD-538584,Customer Dissatisfaction,29207.87,Pending
RET-15063,ORD-538587,Size Issue,261895.53,Approved
RET-15064,ORD-538595,Customer Dissatisfaction,18748.75,Approved
RET-15065,ORD-538596,Defective Product,21511.68,Approved
RET-15066,ORD-538603,Customer Dissatisfaction,12350.77,Approved
RET-15067,ORD-538604,Damaged in Transit,27632.44,Approved
RET-15068,ORD-538610,Size Issue,25693.52,Pending
RET-15069,ORD-538613,Damaged in Transit,1312.51,Approved
RET-15070,ORD-538616,Wrong Item,9293.02,Approved
RET-15071,ORD-538636,Wrong Item,89584.63,Approved
RET-15072,ORD-538647,Wrong Item,83684.74,Approved
RET-15073,ORD-538650,Defective Product,18812.73,Approved
RET-15074,ORD-538659,Late Delivery,7522.64,Approved
RET-15075,ORD-538667,Customer Dissatisfaction,3390.91,Approved
RET-15076,ORD-538669,Customer Dissatisfaction,0.0,Rejected
RET-15077,ORD-538674,Late Delivery,4533.1,Pending
RET-15078,ORD-538687,Wrong Item,133722.79,Approved
RET-15079,ORD-538691,Size Issue,47856.69,Pending
RET-15080,ORD-538696,Size Issue,42977.41,Approved
RET-15081,ORD-538698,Wrong Item,2977.96,Approved
RET-15082,ORD-538702,Damaged in Transit,248471.5,Approved
RET-15083,ORD-538715,Size Issue,1651.88,Pending
RET-15084,ORD-538719,,53685.45,Approved
RET-15085,ORD-538722,Damaged in Transit,3479.0,Approved
RET-15086,ORD-538729,Damaged in Transit,2782.7,Approved
RET-15087,ORD-538764,Late Delivery,3100.16,Approved
RET-15088,ORD-538768,Wrong Item,0.0,Rejected
RET-15089,ORD-538783,Late Delivery,12778.65,Approved
RET-15090,ORD-538791,Defective Product,90534.79,Approved
RET-15091,ORD-538794,Size Issue,0.0,Rejected
RET-15092,ORD-538820,Defective Product,32886.08,Approved
RET-15093,ORD-538823,Size Issue,25993.57,Approved
RET-15094,ORD-538827,Late Delivery,1314.97,Approved
RET-15095,ORD-538851,Late Delivery,255821.07,Approved
RET-15096,ORD-538863,Damaged in Transit,19009.56,Approved
RET-15097,ORD-538865,Damaged in Transit,68781.01,Approved
RET-15098,ORD-538876,Wrong Item,46457.87,Approved
RET-15099,ORD-538882,Damaged in Transit,35187.9,Approved
RET-15100,ORD-538883,Late Delivery,7762.87,Approved
RET-15101,ORD-538899,Customer Dissatisfaction,0.0,Rejected
RET-15102,ORD-538904,Late Delivery,36094.25,Approved
RET-15103,ORD-538905,Defective Product,72849.32,Approved
RET-15104,ORD-538906,Wrong Item,32168.9,Approved
RET-15105,ORD-538910,Size Issue,14078.93,Approved
RET-15106,ORD-538921,Defective Product,1460.86,Approved
RET-15107,ORD-538925,Damaged in Transit,7097.79,Pending
RET-15108,ORD-538938,Late Delivery,1099.57,Pending
RET-15109,ORD-538939,Damaged in Transit,89811.29,Approved
RET-15110,ORD-538945,Customer Dissatisfaction,7325.78,Approved
RET-15111,ORD-538948,Damaged in Transit,58287.75,Approved
RET-15112,ORD-538972,Late Delivery,0.0,Rejected
RET-15113,ORD-538999,Late Delivery,35126.59,Approved
RET-15114,ORD-539014,Wrong Item,19051.58,Approved
RET-15115,ORD-539026,Damaged in Transit,20907.45,Approved
RET-15116,ORD-539033,Damaged in Transit,72584.11,Approved
RET-15117,ORD-539034,Late Delivery,6201.25,Approved
RET-15118,ORD-539039,Wrong Item,15178.36,Approved
RET-15119,ORD-539043,Wrong Item,80536.02,Approved
RET-15120,ORD-539046,Damaged in Transit,5519.41,Approved
RET-15121,ORD-539049,Damaged in Transit,162637.11,Approved
RET-15122,ORD-539054,Late Delivery,8857.27,Pending
RET-15123,ORD-539063,Wrong Item,6058.7,Approved
RET-15124,ORD-539064,Defective Product,98875.13,Approved
RET-15125,ORD-539067,Late Delivery,2514.93,Approved
RET-15126,ORD-539074,Customer Dissatisfaction,18140.76,Pending
RET-15127,ORD-539090,Defective Product,2728.58,Approved
RET-15128,ORD-539103,Late Delivery,999.07,Approved
RET-15129,ORD-539120,Late Delivery,2474.58,Approved
RET-15130,ORD-539122,Customer Dissatisfaction,105479.58,Approved
RET-15131,ORD-539125,Defective Product,1446.13,Approved
RET-15132,ORD-539134,,12623.58,Pending
RET-15133,ORD-539136,Customer Dissatisfaction,14034.58,Approved
RET-15134,ORD-539137,Customer Dissatisfaction,225234.39,Approved
RET-15135,ORD-539145,Size Issue,15486.66,Approved
RET-15136,ORD-539149,Size Issue,0.0,Rejected
RET-15137,ORD-539155,Damaged in Transit,0.0,Rejected
RET-15138,ORD-539159,Customer Dissatisfaction,9063.22,Approved
RET-15139,ORD-539160,Damaged in Transit,3934.35,Pending
RET-15140,ORD-539167,Defective Product,6195.06,Approved
RET-15141,ORD-539170,Damaged in Transit,7003.37,Approved
RET-15142,ORD-539177,Wrong Item,0.0,Rejected
RET-15143,ORD-539178,Late Delivery,1154.93,Approved
RET-15144,ORD-539190,Size Issue,11248.06,Pending
RET-15145,ORD-539191,Defective Product,64604.57,Approved
RET-15146,ORD-539192,Damaged in Transit,0.0,Rejected
RET-15147,ORD-539194,Damaged in Transit,580.25,Approved
RET-15148,ORD-539227,Damaged in Transit,37045.49,Pending
RET-15149,ORD-539253,Size Issue,0.0,Rejected
RET-15150,ORD-539254,Defective Product,12317.97,Approved
RET-15151,ORD-539256,Customer Dissatisfaction,0.0,Rejected
RET-15152,ORD-539260,Size Issue,8554.41,Approved
RET-15153,ORD-539261,Damaged in Transit,50650.13,Approved
RET-15154,ORD-539270,Defective Product,56614.39,Approved
RET-15155,ORD-539272,Defective Product,71678.74,Approved
RET-15156,ORD-539276,Late Delivery,66527.06,Approved
RET-15157,ORD-539280,Wrong Item,167858.11,Approved
RET-15158,ORD-539281,Damaged in Transit,124082.42,Approved
RET-15159,ORD-539285,Customer Dissatisfaction,62233.12,Approved
RET-15160,ORD-539291,Wrong Item,0.0,Rejected
RET-15161,ORD-539298,Defective Product,40180.26,Approved
RET-15162,ORD-539317,Damaged in Transit,14879.7,Approved
RET-15163,ORD-539327,Customer Dissatisfaction,9698.55,Approved
RET-15164,ORD-539338,Customer Dissatisfaction,14504.2,Approved
RET-15165,ORD-539354,Customer Dissatisfaction,11002.65,Pending
RET-15166,ORD-539357,Customer Dissatisfaction,2108.1,Approved
RET-15167,ORD-539359,Wrong Item,1264.1,Pending
RET-15168,ORD-539359,Size Issue,0.0,Rejected
RET-15169,ORD-539361,Customer Dissatisfaction,0.0,Rejected
RET-15170,ORD-539372,Late Delivery,136551.91,Approved
RET-15171,ORD-539385,Size Issue,45083.55,Approved
RET-15172,ORD-539388,Late Delivery,41811.08,Approved
RET-15173,ORD-539393,Defective Product,0.0,Rejected
RET-15174,ORD-539402,Size Issue,24708.79,Approved
RET-15175,ORD-539404,Damaged in Transit,119647.99,Approved
RET-15176,ORD-539411,Damaged in Transit,6043.65,Pending
RET-15177,ORD-539421,Damaged in Transit,104154.96,Pending
RET-15178,ORD-539423,Size Issue,84070.64,Approved
RET-15179,ORD-539434,Defective Product,57779.25,Pending
RET-15180,ORD-539447,Wrong Item,43167.83,Pending
RET-15181,ORD-539448,Late Delivery,41470.96,Approved
RET-15182,ORD-539455,Late Delivery,105120.94,Approved
RET-15183,ORD-539456,Size Issue,5015.76,Approved
RET-15184,ORD-539458,Late Delivery,0.0,Rejected
RET-15185,ORD-539461,Customer Dissatisfaction,5904.44,Pending
RET-15186,ORD-539471,Wrong Item,0.0,Rejected
RET-15187,ORD-539476,Damaged in Transit,88969.66,Approved
RET-15188,ORD-539483,Defective Product,13163.4,Approved
RET-15189,ORD-539491,Damaged in Transit,3117.2,Approved
RET-15190,ORD-539492,Damaged in Transit,22732.41,Approved
RET-15191,ORD-539498,Late Delivery,6772.96,Pending
RET-15192,ORD-539502,Size Issue,21839.44,Approved
RET-15193,ORD-539504,Wrong Item,2241.94,Approved
RET-15194,ORD-539505,Damaged in Transit,7362.84,Approved
RET-15195,ORD-539518,Defective Product,206363.57,Approved
RET-15196,ORD-539535,Defective Product,25863.74,Pending
RET-15197,ORD-539544,Size Issue,12700.56,Pending
RET-15198,ORD-539545,Size Issue,1663.63,Approved
RET-15199,ORD-539561,Late Delivery,8293.94,Approved
RET-15200,ORD-539562,Defective Product,236408.18,Approved
RET-15201,ORD-539569,Customer Dissatisfaction,64201.22,Approved
RET-15202,ORD-539570,Damaged in Transit,92033.37,Pending
RET-15203,ORD-539571,Defective Product,31232.2,Pending
RET-15204,ORD-539573,Damaged in Transit,6736.17,Approved
RET-15205,ORD-539585,Wrong Item,22297.39,Pending
RET-15206,ORD-539596,Customer Dissatisfaction,0.0,Rejected
RET-15207,ORD-539597,Damaged in Transit,10821.01,Approved
RET-15208,ORD-539605,Defective Product,49806.25,Pending
RET-15209,ORD-539610,Size Issue,1930.17,Approved
RET-15210,ORD-539611,Size Issue,101397.02,Approved
RET-15211,ORD-539630,Late Delivery,329.47,Approved
RET-15212,ORD-539631,Wrong Item,356.76,Approved
RET-15213,ORD-539633,Customer Dissatisfaction,37769.75,Approved
RET-15214,ORD-539637,Customer Dissatisfaction,12509.94,Approved
RET-15215,ORD-539639,Late Delivery,26960.56,Approved
RET-15216,ORD-539648,Late Delivery,11738.81,Approved
RET-15217,ORD-539667,Damaged in Transit,191563.26,Approved
RET-15218,ORD-539674,Defective Product,53311.11,Approved
RET-15219,ORD-539675,Late Delivery,13046.48,Approved
RET-15220,ORD-539681,Defective Product,3585.07,Pending
RET-15221,ORD-539692,Customer Dissatisfaction,29284.19,Approved
RET-15222,ORD-539693,Wrong Item,70449.33,Pending
RET-15223,ORD-539694,Size Issue,10074.74,Pending
RET-15224,ORD-539698,Wrong Item,2842.43,Approved
RET-15225,ORD-539700,Damaged in Transit,14601.04,Approved
RET-15226,ORD-539705,Customer Dissatisfaction,9480.09,Pending
RET-15227,ORD-539706,Customer Dissatisfaction,6247.58,Pending
RET-15228,ORD-539711,Wrong Item,67475.72,Approved
RET-15229,ORD-539718,Customer Dissatisfaction,0.0,Rejected
RET-15230,ORD-539721,Defective Product,0.0,Rejected
RET-15231,ORD-539733,Wrong Item,53962.58,Approved
RET-15232,ORD-539739,Wrong Item,64289.8,Pending
RET-15233,ORD-539746,Late Delivery,0.0,Rejected
RET-15234,ORD-539767,Damaged in Transit,11043.91,Approved
RET-15235,ORD-539769,Size Issue,198283.5,Approved
RET-15236,ORD-539781,Customer Dissatisfaction,34795.43,Approved
RET-15237,ORD-539784,Damaged in Transit,4536.36,Pending
RET-15238,ORD-539788,Defective Product,234771.06,Approved
RET-15239,ORD-539791,Wrong Item,13608.11,Approved
RET-15240,ORD-539810,Wrong Item,0.0,Rejected
RET-15241,ORD-539814,Damaged in Transit,55750.48,Approved
RET-15242,ORD-539825,Defective Product,21380.78,Approved
RET-15243,ORD-539835,Customer Dissatisfaction,3305.59,Approved
RET-15244,ORD-539841,Wrong Item,692.57,Approved
RET-15245,ORD-539842,Wrong Item,75969.84,Approved
RET-15246,ORD-539844,Wrong Item,184589.79,Approved
RET-15247,ORD-539858,Wrong Item,271201.57,Approved
RET-15248,ORD-539861,Defective Product,11831.83,Approved
RET-15249,ORD-539869,Customer Dissatisfaction,100217.55,Pending
RET-15250,ORD-539870,Size Issue,49698.32,Approved
RET-15251,ORD-539880,Size Issue,0.0,Rejected
RET-15252,ORD-539883,Damaged in Transit,2147.03,Approved
RET-15253,ORD-539926,Size Issue,103714.88,Approved
RET-15254,ORD-539967,Late Delivery,54758.14,Approved
RET-15255,ORD-539968,Defective Product,6417.48,Approved
RET-15256,ORD-539981,Defective Product,31981.91,Approved
RET-15257,ORD-539988,Customer Dissatisfaction,53159.49,Approved
RET-15258,ORD-540002,Wrong Item,19874.18,Approved
RET-15259,ORD-540005,Late Delivery,82437.12,Approved
RET-15260,ORD-540019,Customer Dissatisfaction,6361.82,Approved
RET-15261,ORD-540020,Customer Dissatisfaction,1678.64,Approved
RET-15262,ORD-540035,Damaged in Transit,164996.67,Approved
RET-15263,ORD-540051,Customer Dissatisfaction,21381.61,Approved
RET-15264,ORD-540063,Customer Dissatisfaction,5602.71,Approved
RET-15265,ORD-540065,Damaged in Transit,112656.08,Approved
RET-15266,ORD-540071,Defective Product,50855.11,Approved
RET-15267,ORD-540073,Wrong Item,34702.7,Approved
RET-15268,ORD-540081,Defective Product,472.67,Pending
RET-15269,ORD-540082,Customer Dissatisfaction,5472.18,Approved
RET-15270,ORD-540089,Wrong Item,7761.24,Approved
RET-15271,ORD-540091,Defective Product,6077.5,Approved
RET-15272,ORD-540093,Late Delivery,36920.84,Approved
RET-15273,ORD-540103,Late Delivery,9621.83,Pending
RET-15274,ORD-540111,Defective Product,0.0,Rejected
RET-15275,ORD-540115,Size Issue,18799.96,Approved
RET-15276,ORD-540116,Customer Dissatisfaction,65689.25,Approved
RET-15277,ORD-540119,Wrong Item,57345.16,Approved
RET-15278,ORD-540121,Late Delivery,0.0,Rejected
RET-15279,ORD-540130,Damaged in Transit,0.0,Rejected
RET-15280,ORD-540131,Wrong Item,56466.21,Approved
RET-15281,ORD-540132,Damaged in Transit,0.0,Rejected
RET-15282,ORD-540139,Defective Product,0.0,Rejected
RET-15283,ORD-540145,Wrong Item,5317.04,Approved
RET-15284,ORD-540157,Defective Product,15357.74,Pending
RET-15285,ORD-540159,Size Issue,36408.6,Approved
RET-15286,ORD-540161,Wrong Item,671.93,Approved
RET-15287,ORD-540168,Customer Dissatisfaction,8875.01,Approved
RET-15288,ORD-540191,Late Delivery,45118.72,Approved
RET-15289,ORD-540193,Wrong Item,144702.29,Approved
RET-15290,ORD-540200,Size Issue,126269.03,Approved
RET-15291,ORD-540206,Wrong Item,21161.65,Approved
RET-15292,ORD-540212,Damaged in Transit,6122.68,Approved
RET-15293,ORD-540220,Damaged in Transit,0.0,Rejected
RET-15294,ORD-540223,Size Issue,518.2,Pending
RET-15295,ORD-540226,Size Issue,1195.14,Pending
RET-15296,ORD-540233,Size Issue,45616.42,Approved
RET-15297,ORD-540244,Late Delivery,0.0,Rejected
RET-15298,ORD-540249,Customer Dissatisfaction,33669.52,Pending
RET-15299,ORD-540250,Late Delivery,25501.15,Approved
RET-15300,ORD-540256,Damaged in Transit,6421.94,Approved
RET-15301,ORD-540266,Size Issue,12226.89,Approved
RET-15302,ORD-540269,Damaged in Transit,23532.1,Approved
RET-15303,ORD-540289,Size Issue,3267.16,Approved
RET-15304,ORD-540289,Damaged in Transit,2795.04,Approved
RET-15305,ORD-540290,Damaged in Transit,4761.09,Pending
RET-15306,ORD-540302,Defective Product,31822.89,Approved
RET-15307,ORD-540325,Wrong Item,6818.93,Pending
RET-15308,ORD-540331,Damaged in Transit,24807.4,Approved
RET-15309,ORD-540336,Wrong Item,9878.58,Pending
RET-15310,ORD-540345,Wrong Item,15562.12,Approved
RET-15311,ORD-540364,Wrong Item,101786.33,Approved
RET-15312,ORD-540380,Defective Product,0.0,Rejected
RET-15313,ORD-540386,Wrong Item,3130.65,Approved
RET-15314,ORD-540412,Damaged in Transit,0.0,Rejected
RET-15315,ORD-540418,Late Delivery,3549.52,Approved
RET-15316,ORD-540420,Wrong Item,115272.27,Approved
RET-15317,ORD-540432,Customer Dissatisfaction,28473.79,Approved
RET-15318,ORD-540460,Defective Product,27135.69,Approved
RET-15319,ORD-540477,Size Issue,15366.29,Pending
RET-15320,ORD-540497,Customer Dissatisfaction,2442.86,Pending
RET-15321,ORD-540506,Wrong Item,93587.3,Approved
RET-15322,ORD-540519,Damaged in Transit,28332.85,Pending
RET-15323,ORD-540521,Customer Dissatisfaction,10338.22,Pending
RET-15324,ORD-540533,Defective Product,0.0,Rejected
RET-15325,ORD-540537,Damaged in Transit,149617.25,Approved
RET-15326,ORD-540539,Wrong Item,25335.46,Approved
RET-15327,ORD-540549,Customer Dissatisfaction,15072.84,Approved
RET-15328,ORD-540552,Late Delivery,25343.17,Approved
RET-15329,ORD-540554,Late Delivery,27863.73,Approved
RET-15330,ORD-540584,Late Delivery,80693.43,Approved
RET-15331,ORD-540587,Defective Product,35464.72,Approved
RET-15332,ORD-540589,Late Delivery,79214.12,Approved
RET-15333,ORD-540591,Late Delivery,0.0,Rejected
RET-15334,ORD-540613,Size Issue,3105.19,Approved
RET-15335,ORD-540626,Customer Dissatisfaction,15195.35,Approved
RET-15336,ORD-540627,Wrong Item,97039.77,Approved
RET-15337,ORD-540630,Wrong Item,45890.28,Approved
RET-15338,ORD-540632,Wrong Item,6032.72,Approved
RET-15339,ORD-540644,Defective Product,0.0,Rejected
RET-15340,ORD-540646,Late Delivery,0.0,Rejected
RET-15341,ORD-540647,Wrong Item,0.0,Rejected
RET-15342,ORD-540648,Customer Dissatisfaction,2747.8,Approved
RET-15343,ORD-540658,Size Issue,57941.62,Approved
RET-15344,ORD-540659,Customer Dissatisfaction,82415.34,Approved
RET-15345,ORD-540673,Late Delivery,29776.58,Approved
RET-15346,ORD-540676,Late Delivery,12990.11,Approved
RET-15347,ORD-540681,Defective Product,5890.79,Approved
RET-15348,ORD-540686,Damaged in Transit,18472.44,Approved
RET-15349,ORD-540695,Defective Product,28986.47,Approved
RET-15350,ORD-540708,Size Issue,24649.8,Approved
RET-15351,ORD-540709,Customer Dissatisfaction,66319.01,Approved
RET-15352,ORD-540715,Customer Dissatisfaction,2751.21,Pending
RET-15353,ORD-540718,Wrong Item,2628.39,Approved
RET-15354,ORD-540720,Late Delivery,76695.3,Approved
RET-15355,ORD-540741,Wrong Item,0.0,Rejected
RET-15356,ORD-540745,Late Delivery,0.0,Rejected
RET-15357,ORD-540769,Wrong Item,11854.93,Approved
RET-15358,ORD-540770,Customer Dissatisfaction,13269.17,Approved
RET-15359,ORD-540777,Late Delivery,4723.25,Approved
RET-15360,ORD-540785,Wrong Item,12131.99,Approved
RET-15361,ORD-540786,Wrong Item,21837.84,Approved
RET-15362,ORD-540790,Size Issue,15183.17,Pending
RET-15363,ORD-540811,Size Issue,168957.3,Approved
RET-15364,ORD-540812,Defective Product,0.0,Rejected
RET-15365,ORD-540816,Size Issue,7334.14,Approved
RET-15366,ORD-540825,Damaged in Transit,144330.99,Approved
RET-15367,ORD-540832,Damaged in Transit,53065.66,Approved
RET-15368,ORD-540854,Customer Dissatisfaction,35724.27,Approved
RET-15369,ORD-540856,Wrong Item,41693.43,Approved
RET-15370,ORD-540864,Customer Dissatisfaction,93470.53,Approved
RET-15371,ORD-540865,Customer Dissatisfaction,75204.79,Pending
RET-15372,ORD-540870,Wrong Item,16377.15,Pending
RET-15373,ORD-540883,Size Issue,36226.98,Approved
RET-15374,ORD-540888,Defective Product,110429.65,Pending
RET-15375,ORD-540903,Customer Dissatisfaction,99040.68,Pending
RET-15376,ORD-540909,Customer Dissatisfaction,8475.18,Pending
RET-15377,ORD-540913,Defective Product,7259.18,Approved
RET-15378,ORD-540922,Defective Product,27965.43,Approved
RET-15379,ORD-540925,Defective Product,1689.32,Approved
RET-15380,ORD-540928,Late Delivery,59302.54,Approved
RET-15381,ORD-540930,Wrong Item,115746.56,Approved
RET-15382,ORD-540942,Customer Dissatisfaction,154695.91,Approved
RET-15383,ORD-540943,Wrong Item,228958.53,Approved
RET-15384,ORD-540952,Customer Dissatisfaction,39713.73,Approved
RET-15385,ORD-540954,Damaged in Transit,70661.71,Approved
RET-15386,ORD-540957,Wrong Item,16124.31,Approved
RET-15387,ORD-540972,Damaged in Transit,2420.22,Approved
RET-15388,ORD-540975,Customer Dissatisfaction,18959.08,Approved
RET-15389,ORD-540978,Late Delivery,1624.96,Approved
RET-15390,ORD-540979,Damaged in Transit,10122.27,Approved
RET-15391,ORD-540983,Size Issue,108259.27,Approved
RET-15392,ORD-540999,Late Delivery,0.0,Rejected
RET-15393,ORD-541006,Wrong Item,7207.48,Pending
RET-15394,ORD-541011,Customer Dissatisfaction,239822.83,Approved
RET-15395,ORD-541013,Wrong Item,3622.48,Pending
RET-15396,ORD-541018,Late Delivery,4280.6,Approved
RET-15397,ORD-541025,Late Delivery,9814.8,Approved
RET-15398,ORD-541061,Defective Product,4378.74,Pending
RET-15399,ORD-541062,Customer Dissatisfaction,15598.5,Approved
RET-15400,ORD-541069,Late Delivery,15697.32,Approved
RET-15401,ORD-541074,Wrong Item,117681.97,Approved
RET-15402,ORD-541078,Defective Product,3324.23,Approved
RET-15403,ORD-541087,Damaged in Transit,1269.62,Approved
RET-15404,ORD-541097,Defective Product,41050.3,Approved
RET-15405,ORD-541099,Damaged in Transit,26234.26,Approved
RET-15406,ORD-541138,Late Delivery,1570.05,Approved
RET-15407,ORD-541151,Defective Product,1208.62,Approved
RET-15408,ORD-541152,Damaged in Transit,11918.05,Approved
RET-15409,ORD-541164,Wrong Item,84303.79,Approved
RET-15410,ORD-541198,Size Issue,10929.07,Approved
RET-15411,ORD-541199,Wrong Item,6589.68,Approved
RET-15412,ORD-541206,Wrong Item,12968.08,Approved
RET-15413,ORD-541215,Defective Product,1729.17,Approved
RET-15414,ORD-541219,Defective Product,3921.09,Approved
RET-15415,ORD-541220,Damaged in Transit,755.19,Pending
RET-15416,ORD-541237,Defective Product,103784.39,Approved
RET-15417,ORD-541253,Damaged in Transit,0.0,Rejected
RET-15418,ORD-541254,Wrong Item,25723.5,Approved
RET-15419,ORD-541255,Late Delivery,9584.24,Approved
RET-15420,ORD-541261,Damaged in Transit,0.0,Rejected
RET-15421,ORD-541266,Late Delivery,24246.63,Approved
RET-15422,ORD-541270,Damaged in Transit,210198.95,Approved
RET-15423,ORD-541277,Defective Product,3646.61,Approved
RET-15424,ORD-541279,Size Issue,3689.18,Approved
RET-15425,ORD-541282,Customer Dissatisfaction,122790.39,Approved
RET-15426,ORD-541286,Damaged in Transit,616.54,Approved
RET-15427,ORD-541290,Size Issue,369.71,Approved
RET-15428,ORD-541293,Damaged in Transit,1274.8,Approved
RET-15429,ORD-541296,Size Issue,63835.9,Approved
RET-15430,ORD-541298,Customer Dissatisfaction,56176.34,Approved
RET-15431,ORD-541311,Late Delivery,16113.87,Approved
RET-15432,ORD-541325,Defective Product,40439.88,Approved
RET-15433,ORD-541331,Wrong Item,0.0,Rejected
RET-15434,ORD-541332,Size Issue,14889.21,Approved
RET-15435,ORD-541343,Customer Dissatisfaction,194183.28,Approved
RET-15436,ORD-541351,Customer Dissatisfaction,2347.87,Approved
RET-15437,ORD-541353,Damaged in Transit,14370.46,Approved
RET-15438,ORD-541362,Late Delivery,4250.27,Pending
RET-15439,ORD-541363,Wrong Item,19846.39,Approved
RET-15440,ORD-541364,Wrong Item,40835.06,Pending
RET-15441,ORD-541374,Customer Dissatisfaction,8585.33,Approved
RET-15442,ORD-541388,Damaged in Transit,616.99,Approved
RET-15443,ORD-541393,Wrong Item,31083.09,Approved
RET-15444,ORD-541400,Defective Product,80505.33,Approved
RET-15445,ORD-541412,Customer Dissatisfaction,1227.15,Pending
RET-15446,ORD-541421,Wrong Item,667.15,Pending
RET-15447,ORD-541424,Defective Product,19344.23,Pending
RET-15448,ORD-541427,Defective Product,2759.95,Approved
RET-15449,ORD-541435,Late Delivery,3991.0,Approved
RET-15450,ORD-541441,Customer Dissatisfaction,28716.25,Approved
RET-15451,ORD-541448,Customer Dissatisfaction,0.0,Rejected
RET-15452,ORD-541453,Damaged in Transit,29231.69,Approved
RET-15453,ORD-541482,Damaged in Transit,1925.52,Approved
RET-15454,ORD-541484,Customer Dissatisfaction,146924.76,Pending
RET-15455,ORD-541485,Damaged in Transit,7684.63,Approved
RET-15456,ORD-541499,Defective Product,41894.47,Pending
RET-15457,ORD-541503,,1543.66,Approved
RET-15458,ORD-541507,Size Issue,24121.08,Pending
RET-15459,ORD-541511,Late Delivery,13938.83,Approved
RET-15460,ORD-541513,Damaged in Transit,0.0,Rejected
RET-15461,ORD-541533,Damaged in Transit,104117.53,Approved
RET-15462,ORD-541554,Wrong Item,36421.71,Pending
RET-15463,ORD-541557,Customer Dissatisfaction,40094.74,Approved
RET-15464,ORD-541574,Damaged in Transit,15133.26,Approved
RET-15465,ORD-541575,Late Delivery,5131.56,Approved
RET-15466,ORD-541577,Customer Dissatisfaction,39277.84,Approved
RET-15467,ORD-541599,Defective Product,34139.38,Approved
RET-15468,ORD-541611,Wrong Item,23649.54,Approved
RET-15469,ORD-541618,Defective Product,26099.17,Pending
RET-15470,ORD-541622,Size Issue,9632.36,Pending
RET-15471,ORD-541626,Late Delivery,0.0,Rejected
RET-15472,ORD-541635,Wrong Item,4050.97,Pending
RET-15473,ORD-541651,Wrong Item,30946.65,Approved
RET-15474,ORD-541673,Wrong Item,9216.31,Approved
RET-15475,ORD-541675,Customer Dissatisfaction,145707.72,Approved
RET-15476,ORD-541676,Wrong Item,5774.86,Approved
RET-15477,ORD-541691,Size Issue,100063.44,Approved
RET-15478,ORD-541694,Late Delivery,0.0,Rejected
RET-15479,ORD-541695,Size Issue,28682.7,Approved
RET-15480,ORD-541705,Defective Product,2847.53,Pending
RET-15481,ORD-541707,Late Delivery,28373.51,Approved
RET-15482,ORD-541712,Late Delivery,115196.22,Approved
RET-15483,ORD-541742,Customer Dissatisfaction,10302.63,Pending
RET-15484,ORD-541761,Customer Dissatisfaction,13708.01,Approved
RET-15485,ORD-541764,Customer Dissatisfaction,34144.51,Approved
RET-15486,ORD-541782,Damaged in Transit,13474.45,Approved
RET-15487,ORD-541793,Wrong Item,34195.47,Approved
RET-15488,ORD-541804,Late Delivery,32611.32,Pending
RET-15489,ORD-541807,Size Issue,28415.09,Approved
RET-15490,ORD-541816,Damaged in Transit,35266.46,Approved
RET-15491,ORD-541819,Size Issue,59333.37,Approved
RET-15492,ORD-541831,Late Delivery,7728.98,Approved
RET-15493,ORD-541869,Damaged in Transit,15569.49,Approved
RET-15494,ORD-541870,Customer Dissatisfaction,22469.32,Approved
RET-15495,ORD-541871,Defective Product,128818.88,Approved
RET-15496,ORD-541876,Wrong Item,9212.41,Approved
RET-15497,ORD-541878,Late Delivery,165806.83,Approved
RET-15498,ORD-541885,Late Delivery,21976.62,Approved
RET-15499,ORD-541886,Customer Dissatisfaction,172043.62,Approved
RET-15500,ORD-541902,Late Delivery,3356.31,Approved
RET-15501,ORD-541904,Damaged in Transit,30668.92,Approved
RET-15502,ORD-541910,Size Issue,174489.46,Approved
RET-15503,ORD-541915,Customer Dissatisfaction,10084.9,Approved
RET-15504,ORD-541917,Customer Dissatisfaction,1538.36,Approved
RET-15505,ORD-541923,Customer Dissatisfaction,7814.09,Approved
RET-15506,ORD-541928,Late Delivery,129483.09,Approved
RET-15507,ORD-541937,Size Issue,15876.01,Pending
RET-15508,ORD-541947,Defective Product,35075.62,Approved
RET-15509,ORD-541958,Damaged in Transit,0.0,Rejected
RET-15510,ORD-541960,Customer Dissatisfaction,0.0,Rejected
RET-15511,ORD-541963,Late Delivery,7652.96,Approved
RET-15512,ORD-541967,Customer Dissatisfaction,452.33,Approved
RET-15513,ORD-541975,Wrong Item,1957.24,Approved
RET-15514,ORD-541976,Late Delivery,3254.74,Pending
RET-15515,ORD-541990,Damaged in Transit,71553.69,Approved
RET-15516,ORD-541993,Customer Dissatisfaction,38339.42,Approved
RET-15517,ORD-541994,Customer Dissatisfaction,4641.32,Approved
RET-15518,ORD-541997,Defective Product,24163.71,Pending
RET-15519,ORD-542018,Late Delivery,7959.6,Pending
RET-15520,ORD-542028,Late Delivery,1093.57,Pending
RET-15521,ORD-542031,Defective Product,6445.6,Approved
RET-15522,ORD-542033,Customer Dissatisfaction,2488.62,Approved
RET-15523,ORD-542035,Wrong Item,0.0,Rejected
RET-15524,ORD-542038,Wrong Item,29568.91,Approved
RET-15525,ORD-542043,Defective Product,104165.24,Approved
RET-15526,ORD-542055,Late Delivery,18102.78,Approved
RET-15527,ORD-542066,Late Delivery,12680.68,Approved
RET-15528,ORD-542072,Size Issue,38539.78,Approved
RET-15529,ORD-542093,Size Issue,22933.09,Pending
RET-15530,ORD-542095,Damaged in Transit,13597.48,Approved
RET-15531,ORD-542101,Damaged in Transit,7811.53,Approved
RET-15532,ORD-542105,Defective Product,44977.53,Approved
RET-15533,ORD-542107,Customer Dissatisfaction,3923.86,Approved
RET-15534,ORD-542115,Size Issue,0.0,Rejected
RET-15535,ORD-542123,Wrong Item,306229.06,Approved
RET-15536,ORD-542129,,0.0,Rejected
RET-15537,ORD-542135,Size Issue,0.0,Rejected
RET-15538,ORD-542145,Customer Dissatisfaction,0.0,Rejected
RET-15539,ORD-542158,Size Issue,12344.78,Approved
RET-15540,ORD-542167,Size Issue,5888.66,Approved
RET-15541,ORD-542168,Customer Dissatisfaction,6616.43,Approved
RET-15542,ORD-542170,Size Issue,0.0,Rejected
RET-15543,ORD-542175,Customer Dissatisfaction,0.0,Rejected
RET-15544,ORD-542194,Defective Product,65147.1,Approved
RET-15545,ORD-542198,Wrong Item,877.65,Approved
RET-15546,ORD-542199,Wrong Item,5036.99,Pending
RET-15547,ORD-542208,Size Issue,5809.02,Approved
RET-15548,ORD-542212,Size Issue,33046.61,Approved
RET-15549,ORD-542226,,66478.74,Approved
RET-15550,ORD-542245,Damaged in Transit,1347.72,Approved
RET-15551,ORD-542249,Wrong Item,20222.29,Approved
RET-15552,ORD-542259,Wrong Item,3771.41,Approved
RET-15553,ORD-542265,Customer Dissatisfaction,27538.2,Approved
RET-15554,ORD-542267,Customer Dissatisfaction,25489.43,Approved
RET-15555,ORD-542272,Wrong Item,8014.0,Pending
RET-15556,ORD-542275,Late Delivery,33130.95,Pending
RET-15557,ORD-542280,Damaged in Transit,4024.11,Pending
RET-15558,ORD-542282,Late Delivery,275889.16,Approved
RET-15559,ORD-542286,Size Issue,18098.51,Approved
RET-15560,ORD-542313,Defective Product,2870.89,Approved
RET-15561,ORD-542317,Size Issue,5918.84,Approved
RET-15562,ORD-542323,Late Delivery,15666.45,Approved
RET-15563,ORD-542326,Wrong Item,120588.31,Approved
RET-15564,ORD-542330,Damaged in Transit,102578.39,Approved
RET-15565,ORD-542333,Size Issue,84595.04,Approved
RET-15566,ORD-542337,Wrong Item,17602.41,Approved
RET-15567,ORD-542343,Size Issue,37225.0,Approved
RET-15568,ORD-542344,Wrong Item,54820.45,Approved
RET-15569,ORD-542352,Wrong Item,39735.73,Approved
RET-15570,ORD-542353,Customer Dissatisfaction,509.05,Pending
RET-15571,ORD-542354,Size Issue,507.95,Approved
RET-15572,ORD-542362,Late Delivery,58259.87,Approved
RET-15573,ORD-542368,Defective Product,25469.67,Approved
RET-15574,ORD-542373,Late Delivery,29343.86,Approved
RET-15575,ORD-542381,Customer Dissatisfaction,3869.82,Approved
RET-15576,ORD-542393,Defective Product,0.0,Rejected
RET-15577,ORD-542400,Damaged in Transit,2003.08,Approved
RET-15578,ORD-542413,Customer Dissatisfaction,165002.5,Approved
RET-15579,ORD-542431,Wrong Item,63216.06,Approved
RET-15580,ORD-542435,Size Issue,15463.21,Pending
RET-15581,ORD-542440,Defective Product,3776.86,Approved
RET-15582,ORD-542445,Size Issue,31511.4,Approved
RET-15583,ORD-542457,Defective Product,6738.43,Approved
RET-15584,ORD-542466,Wrong Item,4208.7,Approved
RET-15585,ORD-542473,Customer Dissatisfaction,19708.3,Approved
RET-15586,ORD-542477,Damaged in Transit,15028.32,Pending
RET-15587,ORD-542481,Defective Product,406857.28,Approved
RET-15588,ORD-542482,Defective Product,0.0,Rejected
RET-15589,ORD-542499,Size Issue,8462.41,Approved
RET-15590,ORD-542510,Damaged in Transit,6743.18,Pending
RET-15591,ORD-542533,Late Delivery,4599.46,Approved
RET-15592,ORD-542538,Late Delivery,7080.35,Approved
RET-15593,ORD-542539,Damaged in Transit,607.8,Approved
RET-15594,ORD-542546,Late Delivery,0.0,Rejected
RET-15595,ORD-542549,Damaged in Transit,205709.49,Approved
RET-15596,ORD-542550,Size Issue,1478.15,Approved
RET-15597,ORD-542553,Late Delivery,3476.72,Approved
RET-15598,ORD-542554,Wrong Item,9252.12,Approved
RET-15599,ORD-542556,Damaged in Transit,135541.75,Approved
RET-15600,ORD-542557,Customer Dissatisfaction,13844.35,Approved
RET-15601,ORD-542562,Damaged in Transit,776.67,Approved
RET-15602,ORD-542566,Wrong Item,31087.65,Pending
RET-15603,ORD-542567,Late Delivery,253703.17,Approved
RET-15604,ORD-542573,Late Delivery,9532.77,Pending
RET-15605,ORD-542576,Damaged in Transit,1731.5,Pending
RET-15606,ORD-542577,Damaged in Transit,20582.78,Approved
RET-15607,ORD-542591,Late Delivery,8638.08,Approved
RET-15608,ORD-542595,Late Delivery,20972.89,Approved
RET-15609,ORD-542608,Defective Product,884.01,Approved
RET-15610,ORD-542620,Customer Dissatisfaction,474.35,Pending
RET-15611,ORD-542621,Late Delivery,370447.53,Approved
RET-15612,ORD-542624,Size Issue,12428.18,Pending
RET-15613,ORD-542625,Size Issue,4747.97,Approved
RET-15614,ORD-542640,Late Delivery,0.0,Rejected
RET-15615,ORD-542650,Customer Dissatisfaction,0.0,Rejected
RET-15616,ORD-542657,,0.0,Rejected
RET-15617,ORD-542664,Customer Dissatisfaction,9658.98,Approved
RET-15618,ORD-542674,Wrong Item,61984.01,Approved
RET-15619,ORD-542680,Defective Product,1991.67,Approved
RET-15620,ORD-542681,Defective Product,156015.42,Approved
RET-15621,ORD-542682,Customer Dissatisfaction,0.0,Rejected
RET-15622,ORD-542683,Size Issue,1184.94,Approved
RET-15623,ORD-542684,Wrong Item,0.0,Rejected
RET-15624,ORD-542698,Customer Dissatisfaction,47573.51,Approved
RET-15625,ORD-542711,Wrong Item,19787.85,Pending
RET-15626,ORD-542720,Size Issue,14306.29,Pending
RET-15627,ORD-542729,Wrong Item,1756.62,Approved
RET-15628,ORD-542730,Wrong Item,15660.47,Approved
RET-15629,ORD-542734,Wrong Item,1094.36,Pending
RET-15630,ORD-542745,Size Issue,87753.9,Pending
RET-15631,ORD-542748,Customer Dissatisfaction,7017.32,Approved
RET-15632,ORD-542754,Customer Dissatisfaction,2634.26,Pending
RET-15633,ORD-542759,Customer Dissatisfaction,36238.44,Approved
RET-15634,ORD-542776,Damaged in Transit,55756.78,Approved
RET-15635,ORD-542780,Customer Dissatisfaction,50673.75,Approved
RET-15636,ORD-542782,Late Delivery,0.0,Rejected
RET-15637,ORD-542800,Defective Product,24179.33,Approved
RET-15638,ORD-542806,Damaged in Transit,9177.61,Pending
RET-15639,ORD-542812,Size Issue,3943.95,Approved
RET-15640,ORD-542817,Customer Dissatisfaction,45826.59,Approved
RET-15641,ORD-542826,Wrong Item,41141.53,Approved
RET-15642,ORD-542831,Wrong Item,23594.1,Approved
RET-15643,ORD-542846,Late Delivery,18624.66,Approved
RET-15644,ORD-542850,Damaged in Transit,253040.71,Approved
RET-15645,ORD-542855,Wrong Item,2793.87,Approved
RET-15646,ORD-542867,Defective Product,11061.0,Approved
RET-15647,ORD-542874,Size Issue,0.0,Rejected
RET-15648,ORD-542877,Size Issue,3582.0,Approved
RET-15649,ORD-542887,Customer Dissatisfaction,45733.25,Approved
RET-15650,ORD-542893,Damaged in Transit,201324.66,Approved
RET-15651,ORD-542929,Customer Dissatisfaction,7662.5,Approved
RET-15652,ORD-542934,Defective Product,2349.54,Approved
RET-15653,ORD-542936,Size Issue,58735.54,Approved
RET-15654,ORD-542943,Late Delivery,72594.28,Approved
RET-15655,ORD-542948,Wrong Item,5962.98,Pending
RET-15656,ORD-542950,Size Issue,15285.71,Approved
RET-15657,ORD-542952,Customer Dissatisfaction,0.0,Rejected
RET-15658,ORD-542958,Wrong Item,37467.07,Pending
RET-15659,ORD-542961,Customer Dissatisfaction,8989.22,Approved
RET-15660,ORD-542964,Size Issue,18526.42,Approved
RET-15661,ORD-542978,Late Delivery,9350.03,Pending
RET-15662,ORD-542979,Customer Dissatisfaction,27173.43,Approved
RET-15663,ORD-542980,Late Delivery,97036.29,Approved
RET-15664,ORD-542983,Defective Product,241034.76,Approved
RET-15665,ORD-543002,Defective Product,0.0,Rejected
RET-15666,ORD-543010,Damaged in Transit,72055.15,Approved
RET-15667,ORD-543013,Damaged in Transit,3515.02,Pending
RET-15668,ORD-543014,Customer Dissatisfaction,11884.23,Approved
RET-15669,ORD-543015,Wrong Item,45672.0,Approved
RET-15670,ORD-543016,Late Delivery,51792.03,Approved
RET-15671,ORD-543023,Customer Dissatisfaction,12149.85,Approved
RET-15672,ORD-543033,Late Delivery,0.0,Rejected
RET-15673,ORD-543046,Damaged in Transit,24302.83,Pending
RET-15674,ORD-543047,Late Delivery,5416.3,Approved
RET-15675,ORD-543051,Damaged in Transit,81806.04,Approved
RET-15676,ORD-543060,Wrong Item,158848.52,Approved
RET-15677,ORD-543070,Late Delivery,6868.61,Pending
RET-15678,ORD-543075,Defective Product,25399.75,Approved
RET-15679,ORD-543080,Customer Dissatisfaction,3338.7,Approved
RET-15680,ORD-543090,Defective Product,0.0,Rejected
RET-15681,ORD-543096,Damaged in Transit,6050.8,Approved
RET-15682,ORD-543107,Size Issue,0.0,Rejected
RET-15683,ORD-543131,Damaged in Transit,4292.49,Pending
RET-15684,ORD-543133,Damaged in Transit,8395.64,Approved
RET-15685,ORD-543138,Size Issue,49404.59,Approved
RET-15686,ORD-543146,Late Delivery,45114.44,Approved
RET-15687,ORD-543158,Late Delivery,14127.65,Approved
RET-15688,ORD-543171,Damaged in Transit,122700.09,Approved
RET-15689,ORD-543180,Customer Dissatisfaction,10378.33,Approved
RET-15690,ORD-543190,Size Issue,20220.63,Approved
RET-15691,ORD-543201,Customer Dissatisfaction,24300.83,Approved
RET-15692,ORD-543222,Late Delivery,2998.3,Pending
RET-15693,ORD-543233,Damaged in Transit,6184.36,Approved
RET-15694,ORD-543244,Defective Product,1404.75,Approved
RET-15695,ORD-543254,Customer Dissatisfaction,118871.4,Approved
RET-15696,ORD-543265,Damaged in Transit,57094.98,Approved
RET-15697,ORD-543269,Defective Product,19614.93,Approved
RET-15698,ORD-543283,Size Issue,25433.2,Approved
RET-15699,ORD-543286,Size Issue,9142.44,Approved
RET-15700,ORD-543292,Wrong Item,17121.47,Approved
RET-15701,ORD-543295,Damaged in Transit,0.0,Rejected
RET-15702,ORD-543309,Wrong Item,31336.48,Pending
RET-15703,ORD-543312,Customer Dissatisfaction,1202.01,Approved
RET-15704,ORD-543322,Customer Dissatisfaction,17285.01,Approved
RET-15705,ORD-543323,Damaged in Transit,663.55,Approved
RET-15706,ORD-543327,Customer Dissatisfaction,2254.83,Approved
RET-15707,ORD-543349,Damaged in Transit,7186.84,Pending
RET-15708,ORD-543353,Damaged in Transit,77614.29,Approved
RET-15709,ORD-543356,Damaged in Transit,15477.72,Approved
RET-15710,ORD-543365,Wrong Item,12963.28,Approved
RET-15711,ORD-543370,Wrong Item,21424.38,Approved
RET-15712,ORD-543371,Late Delivery,147489.78,Approved
RET-15713,ORD-543373,,59810.1,Approved
RET-15714,ORD-543375,Size Issue,136.03,Approved
RET-15715,ORD-543381,Damaged in Transit,617.64,Approved
RET-15716,ORD-543384,Size Issue,23159.45,Approved
RET-15717,ORD-543386,Wrong Item,33509.42,Approved
RET-15718,ORD-543393,Damaged in Transit,0.0,Rejected
RET-15719,ORD-543403,Customer Dissatisfaction,14691.38,Approved
RET-15720,ORD-543412,Size Issue,20314.59,Approved
RET-15721,ORD-543420,Damaged in Transit,9066.27,Approved
RET-15722,ORD-543428,Size Issue,0.0,Rejected
RET-15723,ORD-543431,Defective Product,1059.03,Approved
RET-15724,ORD-543432,Size Issue,4794.31,Pending
RET-15725,ORD-543444,Size Issue,22800.49,Approved
RET-15726,ORD-543447,Size Issue,18974.72,Approved
RET-15727,ORD-543451,Defective Product,21076.68,Approved
RET-15728,ORD-543455,Late Delivery,6412.76,Approved
RET-15729,ORD-543456,Late Delivery,230002.91,Approved
RET-15730,ORD-543458,Size Issue,125327.22,Approved
RET-15731,ORD-543459,Defective Product,83319.81,Approved
RET-15732,ORD-543462,Damaged in Transit,0.0,Rejected
RET-15733,ORD-543463,Defective Product,70565.83,Approved
RET-15734,ORD-543466,Customer Dissatisfaction,9874.49,Approved
RET-15735,ORD-543471,Customer Dissatisfaction,59514.01,Approved
RET-15736,ORD-543477,Damaged in Transit,24729.15,Approved
RET-15737,ORD-543488,Damaged in Transit,5646.94,Approved
RET-15738,ORD-543491,Customer Dissatisfaction,1155.88,Approved
RET-15739,ORD-543492,Customer Dissatisfaction,99450.54,Approved
RET-15740,ORD-543509,Late Delivery,75007.37,Approved
RET-15741,ORD-543510,Late Delivery,51266.72,Approved
RET-15742,ORD-543519,Customer Dissatisfaction,22771.46,Approved
RET-15743,ORD-543530,Customer Dissatisfaction,4215.85,Approved
RET-15744,ORD-543530,Late Delivery,3151.19,Approved
RET-15745,ORD-543536,Size Issue,87255.34,Pending
RET-15746,ORD-543538,Late Delivery,134673.35,Approved
RET-15747,ORD-543541,Defective Product,282.5,Pending
RET-15748,ORD-543545,Customer Dissatisfaction,1623.22,Approved
RET-15749,ORD-543566,Size Issue,6014.21,Approved
RET-15750,ORD-543577,Defective Product,32163.71,Approved
RET-15751,ORD-543578,Size Issue,11434.57,Pending
RET-15752,ORD-543581,Defective Product,18892.83,Approved
RET-15753,ORD-543585,Late Delivery,0.0,Rejected
RET-15754,ORD-543593,Customer Dissatisfaction,19855.23,Approved
RET-15755,ORD-543602,Late Delivery,47282.94,Pending
RET-15756,ORD-543608,Size Issue,49839.91,Approved
RET-15757,ORD-543610,Damaged in Transit,27501.98,Approved
RET-15758,ORD-543615,Customer Dissatisfaction,59460.71,Pending
RET-15759,ORD-543632,Wrong Item,38177.25,Pending
RET-15760,ORD-543638,Size Issue,6320.46,Pending
RET-15761,ORD-543644,Defective Product,27390.71,Approved
RET-15762,ORD-543647,Defective Product,3353.01,Approved
RET-15763,ORD-543652,Wrong Item,39361.87,Pending
RET-15764,ORD-543659,Customer Dissatisfaction,0.0,Rejected
RET-15765,ORD-543660,,861.23,Approved
RET-15766,ORD-543661,Wrong Item,8745.65,Pending
RET-15767,ORD-543668,Customer Dissatisfaction,0.0,Rejected
RET-15768,ORD-543675,Size Issue,207920.61,Approved
RET-15769,ORD-543686,Damaged in Transit,21562.43,Approved
RET-15770,ORD-543696,Damaged in Transit,0.0,Rejected
RET-15771,ORD-543699,Damaged in Transit,22679.04,Approved
RET-15772,ORD-543700,Customer Dissatisfaction,38009.92,Approved
RET-15773,ORD-543711,Size Issue,6685.2,Approved
RET-15774,ORD-543717,Late Delivery,8684.03,Approved
RET-15775,ORD-543721,Damaged in Transit,36744.69,Approved
RET-15776,ORD-543746,Size Issue,44534.71,Approved
RET-15777,ORD-543751,Late Delivery,156413.93,Approved
RET-15778,ORD-543757,Customer Dissatisfaction,20258.44,Approved
RET-15779,ORD-543761,Damaged in Transit,8385.66,Approved
RET-15780,ORD-543764,Customer Dissatisfaction,7238.1,Approved
RET-15781,ORD-543768,Damaged in Transit,15682.87,Approved
RET-15782,ORD-543774,Damaged in Transit,0.0,Rejected
RET-15783,ORD-543775,Late Delivery,4696.57,Pending
RET-15784,ORD-543780,Defective Product,9704.59,Approved
RET-15785,ORD-543788,Customer Dissatisfaction,3339.79,Approved
RET-15786,ORD-543789,Damaged in Transit,15084.53,Pending
RET-15787,ORD-543792,Defective Product,1440.39,Approved
RET-15788,ORD-543794,Customer Dissatisfaction,1655.98,Approved
RET-15789,ORD-543804,Late Delivery,903.53,Approved
RET-15790,ORD-543808,Defective Product,2513.5,Approved
RET-15791,ORD-543810,Size Issue,50339.99,Pending
RET-15792,ORD-543819,,1830.56,Pending
RET-15793,ORD-543826,Damaged in Transit,5346.2,Approved
RET-15794,ORD-543844,Customer Dissatisfaction,0.0,Rejected
RET-15795,ORD-543872,Customer Dissatisfaction,71828.77,Pending
RET-15796,ORD-543873,Defective Product,0.0,Rejected
RET-15797,ORD-543895,Size Issue,5037.89,Approved
RET-15798,ORD-543899,Customer Dissatisfaction,13024.63,Approved
RET-15799,ORD-543900,Size Issue,0.0,Rejected
RET-15800,ORD-543908,Customer Dissatisfaction,55152.46,Approved
RET-15801,ORD-543910,Wrong Item,12851.41,Approved
RET-15802,ORD-543914,Customer Dissatisfaction,6288.64,Pending
RET-15803,ORD-543917,Size Issue,13926.32,Approved
RET-15804,ORD-543926,Late Delivery,0.0,Rejected
RET-15805,ORD-543932,Customer Dissatisfaction,8915.7,Approved
RET-15806,ORD-543933,Damaged in Transit,8675.04,Approved
RET-15807,ORD-543969,Size Issue,24436.93,Approved
RET-15808,ORD-543986,Damaged in Transit,32464.65,Approved
RET-15809,ORD-543989,Damaged in Transit,3578.35,Approved
RET-15810,ORD-543999,Damaged in Transit,19810.38,Approved
RET-15811,ORD-544003,Customer Dissatisfaction,17873.6,Approved
RET-15812,ORD-544014,Defective Product,13861.52,Approved
RET-15813,ORD-544018,Damaged in Transit,140577.92,Approved
RET-15814,ORD-544020,Customer Dissatisfaction,22023.65,Approved
RET-15815,ORD-544030,Defective Product,55355.07,Approved
RET-15816,ORD-544033,Late Delivery,33585.52,Pending
RET-15817,ORD-544039,Damaged in Transit,85812.8,Approved
RET-15818,ORD-544064,Defective Product,233903.18,Approved
RET-15819,ORD-544077,Customer Dissatisfaction,4926.45,Pending
RET-15820,ORD-544079,Defective Product,0.0,Rejected
RET-15821,ORD-544096,Damaged in Transit,3474.4,Pending
RET-15822,ORD-544101,Defective Product,15652.25,Pending
RET-15823,ORD-544106,Damaged in Transit,6580.77,Approved
RET-15824,ORD-544113,Wrong Item,11508.02,Approved
RET-15825,ORD-544119,Customer Dissatisfaction,13448.22,Pending
RET-15826,ORD-544129,Customer Dissatisfaction,29608.6,Approved
RET-15827,ORD-544131,Late Delivery,399.26,Approved
RET-15828,ORD-544152,Customer Dissatisfaction,5101.22,Approved
RET-15829,ORD-544155,Customer Dissatisfaction,3770.31,Pending
RET-15830,ORD-544163,Damaged in Transit,3595.84,Approved
RET-15831,ORD-544181,Late Delivery,177401.06,Approved
RET-15832,ORD-544186,Damaged in Transit,236067.9,Approved
RET-15833,ORD-544189,Size Issue,8488.45,Pending
RET-15834,ORD-544192,Defective Product,15040.59,Approved
RET-15835,ORD-544194,Size Issue,79959.13,Approved
RET-15836,ORD-544195,Wrong Item,23332.14,Approved
RET-15837,ORD-544200,Late Delivery,2662.88,Pending
RET-15838,ORD-544209,Late Delivery,194461.43,Approved
RET-15839,ORD-544226,Damaged in Transit,10371.08,Approved
RET-15840,ORD-544233,Defective Product,48401.08,Approved
RET-15841,ORD-544238,Wrong Item,44517.52,Approved
RET-15842,ORD-544243,Damaged in Transit,9110.61,Approved
RET-15843,ORD-544251,Late Delivery,0.0,Rejected
RET-15844,ORD-544252,Late Delivery,129417.81,Approved
RET-15845,ORD-544255,Wrong Item,285595.7,Approved
RET-15846,ORD-544257,Customer Dissatisfaction,26391.48,Approved
RET-15847,ORD-544271,Wrong Item,19964.9,Approved
RET-15848,ORD-544276,Customer Dissatisfaction,85648.84,Approved
RET-15849,ORD-544279,Customer Dissatisfaction,0.0,Rejected
RET-15850,ORD-544282,Customer Dissatisfaction,6896.98,Approved
RET-15851,ORD-544287,Wrong Item,20371.36,Approved
RET-15852,ORD-544288,Customer Dissatisfaction,78400.19,Pending
RET-15853,ORD-544289,Defective Product,382384.14,Approved
RET-15854,ORD-544295,Wrong Item,9432.61,Approved
RET-15855,ORD-544300,Customer Dissatisfaction,13374.54,Approved
RET-15856,ORD-544306,Customer Dissatisfaction,9321.83,Approved
RET-15857,ORD-544307,Damaged in Transit,21328.59,Approved
RET-15858,ORD-544309,Late Delivery,15370.75,Approved
RET-15859,ORD-544313,Customer Dissatisfaction,56037.68,Pending
RET-15860,ORD-544317,Defective Product,72699.26,Approved
RET-15861,ORD-544325,Late Delivery,7602.23,Approved
RET-15862,ORD-544326,Damaged in Transit,6312.05,Approved
RET-15863,ORD-544328,Defective Product,3819.04,Approved
RET-15864,ORD-544335,Wrong Item,0.0,Rejected
RET-15865,ORD-544347,Customer Dissatisfaction,1608.43,Pending
RET-15866,ORD-544355,Wrong Item,135817.84,Approved
RET-15867,ORD-544359,Size Issue,5529.6,Approved
RET-15868,ORD-544363,Late Delivery,77098.57,Approved
RET-15869,ORD-544374,Customer Dissatisfaction,4380.86,Approved
RET-15870,ORD-544377,Late Delivery,740.14,Approved
RET-15871,ORD-544379,Damaged in Transit,1067.38,Approved
RET-15872,ORD-544387,Defective Product,75172.83,Approved
RET-15873,ORD-544390,Defective Product,862.27,Approved
RET-15874,ORD-544411,Customer Dissatisfaction,0.0,Rejected
RET-15875,ORD-544431,Damaged in Transit,160411.42,Approved
RET-15876,ORD-544442,Damaged in Transit,211358.51,Approved
RET-15877,ORD-544452,Wrong Item,8779.76,Approved
RET-15878,ORD-544458,Customer Dissatisfaction,3838.52,Approved
RET-15879,ORD-544466,Customer Dissatisfaction,96687.65,Approved
RET-15880,ORD-544469,Size Issue,0.0,Rejected
RET-15881,ORD-544471,Customer Dissatisfaction,115817.05,Approved
RET-15882,ORD-544484,Size Issue,2629.92,Approved
RET-15883,ORD-544487,Defective Product,216668.58,Approved
RET-15884,ORD-544491,Wrong Item,0.0,Rejected
RET-15885,ORD-544501,Late Delivery,9746.73,Approved
RET-15886,ORD-544505,Size Issue,100406.21,Approved
RET-15887,ORD-544506,Late Delivery,1241.02,Pending
RET-15888,ORD-544517,Late Delivery,15388.65,Pending
RET-15889,ORD-544520,Customer Dissatisfaction,66013.23,Pending
RET-15890,ORD-544531,Defective Product,7103.2,Approved
RET-15891,ORD-544549,Wrong Item,3091.13,Approved
RET-15892,ORD-544560,,0.0,Rejected
RET-15893,ORD-544583,Damaged in Transit,218883.63,Approved
RET-15894,ORD-544588,Wrong Item,1260.86,Pending
RET-15895,ORD-544589,Damaged in Transit,6180.71,Approved
RET-15896,ORD-544604,Customer Dissatisfaction,6952.71,Approved
RET-15897,ORD-544606,Late Delivery,4294.91,Approved
RET-15898,ORD-544607,Customer Dissatisfaction,31874.37,Approved
RET-15899,ORD-544624,Wrong Item,37025.69,Approved
RET-15900,ORD-544636,Damaged in Transit,5580.26,Approved
RET-15901,ORD-544638,Damaged in Transit,2661.9,Pending
RET-15902,ORD-544653,Customer Dissatisfaction,21886.75,Approved
RET-15903,ORD-544656,Size Issue,135649.07,Approved
RET-15904,ORD-544657,Size Issue,10538.2,Approved
RET-15905,ORD-544664,Customer Dissatisfaction,55405.54,Approved
RET-15906,ORD-544668,Damaged in Transit,164701.38,Approved
RET-15907,ORD-544678,Size Issue,5023.07,Approved
RET-15908,ORD-544685,Late Delivery,2271.05,Approved
RET-15909,ORD-544694,Defective Product,17558.13,Approved
RET-15910,ORD-544695,Size Issue,23238.69,Approved
RET-15911,ORD-544698,Late Delivery,2533.34,Pending
RET-15912,ORD-544707,Size Issue,12889.85,Pending
RET-15913,ORD-544708,Wrong Item,148850.62,Approved
RET-15914,ORD-544719,Wrong Item,170360.41,Approved
RET-15915,ORD-544748,Customer Dissatisfaction,28820.41,Approved
RET-15916,ORD-544753,Defective Product,60857.9,Approved
RET-15917,ORD-544760,Defective Product,7994.78,Approved
RET-15918,ORD-544766,Damaged in Transit,224348.91,Approved
RET-15919,ORD-544775,Wrong Item,23733.14,Approved
RET-15920,ORD-544786,Late Delivery,6811.47,Approved
RET-15921,ORD-544789,Late Delivery,438257.02,Approved
RET-15922,ORD-544814,Damaged in Transit,0.0,Rejected
RET-15923,ORD-544819,Size Issue,6882.71,Approved
RET-15924,ORD-544839,Size Issue,9938.25,Approved
RET-15925,ORD-544840,Customer Dissatisfaction,14203.5,Approved
RET-15926,ORD-544843,Late Delivery,213146.87,Approved
RET-15927,ORD-544856,,0.0,Rejected
RET-15928,ORD-544862,Damaged in Transit,33615.19,Approved
RET-15929,ORD-544871,Customer Dissatisfaction,8766.47,Approved
RET-15930,ORD-544872,Defective Product,2008.72,Pending
RET-15931,ORD-544873,Damaged in Transit,8101.9,Approved
RET-15932,ORD-544881,Size Issue,6615.59,Approved
RET-15933,ORD-544883,Late Delivery,9754.27,Approved
RET-15934,ORD-544890,Size Issue,3566.04,Approved
RET-15935,ORD-544891,Size Issue,35280.34,Approved
RET-15936,ORD-544901,Size Issue,996.58,Approved
RET-15937,ORD-544907,Late Delivery,153783.99,Approved
RET-15938,ORD-544912,Late Delivery,1631.39,Pending
RET-15939,ORD-544937,Customer Dissatisfaction,30093.51,Pending
RET-15940,ORD-544942,Late Delivery,2852.76,Approved
RET-15941,ORD-544947,Defective Product,38203.06,Approved
RET-15942,ORD-544954,Size Issue,7388.07,Approved
RET-15943,ORD-544971,Size Issue,14.86,Approved
RET-15944,ORD-544977,,3156.81,Approved
RET-15945,ORD-544979,Defective Product,0.0,Rejected
RET-15946,ORD-544988,Damaged in Transit,12399.79,Pending
RET-15947,ORD-545010,Damaged in Transit,8323.32,Approved
RET-15948,ORD-545012,Wrong Item,26851.61,Approved
RET-15949,ORD-545034,Size Issue,42331.19,Approved
RET-15950,ORD-545036,Damaged in Transit,49439.11,Approved
RET-15951,ORD-545042,Size Issue,56658.32,Approved
RET-15952,ORD-545049,Size Issue,0.0,Rejected
RET-15953,ORD-545067,Defective Product,150156.09,Approved
RET-15954,ORD-545069,Defective Product,18823.21,Approved
RET-15955,ORD-545071,Defective Product,216316.04,Approved
RET-15956,ORD-545073,Customer Dissatisfaction,10944.57,Approved
RET-15957,ORD-545076,Size Issue,8249.69,Approved
RET-15958,ORD-545078,Wrong Item,4122.96,Approved
RET-15959,ORD-545088,Damaged in Transit,19458.55,Approved
RET-15960,ORD-545091,Late Delivery,269314.17,Approved
RET-15961,ORD-545097,Wrong Item,21387.51,Approved
RET-15962,ORD-545111,Late Delivery,20462.72,Pending
RET-15963,ORD-545112,Customer Dissatisfaction,7765.77,Approved
RET-15964,ORD-545116,Wrong Item,4439.17,Approved
RET-15965,ORD-545126,Size Issue,124960.56,Approved
RET-15966,ORD-545134,Late Delivery,0.0,Rejected
RET-15967,ORD-545141,Customer Dissatisfaction,0.0,Rejected
RET-15968,ORD-545156,Wrong Item,7545.73,Approved
RET-15969,ORD-545165,Customer Dissatisfaction,4503.91,Approved
RET-15970,ORD-545166,Wrong Item,413185.89,Approved
RET-15971,ORD-545175,Damaged in Transit,11307.26,Approved
RET-15972,ORD-545176,Customer Dissatisfaction,144526.48,Approved
RET-15973,ORD-545179,Late Delivery,0.0,Rejected
RET-15974,ORD-545180,Defective Product,37090.08,Approved
RET-15975,ORD-545185,Damaged in Transit,58458.9,Approved
RET-15976,ORD-545190,Size Issue,5430.88,Approved
RET-15977,ORD-545195,Damaged in Transit,18320.67,Approved
RET-15978,ORD-545223,Damaged in Transit,13569.33,Approved
RET-15979,ORD-545245,Wrong Item,27135.51,Approved
RET-15980,ORD-545247,Defective Product,24482.7,Approved
RET-15981,ORD-545250,Late Delivery,16531.98,Pending
RET-15982,ORD-545255,Damaged in Transit,18565.0,Approved
RET-15983,ORD-545256,Size Issue,9072.95,Pending
RET-15984,ORD-545258,Damaged in Transit,0.0,Rejected
RET-15985,ORD-545268,Size Issue,23317.44,Pending
RET-15986,ORD-545289,Defective Product,20112.8,Pending
RET-15987,ORD-545292,Size Issue,18925.89,Pending
RET-15988,ORD-545295,Defective Product,3034.04,Approved
RET-15989,ORD-545304,Late Delivery,0.0,Rejected
RET-15990,ORD-545308,Wrong Item,2643.28,Approved
RET-15991,ORD-545312,Defective Product,51969.53,Approved
RET-15992,ORD-545334,Late Delivery,2691.85,Approved
RET-15993,ORD-545338,Late Delivery,52117.36,Approved
RET-15994,ORD-545346,Customer Dissatisfaction,26302.58,Approved
RET-15995,ORD-545351,Defective Product,132167.2,Approved
RET-15996,ORD-545353,Size Issue,52629.69,Approved
RET-15997,ORD-545367,Damaged in Transit,12933.17,Approved
RET-15998,ORD-545369,Customer Dissatisfaction,0.0,Rejected
RET-15999,ORD-545381,Wrong Item,17555.95,Approved
RET-16000,ORD-545383,Damaged in Transit,0.0,Rejected
RET-16001,ORD-545392,Wrong Item,0.0,Rejected
RET-16002,ORD-545402,Size Issue,235.23,Approved
RET-16003,ORD-545408,Customer Dissatisfaction,117534.17,Approved
RET-16004,ORD-545410,Wrong Item,0.0,Rejected
RET-16005,ORD-545412,Late Delivery,53.06,Pending
RET-16006,ORD-545415,Late Delivery,28208.16,Approved
RET-16007,ORD-545419,Size Issue,161442.84,Pending
RET-16008,ORD-545426,Customer Dissatisfaction,51977.77,Approved
RET-16009,ORD-545440,Wrong Item,1632.5,Pending
RET-16010,ORD-545441,Damaged in Transit,16474.26,Approved
RET-16011,ORD-545442,Late Delivery,29766.7,Approved
RET-16012,ORD-545443,Defective Product,1066.27,Pending
RET-16013,ORD-545445,Damaged in Transit,98619.73,Approved
RET-16014,ORD-545450,Customer Dissatisfaction,0.0,Rejected
RET-16015,ORD-545454,Defective Product,22638.23,Pending
RET-16016,ORD-545455,Wrong Item,4217.8,Pending
RET-16017,ORD-545463,Wrong Item,23236.81,Approved
RET-16018,ORD-545474,Wrong Item,0.0,Rejected
RET-16019,ORD-545479,Defective Product,9175.41,Approved
RET-16020,ORD-545482,Size Issue,5588.8,Pending
RET-16021,ORD-545483,Customer Dissatisfaction,3024.41,Approved
RET-16022,ORD-545484,Wrong Item,54934.86,Approved
RET-16023,ORD-545491,Defective Product,68189.69,Approved
RET-16024,ORD-545493,Damaged in Transit,11688.97,Pending
RET-16025,ORD-545497,Damaged in Transit,2779.97,Approved
RET-16026,ORD-545508,Late Delivery,69617.98,Approved
RET-16027,ORD-545511,Wrong Item,1436.0,Approved
RET-16028,ORD-545517,Size Issue,0.0,Rejected
RET-16029,ORD-545526,Late Delivery,602.68,Pending
RET-16030,ORD-545527,Size Issue,245734.36,Approved
RET-16031,ORD-545531,Defective Product,6822.67,Approved
RET-16032,ORD-545534,Defective Product,0.0,Rejected
RET-16033,ORD-545545,Late Delivery,26291.9,Approved
RET-16034,ORD-545549,Damaged in Transit,179272.99,Approved
RET-16035,ORD-545555,Defective Product,57839.47,Approved
RET-16036,ORD-545558,Defective Product,49018.13,Approved
RET-16037,ORD-545559,Wrong Item,18573.11,Approved
RET-16038,ORD-545579,Defective Product,2755.48,Approved
RET-16039,ORD-545584,Defective Product,19370.25,Approved
RET-16040,ORD-545585,Size Issue,12965.48,Approved
RET-16041,ORD-545587,Size Issue,39669.25,Approved
RET-16042,ORD-545595,Late Delivery,5425.94,Approved
RET-16043,ORD-545599,Late Delivery,0.0,Rejected
RET-16044,ORD-545600,Wrong Item,10938.33,Approved
RET-16045,ORD-545603,Wrong Item,98632.74,Approved
RET-16046,ORD-545604,Late Delivery,7087.75,Pending
RET-16047,ORD-545610,Wrong Item,224269.06,Approved
RET-16048,ORD-545622,Wrong Item,151811.71,Approved
RET-16049,ORD-545623,Late Delivery,99982.73,Pending
RET-16050,ORD-545625,Wrong Item,17.23,Approved
RET-16051,ORD-545628,Late Delivery,130772.3,Approved
RET-16052,ORD-545642,Size Issue,24545.19,Approved
RET-16053,ORD-545645,Size Issue,15954.43,Approved
RET-16054,ORD-545646,Defective Product,0.0,Rejected
RET-16055,ORD-545648,Late Delivery,6895.07,Pending
RET-16056,ORD-545650,Wrong Item,10397.37,Approved
RET-16057,ORD-545660,Wrong Item,190644.47,Approved
RET-16058,ORD-545661,Size Issue,7907.18,Approved
RET-16059,ORD-545663,Size Issue,8276.47,Approved
RET-16060,ORD-545669,Damaged in Transit,0.0,Rejected
RET-16061,ORD-545675,Defective Product,9535.72,Approved
RET-16062,ORD-545676,Late Delivery,29209.53,Approved
RET-16063,ORD-545678,Wrong Item,13276.59,Pending
RET-16064,ORD-545689,Late Delivery,0.0,Rejected
RET-16065,ORD-545702,Defective Product,8950.6,Approved
RET-16066,ORD-545714,Damaged in Transit,5228.47,Pending
RET-16067,ORD-545719,Size Issue,0.0,Rejected
RET-16068,ORD-545729,Defective Product,76491.26,Approved
RET-16069,ORD-545736,Late Delivery,92086.01,Approved
RET-16070,ORD-545752,Defective Product,29460.66,Approved
RET-16071,ORD-545759,Damaged in Transit,12170.13,Approved
RET-16072,ORD-545772,Damaged in Transit,29831.69,Approved
RET-16073,ORD-545782,Defective Product,21340.73,Approved
RET-16074,ORD-545805,Customer Dissatisfaction,15946.08,Approved
RET-16075,ORD-545824,Late Delivery,75213.53,Approved
RET-16076,ORD-545830,Customer Dissatisfaction,3908.87,Pending
RET-16077,ORD-545840,Customer Dissatisfaction,162525.78,Approved
RET-16078,ORD-545844,Size Issue,144186.92,Approved
RET-16079,ORD-545850,Customer Dissatisfaction,7696.63,Pending
RET-16080,ORD-545854,Defective Product,37613.04,Approved
RET-16081,ORD-545865,Customer Dissatisfaction,21669.61,Approved
RET-16082,ORD-545878,Late Delivery,13966.86,Pending
RET-16083,ORD-545880,Damaged in Transit,0.0,Rejected
RET-16084,ORD-545882,Late Delivery,2929.29,Pending
RET-16085,ORD-545888,Damaged in Transit,7715.56,Pending
RET-16086,ORD-545891,Defective Product,26442.17,Approved
RET-16087,ORD-545899,Size Issue,1374.16,Approved
RET-16088,ORD-545900,Damaged in Transit,13154.12,Pending
RET-16089,ORD-545902,Size Issue,1532.41,Pending
RET-16090,ORD-545904,Wrong Item,10043.51,Pending
RET-16091,ORD-545932,Customer Dissatisfaction,116316.75,Approved
RET-16092,ORD-545935,Wrong Item,542.89,Approved
RET-16093,ORD-545936,Wrong Item,44022.16,Approved
RET-16094,ORD-545941,Size Issue,6154.26,Approved
RET-16095,ORD-545944,,159996.56,Approved
RET-16096,ORD-545955,Wrong Item,39895.64,Approved
RET-16097,ORD-545956,Customer Dissatisfaction,2282.86,Approved
RET-16098,ORD-545962,Damaged in Transit,8486.58,Approved
RET-16099,ORD-545970,Damaged in Transit,393795.42,Approved
RET-16100,ORD-545972,Customer Dissatisfaction,5106.49,Pending
RET-16101,ORD-545978,Customer Dissatisfaction,13550.17,Approved
RET-16102,ORD-545979,Defective Product,8461.76,Approved
RET-16103,ORD-545981,Wrong Item,62258.0,Approved
RET-16104,ORD-545983,Late Delivery,4113.95,Pending
RET-16105,ORD-545988,Damaged in Transit,720.5,Approved
RET-16106,ORD-545996,Customer Dissatisfaction,39566.57,Approved
RET-16107,ORD-546002,Damaged in Transit,1067.21,Approved
RET-16108,ORD-546004,Defective Product,0.0,Rejected
RET-16109,ORD-546025,Wrong Item,59832.9,Approved
RET-16110,ORD-546026,Late Delivery,151161.05,Approved
RET-16111,ORD-546028,Late Delivery,134427.67,Approved
RET-16112,ORD-546030,Size Issue,173.95,Approved
RET-16113,ORD-546041,Customer Dissatisfaction,0.0,Rejected
RET-16114,ORD-546056,Defective Product,25696.89,Approved
RET-16115,ORD-546060,Damaged in Transit,19433.65,Approved
RET-16116,ORD-546067,Defective Product,0.0,Rejected
RET-16117,ORD-546081,Wrong Item,31413.78,Approved
RET-16118,ORD-546086,Damaged in Transit,53283.35,Approved
RET-16119,ORD-546087,Damaged in Transit,64076.4,Approved
RET-16120,ORD-546090,Late Delivery,10816.15,Approved
RET-16121,ORD-546101,Size Issue,2062.38,Approved
RET-16122,ORD-546104,Late Delivery,15141.7,Approved
RET-16123,ORD-546115,Size Issue,4709.04,Pending
RET-16124,ORD-546122,Late Delivery,20829.13,Pending
RET-16125,ORD-546133,Wrong Item,2998.63,Approved
RET-16126,ORD-546135,Wrong Item,207055.73,Approved
RET-16127,ORD-546147,Damaged in Transit,17607.59,Approved
RET-16128,ORD-546149,Wrong Item,0.0,Rejected
RET-16129,ORD-546150,Customer Dissatisfaction,7328.62,Approved
RET-16130,ORD-546170,Wrong Item,35360.23,Approved
RET-16131,ORD-546178,Customer Dissatisfaction,0.0,Rejected
RET-16132,ORD-546183,Damaged in Transit,3544.36,Approved
RET-16133,ORD-546185,Wrong Item,8783.77,Approved
RET-16134,ORD-546186,Late Delivery,41800.43,Approved
RET-16135,ORD-546224,Size Issue,19150.48,Approved
RET-16136,ORD-546226,Damaged in Transit,2501.22,Pending
RET-16137,ORD-546251,Defective Product,31881.87,Approved
RET-16138,ORD-546255,Wrong Item,40175.36,Pending
RET-16139,ORD-546263,Damaged in Transit,64320.0,Approved
RET-16140,ORD-546265,Size Issue,12332.21,Approved
RET-16141,ORD-546276,Size Issue,0.0,Rejected
RET-16142,ORD-546295,Defective Product,2993.31,Approved
RET-16143,ORD-546296,Size Issue,40267.74,Approved
RET-16144,ORD-546311,Damaged in Transit,12126.18,Approved
RET-16145,ORD-546319,Late Delivery,18563.98,Pending
RET-16146,ORD-546322,Defective Product,458.3,Pending
RET-16147,ORD-546325,Late Delivery,7571.59,Approved
RET-16148,ORD-546327,Wrong Item,0.0,Rejected
RET-16149,ORD-546335,Wrong Item,296.68,Approved
RET-16150,ORD-546336,Size Issue,4843.76,Approved
RET-16151,ORD-546341,Defective Product,79162.9,Approved
RET-16152,ORD-546356,Wrong Item,106730.24,Approved
RET-16153,ORD-546357,Late Delivery,16099.09,Approved
RET-16154,ORD-546360,Late Delivery,90793.39,Approved
RET-16155,ORD-546366,Late Delivery,71913.22,Approved
RET-16156,ORD-546380,Damaged in Transit,6356.41,Pending
RET-16157,ORD-546384,Late Delivery,1247.86,Approved
RET-16158,ORD-546400,Customer Dissatisfaction,29514.1,Approved
RET-16159,ORD-546402,Late Delivery,11841.92,Approved
RET-16160,ORD-546409,Damaged in Transit,59294.93,Approved
RET-16161,ORD-546410,Size Issue,52056.03,Approved
RET-16162,ORD-546415,Defective Product,9324.12,Pending
RET-16163,ORD-546417,Wrong Item,8210.53,Approved
RET-16164,ORD-546425,Defective Product,51566.38,Approved
RET-16165,ORD-546426,Size Issue,0.0,Rejected
RET-16166,ORD-546427,Customer Dissatisfaction,14296.48,Pending
RET-16167,ORD-546432,Defective Product,92253.86,Approved
RET-16168,ORD-546437,Defective Product,1446.34,Approved
RET-16169,ORD-546450,Wrong Item,14506.5,Approved
RET-16170,ORD-546455,Late Delivery,15652.06,Approved
RET-16171,ORD-546464,Wrong Item,157895.39,Approved
RET-16172,ORD-546470,Wrong Item,45772.87,Approved
RET-16173,ORD-546472,Wrong Item,45150.39,Approved
RET-16174,ORD-546480,Wrong Item,33990.87,Approved
RET-16175,ORD-546482,Size Issue,4812.11,Approved
RET-16176,ORD-546483,Late Delivery,24273.89,Approved
RET-16177,ORD-546484,Customer Dissatisfaction,13385.99,Approved
RET-16178,ORD-546502,Size Issue,3452.91,Approved
RET-16179,ORD-546505,Wrong Item,6016.06,Approved
RET-16180,ORD-546514,Customer Dissatisfaction,1189.78,Approved
RET-16181,ORD-546517,Late Delivery,8978.18,Approved
RET-16182,ORD-546551,Customer Dissatisfaction,3110.69,Approved
RET-16183,ORD-546553,Late Delivery,5482.46,Approved
RET-16184,ORD-546556,Customer Dissatisfaction,29338.96,Approved
RET-16185,ORD-546557,Wrong Item,4568.95,Approved
RET-16186,ORD-546579,Defective Product,26692.71,Approved
RET-16187,ORD-546602,Damaged in Transit,3069.36,Pending
RET-16188,ORD-546625,Customer Dissatisfaction,0.0,Rejected
RET-16189,ORD-546626,Size Issue,0.0,Rejected
RET-16190,ORD-546628,Wrong Item,170240.71,Approved
RET-16191,ORD-546641,Damaged in Transit,55137.32,Approved
RET-16192,ORD-546645,Wrong Item,40318.45,Approved
RET-16193,ORD-546669,Wrong Item,251589.84,Approved
RET-16194,ORD-546674,Customer Dissatisfaction,79915.27,Approved
RET-16195,ORD-546675,Late Delivery,63382.41,Approved
RET-16196,ORD-546680,Customer Dissatisfaction,4383.59,Approved
RET-16197,ORD-546684,Damaged in Transit,0.0,Rejected
RET-16198,ORD-546685,Late Delivery,0.0,Rejected
RET-16199,ORD-546692,Defective Product,208417.46,Approved
RET-16200,ORD-546701,Wrong Item,107205.51,Approved
RET-16201,ORD-546718,Defective Product,12115.54,Approved
RET-16202,ORD-546722,Late Delivery,754.81,Pending
RET-16203,ORD-546723,Late Delivery,0.0,Rejected
RET-16204,ORD-546725,Size Issue,4438.53,Approved
RET-16205,ORD-546732,Late Delivery,6104.19,Pending
RET-16206,ORD-546735,Size Issue,1386.43,Approved
RET-16207,ORD-546738,Customer Dissatisfaction,47357.8,Approved
RET-16208,ORD-546748,Customer Dissatisfaction,38547.92,Approved
RET-16209,ORD-546756,Customer Dissatisfaction,1528.54,Pending
RET-16210,ORD-546758,Defective Product,56174.64,Approved
RET-16211,ORD-546762,Late Delivery,190468.83,Approved
RET-16212,ORD-546764,Defective Product,34129.67,Approved
RET-16213,ORD-546769,Damaged in Transit,3437.98,Pending
RET-16214,ORD-546775,Defective Product,6390.86,Approved
RET-16215,ORD-546776,Defective Product,8098.7,Approved
RET-16216,ORD-546779,Defective Product,0.0,Rejected
RET-16217,ORD-546800,Customer Dissatisfaction,0.0,Rejected
RET-16218,ORD-546805,Damaged in Transit,11033.3,Approved
RET-16219,ORD-546820,Damaged in Transit,0.0,Rejected
RET-16220,ORD-546822,Defective Product,0.0,Rejected
RET-16221,ORD-546826,Size Issue,43942.22,Approved
RET-16222,ORD-546829,Wrong Item,88363.15,Approved
RET-16223,ORD-546830,Damaged in Transit,19232.5,Pending
RET-16224,ORD-546832,Wrong Item,82781.16,Approved
RET-16225,ORD-546834,Customer Dissatisfaction,0.0,Rejected
RET-16226,ORD-546847,Late Delivery,4831.16,Approved
RET-16227,ORD-546851,Wrong Item,0.0,Rejected
RET-16228,ORD-546859,Damaged in Transit,11673.88,Pending
RET-16229,ORD-546862,Late Delivery,4161.3,Pending
RET-16230,ORD-546866,Damaged in Transit,32686.54,Approved
RET-16231,ORD-546870,Damaged in Transit,14544.17,Approved
RET-16232,ORD-546874,Defective Product,79810.82,Approved
RET-16233,ORD-546876,Late Delivery,7408.22,Approved
RET-16234,ORD-546888,Late Delivery,25496.75,Approved
RET-16235,ORD-546914,Wrong Item,78381.56,Approved
RET-16236,ORD-546915,Size Issue,258.05,Approved
RET-16237,ORD-546916,Wrong Item,46489.42,Approved
RET-16238,ORD-546931,Customer Dissatisfaction,131665.04,Pending
RET-16239,ORD-546941,Customer Dissatisfaction,9168.07,Approved
RET-16240,ORD-546949,Wrong Item,141983.65,Pending
RET-16241,ORD-546965,Customer Dissatisfaction,5221.61,Pending
RET-16242,ORD-546975,Late Delivery,150722.03,Approved
RET-16243,ORD-546979,Wrong Item,22363.22,Approved
RET-16244,ORD-546980,Wrong Item,24394.25,Approved
RET-16245,ORD-546983,Wrong Item,0.0,Rejected
RET-16246,ORD-546989,Late Delivery,87418.95,Approved
RET-16247,ORD-546996,Damaged in Transit,10265.55,Approved
RET-16248,ORD-547003,Damaged in Transit,60819.47,Pending
RET-16249,ORD-547004,Size Issue,1767.97,Pending
RET-16250,ORD-547006,Size Issue,0.0,Rejected
RET-16251,ORD-547008,Defective Product,8824.75,Pending
RET-16252,ORD-547009,Size Issue,2663.17,Pending
RET-16253,ORD-547011,Size Issue,6955.54,Approved
RET-16254,ORD-547024,Late Delivery,7816.08,Approved
RET-16255,ORD-547037,Damaged in Transit,1292.74,Approved
RET-16256,ORD-547042,Size Issue,0.0,Rejected
RET-16257,ORD-547046,Defective Product,101204.54,Pending
RET-16258,ORD-547053,Size Issue,1588.73,Approved
RET-16259,ORD-547055,Damaged in Transit,0.0,Rejected
RET-16260,ORD-547059,Size Issue,94099.18,Approved
RET-16261,ORD-547060,Wrong Item,292906.99,Pending
RET-16262,ORD-547061,Late Delivery,0.0,Rejected
RET-16263,ORD-547066,Wrong Item,0.0,Rejected
RET-16264,ORD-547076,Size Issue,33774.47,Approved
RET-16265,ORD-547101,Size Issue,2113.27,Approved
RET-16266,ORD-547107,Size Issue,224477.08,Approved
RET-16267,ORD-547108,Size Issue,0.0,Rejected
RET-16268,ORD-547119,Size Issue,1107.59,Approved
RET-16269,ORD-547132,Damaged in Transit,0.0,Rejected
RET-16270,ORD-547137,Wrong Item,12141.13,Approved
RET-16271,ORD-547147,Customer Dissatisfaction,1302.33,Approved
RET-16272,ORD-547154,Late Delivery,0.0,Rejected
RET-16273,ORD-547183,Wrong Item,13252.99,Approved
RET-16274,ORD-547194,Defective Product,78289.91,Approved
RET-16275,ORD-547211,Customer Dissatisfaction,41806.23,Approved
RET-16276,ORD-547214,Size Issue,32795.13,Approved
RET-16277,ORD-547215,Size Issue,18513.59,Approved
RET-16278,ORD-547217,Damaged in Transit,0.0,Rejected
RET-16279,ORD-547223,Wrong Item,0.0,Rejected
RET-16280,ORD-547226,Size Issue,0.0,Rejected
RET-16281,ORD-547265,Damaged in Transit,10881.4,Approved
RET-16282,ORD-547281,Customer Dissatisfaction,119143.16,Approved
RET-16283,ORD-547285,Late Delivery,3432.31,Approved
RET-16284,ORD-547286,Defective Product,13953.58,Approved
RET-16285,ORD-547290,Late Delivery,0.0,Rejected
RET-16286,ORD-547292,Damaged in Transit,0.0,Rejected
RET-16287,ORD-547297,Late Delivery,9817.62,Approved
RET-16288,ORD-547300,Wrong Item,0.0,Rejected
RET-16289,ORD-547303,Late Delivery,15416.93,Approved
RET-16290,ORD-547309,Damaged in Transit,19323.36,Approved
RET-16291,ORD-547310,Size Issue,168639.0,Pending
RET-16292,ORD-547314,Late Delivery,9099.7,Approved
RET-16293,ORD-547323,Size Issue,2824.73,Approved
RET-16294,ORD-547328,Customer Dissatisfaction,15736.66,Approved
RET-16295,ORD-547333,Defective Product,22050.98,Approved
RET-16296,ORD-547339,Damaged in Transit,3764.04,Approved
RET-16297,ORD-547349,Customer Dissatisfaction,157685.35,Approved
RET-16298,ORD-547369,Wrong Item,12048.35,Approved
RET-16299,ORD-547379,Late Delivery,8985.31,Pending
RET-16300,ORD-547383,Size Issue,230758.21,Approved
RET-16301,ORD-547395,Wrong Item,336.1,Approved
RET-16302,ORD-547399,Damaged in Transit,34691.65,Approved
RET-16303,ORD-547404,Defective Product,6901.34,Pending
RET-16304,ORD-547405,Damaged in Transit,0.0,Rejected
RET-16305,ORD-547409,Defective Product,0.0,Rejected
RET-16306,ORD-547416,Wrong Item,27176.39,Approved
RET-16307,ORD-547446,Customer Dissatisfaction,84693.36,Approved
RET-16308,ORD-547447,Late Delivery,884.81,Approved
RET-16309,ORD-547452,Wrong Item,40260.42,Approved
RET-16310,ORD-547461,Size Issue,162541.8,Approved
RET-16311,ORD-547472,Customer Dissatisfaction,1154.63,Pending
RET-16312,ORD-547473,Customer Dissatisfaction,1268.44,Approved
RET-16313,ORD-547474,Defective Product,43743.27,Pending
RET-16314,ORD-547487,Late Delivery,324.62,Pending
RET-16315,ORD-547488,Late Delivery,37756.77,Approved
RET-16316,ORD-547491,Size Issue,77729.63,Approved
RET-16317,ORD-547493,Wrong Item,7179.46,Approved
RET-16318,ORD-547497,Size Issue,1580.16,Approved
RET-16319,ORD-547498,Damaged in Transit,82595.6,Approved
RET-16320,ORD-547515,Size Issue,4364.83,Approved
RET-16321,ORD-547516,Late Delivery,0.0,Rejected
RET-16322,ORD-547522,Size Issue,1165.32,Approved
RET-16323,ORD-547530,Late Delivery,1600.13,Approved
RET-16324,ORD-547532,Customer Dissatisfaction,7011.65,Approved
RET-16325,ORD-547537,Size Issue,8877.67,Approved
RET-16326,ORD-547542,Size Issue,7615.18,Approved
RET-16327,ORD-547548,Late Delivery,150892.68,Approved
RET-16328,ORD-547549,Wrong Item,1168.58,Approved
RET-16329,ORD-547576,Defective Product,0.0,Rejected
RET-16330,ORD-547583,Late Delivery,90110.56,Pending
RET-16331,ORD-547588,Late Delivery,0.0,Rejected
RET-16332,ORD-547589,Customer Dissatisfaction,237197.45,Approved
RET-16333,ORD-547597,Wrong Item,21770.03,Approved
RET-16334,ORD-547622,Damaged in Transit,18629.81,Pending
RET-16335,ORD-547623,Defective Product,238207.55,Approved
RET-16336,ORD-547625,Defective Product,8917.06,Approved
RET-16337,ORD-547626,Wrong Item,40519.23,Pending
RET-16338,ORD-547634,Defective Product,0.0,Rejected
RET-16339,ORD-547637,Wrong Item,38713.47,Approved
RET-16340,ORD-547640,Damaged in Transit,0.0,Rejected
RET-16341,ORD-547641,Customer Dissatisfaction,37456.4,Approved
RET-16342,ORD-547654,Defective Product,8149.15,Approved
RET-16343,ORD-547657,Size Issue,7656.93,Approved
RET-16344,ORD-547664,Damaged in Transit,29135.5,Approved
RET-16345,ORD-547667,Wrong Item,6900.91,Pending
RET-16346,ORD-547679,Size Issue,8447.22,Pending
RET-16347,ORD-547682,Defective Product,37904.99,Approved
RET-16348,ORD-547694,Size Issue,6061.35,Approved
RET-16349,ORD-547696,Wrong Item,5602.38,Pending
RET-16350,ORD-547702,Damaged in Transit,94330.78,Pending
RET-16351,ORD-547703,Late Delivery,7047.53,Pending
RET-16352,ORD-547711,Customer Dissatisfaction,11762.29,Pending
RET-16353,ORD-547724,Size Issue,2889.6,Approved
RET-16354,ORD-547731,Customer Dissatisfaction,0.0,Rejected
RET-16355,ORD-547750,Defective Product,215612.29,Approved
RET-16356,ORD-547752,Customer Dissatisfaction,321709.64,Approved
RET-16357,ORD-547768,Wrong Item,39989.97,Approved
RET-16358,ORD-547776,Damaged in Transit,50712.22,Approved
RET-16359,ORD-547786,Damaged in Transit,29277.49,Approved
RET-16360,ORD-547790,Wrong Item,11775.68,Approved
RET-16361,ORD-547793,Customer Dissatisfaction,52435.74,Approved
RET-16362,ORD-547794,Size Issue,0.0,Rejected
RET-16363,ORD-547797,Late Delivery,32601.83,Approved
RET-16364,ORD-547803,Wrong Item,0.0,Rejected
RET-16365,ORD-547805,Late Delivery,5845.18,Approved
RET-16366,ORD-547808,Customer Dissatisfaction,360294.23,Approved
RET-16367,ORD-547814,Late Delivery,32406.97,Approved
RET-16368,ORD-547844,Defective Product,3152.15,Approved
RET-16369,ORD-547845,Customer Dissatisfaction,0.0,Rejected
RET-16370,ORD-547849,Late Delivery,44549.03,Approved
RET-16371,ORD-547852,Wrong Item,7760.65,Approved
RET-16372,ORD-547853,Customer Dissatisfaction,109425.98,Approved
RET-16373,ORD-547855,Size Issue,16715.3,Approved
RET-16374,ORD-547858,Late Delivery,12924.92,Approved
RET-16375,ORD-547869,Size Issue,46341.1,Approved
RET-16376,ORD-547882,Wrong Item,5588.59,Pending
RET-16377,ORD-547887,Damaged in Transit,53427.81,Approved
RET-16378,ORD-547897,Late Delivery,3298.0,Pending
RET-16379,ORD-547923,Wrong Item,106667.56,Approved
RET-16380,ORD-547925,Wrong Item,1513.8,Approved
RET-16381,ORD-547937,Late Delivery,56385.13,Approved
RET-16382,ORD-547940,Late Delivery,63297.55,Approved
RET-16383,ORD-547949,Late Delivery,70568.01,Approved
RET-16384,ORD-547951,Damaged in Transit,4917.65,Approved
RET-16385,ORD-547953,Late Delivery,8589.85,Approved
RET-16386,ORD-547957,Late Delivery,26969.58,Pending
RET-16387,ORD-547979,Defective Product,31149.47,Approved
RET-16388,ORD-547981,Late Delivery,17577.76,Approved
RET-16389,ORD-547988,Customer Dissatisfaction,2003.35,Approved
RET-16390,ORD-548019,Defective Product,55867.49,Approved
RET-16391,ORD-548023,Damaged in Transit,20781.07,Approved
RET-16392,ORD-548032,Defective Product,11884.17,Pending
RET-16393,ORD-548035,Defective Product,4930.67,Pending
RET-16394,ORD-548039,Wrong Item,4771.86,Approved
RET-16395,ORD-548060,Size Issue,10664.79,Approved
RET-16396,ORD-548067,Defective Product,73010.5,Approved
RET-16397,ORD-548073,Customer Dissatisfaction,0.0,Rejected
RET-16398,ORD-548077,Late Delivery,993.66,Approved
RET-16399,ORD-548096,Wrong Item,57875.55,Approved
RET-16400,ORD-548097,Wrong Item,19055.95,Approved
RET-16401,ORD-548105,Late Delivery,3566.13,Approved
RET-16402,ORD-548115,Damaged in Transit,38735.99,Approved
RET-16403,ORD-548131,Size Issue,26265.19,Approved
RET-16404,ORD-548140,Wrong Item,22849.43,Approved
RET-16405,ORD-548151,Damaged in Transit,123671.11,Approved
RET-16406,ORD-548155,Late Delivery,15756.03,Pending
RET-16407,ORD-548176,Late Delivery,42067.98,Approved
RET-16408,ORD-548205,Size Issue,3430.9,Approved
RET-16409,ORD-548209,Wrong Item,2635.85,Approved
RET-16410,ORD-548228,Wrong Item,17958.85,Approved
RET-16411,ORD-548230,Defective Product,0.0,Rejected
RET-16412,ORD-548231,Damaged in Transit,3592.72,Approved
RET-16413,ORD-548233,Defective Product,188111.48,Approved
RET-16414,ORD-548247,Damaged in Transit,2865.82,Approved
RET-16415,ORD-548254,Customer Dissatisfaction,2249.69,Approved
RET-16416,ORD-548261,Defective Product,0.0,Rejected
RET-16417,ORD-548277,Customer Dissatisfaction,97488.04,Approved
RET-16418,ORD-548284,Damaged in Transit,28496.54,Approved
RET-16419,ORD-548288,Damaged in Transit,13417.15,Approved
RET-16420,ORD-548292,Wrong Item,104559.14,Pending
RET-16421,ORD-548323,Customer Dissatisfaction,51465.92,Approved
RET-16422,ORD-548326,Size Issue,1222.49,Approved
RET-16423,ORD-548327,Defective Product,132744.49,Approved
RET-16424,ORD-548344,Late Delivery,0.0,Rejected
RET-16425,ORD-548358,Wrong Item,6815.45,Approved
RET-16426,ORD-548359,Customer Dissatisfaction,1939.1,Approved
RET-16427,ORD-548361,Customer Dissatisfaction,2485.45,Approved
RET-16428,ORD-548367,Customer Dissatisfaction,1418.3,Approved
RET-16429,ORD-548376,Size Issue,4427.99,Approved
RET-16430,ORD-548416,Customer Dissatisfaction,735933.23,Approved
RET-16431,ORD-548419,Wrong Item,12264.58,Approved
RET-16432,ORD-548426,Size Issue,51680.7,Approved
RET-16433,ORD-548428,Customer Dissatisfaction,0.0,Rejected
RET-16434,ORD-548431,Customer Dissatisfaction,7464.83,Pending
RET-16435,ORD-548436,Size Issue,3664.61,Approved
RET-16436,ORD-548440,Size Issue,24736.51,Approved
RET-16437,ORD-548446,Wrong Item,139910.52,Approved
RET-16438,ORD-548452,Defective Product,151761.61,Approved
RET-16439,ORD-548463,Size Issue,0.0,Rejected
RET-16440,ORD-548464,,2517.29,Approved
RET-16441,ORD-548467,Customer Dissatisfaction,0.0,Rejected
RET-16442,ORD-548478,Damaged in Transit,5050.67,Approved
RET-16443,ORD-548487,Wrong Item,5984.2,Approved
RET-16444,ORD-548491,Wrong Item,14657.8,Pending
RET-16445,ORD-548522,Customer Dissatisfaction,699.71,Approved
RET-16446,ORD-548527,Wrong Item,5877.91,Approved
RET-16447,ORD-548530,Customer Dissatisfaction,35504.81,Approved
RET-16448,ORD-548531,Late Delivery,23383.58,Approved
RET-16449,ORD-548545,Defective Product,5145.38,Approved
RET-16450,ORD-548569,Wrong Item,2392.18,Approved
RET-16451,ORD-548574,Wrong Item,168420.49,Approved
RET-16452,ORD-548578,Wrong Item,93920.99,Approved
RET-16453,ORD-548582,Defective Product,10064.86,Approved
RET-16454,ORD-548594,Size Issue,84914.39,Approved
RET-16455,ORD-548605,Late Delivery,13701.88,Approved
RET-16456,ORD-548615,Size Issue,0.0,Rejected
RET-16457,ORD-548619,Late Delivery,11073.32,Pending
RET-16458,ORD-548634,Customer Dissatisfaction,0.0,Rejected
RET-16459,ORD-548641,Defective Product,1690.75,Pending
RET-16460,ORD-548643,Late Delivery,22583.22,Approved
RET-16461,ORD-548653,Damaged in Transit,27257.49,Approved
RET-16462,ORD-548656,Late Delivery,1654.95,Approved
RET-16463,ORD-548657,Defective Product,38083.71,Approved
RET-16464,ORD-548668,Late Delivery,26903.69,Pending
RET-16465,ORD-548672,Customer Dissatisfaction,221.33,Approved
RET-16466,ORD-548674,Customer Dissatisfaction,19200.84,Approved
RET-16467,ORD-548683,Size Issue,2320.1,Approved
RET-16468,ORD-548685,Late Delivery,14700.01,Pending
RET-16469,ORD-548693,Defective Product,120466.16,Approved
RET-16470,ORD-548697,Late Delivery,0.0,Rejected
RET-16471,ORD-548707,Size Issue,489.35,Pending
RET-16472,ORD-548713,Customer Dissatisfaction,112277.57,Pending
RET-16473,ORD-548715,Customer Dissatisfaction,56212.47,Approved
RET-16474,ORD-548733,Defective Product,93230.3,Approved
RET-16475,ORD-548741,Damaged in Transit,3950.38,Approved
RET-16476,ORD-548753,Late Delivery,36314.74,Approved
RET-16477,ORD-548760,Customer Dissatisfaction,19847.98,Pending
RET-16478,ORD-548777,Size Issue,6024.01,Approved
RET-16479,ORD-548811,Customer Dissatisfaction,18867.45,Approved
RET-16480,ORD-548822,Damaged in Transit,8045.74,Approved
RET-16481,ORD-548831,Size Issue,126253.84,Pending
RET-16482,ORD-548832,Customer Dissatisfaction,229111.17,Approved
RET-16483,ORD-548839,Damaged in Transit,10625.91,Approved
RET-16484,ORD-548842,Size Issue,18743.36,Approved
RET-16485,ORD-548854,Defective Product,33905.36,Approved
RET-16486,ORD-548859,Wrong Item,2022.79,Approved
RET-16487,ORD-548870,Size Issue,12034.32,Approved
RET-16488,ORD-548877,Damaged in Transit,118565.31,Pending
RET-16489,ORD-548880,Customer Dissatisfaction,44941.07,Approved
RET-16490,ORD-548882,,19322.95,Approved
RET-16491,ORD-548895,Damaged in Transit,252199.3,Approved
RET-16492,ORD-548899,Customer Dissatisfaction,0.0,Rejected
RET-16493,ORD-548907,Damaged in Transit,94074.03,Approved
RET-16494,ORD-548908,Late Delivery,12953.67,Approved
RET-16495,ORD-548920,Damaged in Transit,29300.94,Approved
RET-16496,ORD-548922,Wrong Item,20195.98,Approved
RET-16497,ORD-548929,Wrong Item,1850.35,Pending
RET-16498,ORD-548930,Defective Product,27416.15,Approved
RET-16499,ORD-548940,Late Delivery,4284.48,Approved
RET-16500,ORD-548959,Late Delivery,75061.78,Approved
RET-16501,ORD-548977,Customer Dissatisfaction,0.0,Rejected
RET-16502,ORD-549006,Customer Dissatisfaction,18359.25,Approved
RET-16503,ORD-549015,Wrong Item,24182.41,Approved
RET-16504,ORD-549024,Defective Product,9689.32,Approved
RET-16505,ORD-549027,Wrong Item,1660.82,Approved
RET-16506,ORD-549034,Customer Dissatisfaction,37279.8,Pending
RET-16507,ORD-549038,Wrong Item,13780.76,Approved
RET-16508,ORD-549040,Defective Product,0.0,Rejected
RET-16509,ORD-549041,Wrong Item,121141.97,Approved
RET-16510,ORD-549060,Late Delivery,16862.24,Approved
RET-16511,ORD-549068,Wrong Item,10578.19,Approved
RET-16512,ORD-549087,Wrong Item,9467.34,Approved
RET-16513,ORD-549093,Wrong Item,2825.43,Approved
RET-16514,ORD-549097,Damaged in Transit,38868.63,Approved
RET-16515,ORD-549103,Customer Dissatisfaction,0.0,Rejected
RET-16516,ORD-549105,Late Delivery,0.0,Rejected
RET-16517,ORD-549119,Defective Product,270534.39,Approved
RET-16518,ORD-549122,Late Delivery,212668.1,Approved
RET-16519,ORD-549123,Wrong Item,20573.39,Approved
RET-16520,ORD-549127,Wrong Item,97921.52,Approved
RET-16521,ORD-549135,Customer Dissatisfaction,14701.96,Approved
RET-16522,ORD-549152,Defective Product,11028.63,Approved
RET-16523,ORD-549164,Damaged in Transit,1813.98,Approved
RET-16524,ORD-549168,Customer Dissatisfaction,32446.62,Approved
RET-16525,ORD-549170,Wrong Item,57139.03,Approved
RET-16526,ORD-549189,Customer Dissatisfaction,25962.56,Approved
RET-16527,ORD-549194,Damaged in Transit,98937.52,Approved
RET-16528,ORD-549209,Wrong Item,0.0,Rejected
RET-16529,ORD-549229,Late Delivery,11508.86,Approved
RET-16530,ORD-549233,Size Issue,8002.18,Approved
RET-16531,ORD-549237,Late Delivery,0.0,Rejected
RET-16532,ORD-549248,Customer Dissatisfaction,42040.37,Approved
RET-16533,ORD-549255,Customer Dissatisfaction,827.98,Pending
RET-16534,ORD-549260,Defective Product,0.0,Rejected
RET-16535,ORD-549262,Damaged in Transit,20124.41,Approved
RET-16536,ORD-549273,Late Delivery,9132.27,Approved
RET-16537,ORD-549276,Damaged in Transit,55122.16,Approved
RET-16538,ORD-549279,Size Issue,15849.22,Approved
RET-16539,ORD-549287,Damaged in Transit,97170.42,Approved
RET-16540,ORD-549292,Size Issue,10667.35,Approved
RET-16541,ORD-549298,Defective Product,4997.36,Pending
RET-16542,ORD-549305,Size Issue,11373.45,Approved
RET-16543,ORD-549310,Late Delivery,36615.58,Approved
RET-16544,ORD-549311,Size Issue,3188.52,Approved
RET-16545,ORD-549312,Wrong Item,6743.49,Approved
RET-16546,ORD-549313,Defective Product,13844.35,Pending
RET-16547,ORD-549319,Customer Dissatisfaction,139742.74,Approved
RET-16548,ORD-549335,Late Delivery,724.1,Pending
RET-16549,ORD-549343,Late Delivery,243643.37,Approved
RET-16550,ORD-549377,Wrong Item,41417.26,Pending
RET-16551,ORD-549381,Customer Dissatisfaction,177843.82,Approved
RET-16552,ORD-549390,Defective Product,154154.66,Approved
RET-16553,ORD-549394,Wrong Item,0.0,Rejected
RET-16554,ORD-549411,Wrong Item,32938.88,Approved
RET-16555,ORD-549440,Late Delivery,10984.76,Approved
RET-16556,ORD-549464,Late Delivery,0.0,Rejected
RET-16557,ORD-549536,Late Delivery,14027.91,Approved
RET-16558,ORD-549537,Damaged in Transit,16964.92,Approved
RET-16559,ORD-549538,Late Delivery,18219.68,Approved
RET-16560,ORD-549540,Size Issue,22473.02,Approved
RET-16561,ORD-549551,Damaged in Transit,6684.68,Approved
RET-16562,ORD-549567,Late Delivery,30344.2,Approved
RET-16563,ORD-549574,Wrong Item,0.0,Rejected
RET-16564,ORD-549575,Size Issue,0.0,Rejected
RET-16565,ORD-549581,,0.0,Rejected
RET-16566,ORD-549583,Damaged in Transit,38016.4,Approved
RET-16567,ORD-549588,Damaged in Transit,9061.29,Approved
RET-16568,ORD-549594,Customer Dissatisfaction,18725.36,Approved
RET-16569,ORD-549598,Wrong Item,26344.29,Approved
RET-16570,ORD-549599,Damaged in Transit,18211.04,Approved
RET-16571,ORD-549611,Defective Product,1954.64,Pending
RET-16572,ORD-549614,Size Issue,60674.21,Approved
RET-16573,ORD-549639,Wrong Item,18017.18,Pending
RET-16574,ORD-549641,Customer Dissatisfaction,5435.15,Approved
RET-16575,ORD-549647,Damaged in Transit,193886.58,Approved
RET-16576,ORD-549657,Customer Dissatisfaction,0.0,Rejected
RET-16577,ORD-549668,Damaged in Transit,17174.56,Approved
RET-16578,ORD-549672,Wrong Item,44610.5,Pending
RET-16579,ORD-549693,Customer Dissatisfaction,15023.28,Approved
RET-16580,ORD-549708,Size Issue,100544.13,Approved
RET-16581,ORD-549710,Damaged in Transit,0.0,Rejected
RET-16582,ORD-549720,Damaged in Transit,23383.16,Approved
RET-16583,ORD-549734,Size Issue,97334.34,Approved
RET-16584,ORD-549741,Defective Product,9604.08,Approved
RET-16585,ORD-549748,Defective Product,1714.69,Pending
RET-16586,ORD-549763,Wrong Item,123264.71,Pending
RET-16587,ORD-549772,Customer Dissatisfaction,6513.16,Approved
RET-16588,ORD-549789,Late Delivery,29616.4,Approved
RET-16589,ORD-549796,Late Delivery,160794.08,Approved
RET-16590,ORD-549801,Wrong Item,55044.27,Pending
RET-16591,ORD-549804,Defective Product,6781.21,Pending
RET-16592,ORD-549810,Customer Dissatisfaction,100416.33,Approved
RET-16593,ORD-549817,Late Delivery,216280.22,Approved
RET-16594,ORD-549829,Late Delivery,103271.51,Approved
RET-16595,ORD-549833,Defective Product,0.0,Rejected
RET-16596,ORD-549834,Defective Product,89503.12,Approved
RET-16597,ORD-549838,Damaged in Transit,9393.12,Approved
RET-16598,ORD-549845,Customer Dissatisfaction,0.0,Rejected
RET-16599,ORD-549849,Damaged in Transit,24493.19,Approved
RET-16600,ORD-549854,Size Issue,3221.7,Approved
RET-16601,ORD-549856,Late Delivery,713.45,Approved
RET-16602,ORD-549858,Defective Product,18766.44,Approved
RET-16603,ORD-549871,Wrong Item,46094.37,Approved
RET-16604,ORD-549877,Customer Dissatisfaction,41836.24,Approved
RET-16605,ORD-549892,Customer Dissatisfaction,75215.09,Approved
RET-16606,ORD-549907,Size Issue,10143.29,Approved
RET-16607,ORD-549915,Damaged in Transit,163110.29,Approved
RET-16608,ORD-549929,Defective Product,4656.46,Approved
RET-16609,ORD-549932,Late Delivery,30569.78,Approved
RET-16610,ORD-549941,Defective Product,2886.14,Approved
RET-16611,ORD-549952,Defective Product,58457.99,Pending
RET-16612,ORD-549959,Late Delivery,16028.43,Pending
RET-16613,ORD-549961,Size Issue,586.12,Pending
RET-16614,ORD-549962,Defective Product,1120.33,Pending
RET-16615,ORD-549963,Defective Product,10486.51,Pending
RET-16616,ORD-549964,Customer Dissatisfaction,108351.47,Approved
RET-16617,ORD-549993,Customer Dissatisfaction,5737.02,Approved
RET-16618,ORD-549994,Late Delivery,9750.34,Approved
RET-16619,ORD-549998,,4767.68,Approved
RET-16620,ORD-500200,Customer Dissatisfaction,8368.34,Approved
RET-16621,ORD-539490,Size Issue,4473.35,Approved
RET-16622,ORD-538696,Size Issue,22251.59,Approved
RET-16623,ORD-512610,Wrong Item,6109.68,Approved
RET-16624,ORD-506114,Defective Product,62444.33,Approved
RET-16625,ORD-537238,Damaged in Transit,80276.35,Approved
RET-16626,ORD-541253,Defective Product,115527.27,Approved
RET-16627,ORD-514645,Late Delivery,14047.37,Approved
RET-14553,ORD-534751,Customer Dissatisfaction,0.0,Rejected
RET-14444,ORD-533912,Wrong Item,2406.84,Approved
RET-13911,ORD-529638,Customer Dissatisfaction,222673.34,Approved
RET-14729,ORD-536053,Wrong Item,1929.34,Approved
RET-14491,ORD-534256,Size Issue,1861.15,Approved
RET-11537,ORD-511708,Customer Dissatisfaction,0.0,Rejected
RET-15543,ORD-542175,Customer Dissatisfaction,0.0,Rejected
RET-11941,ORD-514412,Customer Dissatisfaction,5740.9,Approved
RET-15641,ORD-542826,Wrong Item,41141.53,Approved
RET-12399,ORD-517892,Defective Product,775.81,Approved
